{"type":"FeatureCollection","features":[{"type":"Feature","id":"relation/3340371","geometry":{"type":"Polygon","coordinates":[[[-73.9947617,40.7285683],[-73.9950193,40.7286935],[-73.9950386,40.7287029],[-73.9954449,40.7282194],[-73.9951252,40.7280639],[-73.9951303,40.7280578],[-73.9948384,40.7279158],[-73.9945852,40.728217],[-73.9945677,40.7282085],[-73.9944004,40.7284077],[-73.9947527,40.728579],[-73.9947617,40.7285683]],[[-73.9948673,40.7283479],[-73.9949518,40.7283906],[-73.9950898,40.7284603],[-73.9949997,40.7285635],[-73.9948349,40.7284802],[-73.9948895,40.7284177],[-73.9948318,40.7283886],[-73.9948673,40.7283479]]]},"properties":{"building":"apartments","height":"67.3","name":"Merchants Building","id":"relation/3340371"}},{"type":"Feature","id":"relation/3340481","geometry":{"type":"Polygon","coordinates":[[[-73.995507,40.7319931],[-73.9952032,40.7324058],[-73.9951774,40.7324407],[-73.9953496,40.7325141],[-73.9953626,40.7324964],[-73.9954892,40.7325504],[-73.9954974,40.7325392],[-73.9955542,40.7325633],[-73.995543,40.7325785],[-73.9955814,40.7325949],[-73.9955729,40.7326065],[-73.9956807,40.7326525],[-73.9956897,40.7326404],[-73.9957969,40.7326861],[-73.9957933,40.7326911],[-73.9958148,40.7327003],[-73.9959164,40.7325623],[-73.995813,40.7325183],[-73.9959285,40.7323615],[-73.9960303,40.7324049],[-73.9961331,40.7322652],[-73.9961104,40.7322555],[-73.9961048,40.7322631],[-73.9959954,40.7322165],[-73.9960045,40.7322041],[-73.995898,40.7321587],[-73.9958877,40.7321728],[-73.9957935,40.7321326],[-73.9957912,40.7321358],[-73.9956382,40.7320706],[-73.9956504,40.7320542],[-73.9956142,40.7320387],[-73.9955426,40.7320082],[-73.995507,40.7319931]],[[-73.9957357,40.7323175],[-73.9956612,40.7324168],[-73.9955569,40.7323715],[-73.9956371,40.7322645],[-73.9956609,40.7322749],[-73.9956551,40.7322826],[-73.9957357,40.7323175]]]},"properties":{"building":"apartments","height":"55.8","name":"Brevoort Apartments","id":"relation/3340481"}},{"type":"Feature","id":"relation/3343754","geometry":{"type":"Polygon","coordinates":[[[-73.9984245,40.7325627],[-73.9985278,40.7326133],[-73.9985299,40.7326143],[-73.9985625,40.7325758],[-73.9986065,40.7325973],[-73.9985927,40.7326136],[-73.9986207,40.7326273],[-73.9986037,40.7326473],[-73.998635,40.7326626],[-73.9986484,40.7326468],[-73.9987039,40.732674],[-73.9987362,40.7326357],[-73.9987202,40.7326279],[-73.9988349,40.7324923],[-73.998851,40.7325002],[-73.9988928,40.7324508],[-73.9986288,40.7323215],[-73.9984245,40.7325627]],[[-73.9986797,40.7324373],[-73.9986989,40.7324467],[-73.998682,40.7324666],[-73.9986629,40.7324572],[-73.9986797,40.7324373]],[[-73.9986328,40.7324928],[-73.9986555,40.7325039],[-73.9986277,40.7325367],[-73.998605,40.7325256],[-73.9986078,40.7325223],[-73.9985711,40.7325043],[-73.9985951,40.7324759],[-73.9986318,40.7324939],[-73.9986328,40.7324928]]]},"properties":{"addr:housenumber":"103","addr:street":"Waverly Place","building":"hotel","height":"31.9","name":"Washington Square Hotel","id":"relation/3343754"}},{"type":"Feature","id":"relation/3343762","geometry":{"type":"Polygon","coordinates":[[[-73.9991367,40.7306992],[-73.9994499,40.7308529],[-73.9994422,40.730862],[-73.9995774,40.7309283],[-73.9999809,40.7304525],[-73.9993965,40.7301657],[-73.9989942,40.73064],[-73.9991302,40.7307068],[-73.9991367,40.7306992]],[[-73.9993348,40.7305335],[-73.9993627,40.7305472],[-73.9995663,40.7306471],[-73.9994304,40.7308074],[-73.9991989,40.7306937],[-73.9993348,40.7305335]]]},"properties":{"addr:housenumber":"40","addr:street":"Washington Square South","building":"university","building:levels":"6","height":"24.1","name":"Vanderbilt Hall","roof:shape":"hipped","id":"relation/3343762"}},{"type":"Feature","id":"relation/3357408","geometry":{"type":"Polygon","coordinates":[[[-74.0009233,40.7326118],[-74.0008083,40.7327719],[-74.0007889,40.732799],[-74.0008129,40.7328109],[-74.0007733,40.7328572],[-74.0008946,40.7329172],[-74.0009508,40.7328514],[-74.0010829,40.7326969],[-74.0010866,40.7326925],[-74.0009233,40.7326118]],[[-74.0009186,40.7327066],[-74.0009777,40.7327369],[-74.0009372,40.7327827],[-74.0008781,40.7327524],[-74.0009186,40.7327066]]]},"properties":{"addr:housenumber":"111","addr:street":"West Washington Place","building":"school","building:levels":"5","height":"30.1","roof:levels":"0","id":"relation/3357408"}},{"type":"Feature","id":"way/22899302","geometry":{"type":"Polygon","coordinates":[[[-73.9965594,40.729649],[-73.9961631,40.7301117],[-73.9960879,40.730201],[-73.9956814,40.7306743],[-73.9956708,40.7306882],[-73.995669,40.7306926],[-73.995666,40.7306999],[-73.9956656,40.7307113],[-73.9956733,40.7307221],[-73.9956907,40.7307352],[-73.9969084,40.7313308],[-73.9969375,40.7313443],[-73.9971013,40.7314233],[-73.9977524,40.7317424],[-73.9985538,40.732134],[-73.9985667,40.7321401],[-73.9985827,40.7321448],[-73.9986005,40.7321463],[-73.998616,40.7321423],[-73.9986285,40.7321356],[-73.9986368,40.7321262],[-73.9990348,40.7316563],[-73.9991151,40.731561],[-73.9995,40.7311129],[-73.999512,40.7310982],[-73.9995164,40.7310906],[-73.999518,40.731086],[-73.9995207,40.7310732],[-73.9995149,40.7310616],[-73.9995125,40.7310599],[-73.9995048,40.7310543],[-73.9994859,40.731045],[-73.9988773,40.730746],[-73.9987536,40.7306852],[-73.998105,40.7303665],[-73.9979786,40.7303043],[-73.997436,40.7300377],[-73.9972229,40.729933],[-73.9966186,40.729636],[-73.9966028,40.7296321],[-73.9965971,40.7296307],[-73.9965832,40.7296307],[-73.9965717,40.7296361],[-73.9965667,40.7296414],[-73.9965594,40.729649]]]},"properties":{"leisure":"park","name":"Washington Square Park","id":"way/22899302"}},{"type":"Feature","id":"way/155075464","geometry":{"type":"Polygon","coordinates":[[[-73.9982422,40.7296005],[-73.9982456,40.7295965],[-73.9979512,40.729452],[-73.9976775,40.7297748],[-73.9975567,40.7299137],[-73.9975836,40.7299271],[-73.9975692,40.729944],[-73.9978645,40.7300991],[-73.9978825,40.7300768],[-73.997922,40.7300928],[-73.9979911,40.7300127],[-73.9979737,40.7300026],[-73.9980585,40.7298981],[-73.9980842,40.7299072],[-73.9981385,40.7298479],[-73.998067,40.7298133],[-73.9982422,40.7296005]]]},"properties":{"addr:housenumber":"60","addr:street":"Washington Square South","building":"university","building:levels":"10","height":"50.0","name":"Helen and Martin Kimmel Center for University Life","roof:shape":"flat","id":"way/155075464"}},{"type":"Feature","id":"way/247842669","geometry":{"type":"Polygon","coordinates":[[[-73.9941602,40.7287267],[-73.9941328,40.7287594],[-73.9944005,40.7288893],[-73.9943887,40.7289033],[-73.9944399,40.7289282],[-73.9944794,40.7288811],[-73.994584,40.7289318],[-73.9945812,40.7289352],[-73.9947629,40.7290234],[-73.9947402,40.7289388],[-73.9948349,40.7289293],[-73.9948783,40.7288776],[-73.9947952,40.7287827],[-73.9946965,40.7287819],[-73.9946779,40.7287227],[-73.9943134,40.7285459],[-73.9941801,40.7287049],[-73.9942095,40.7287191],[-73.9941908,40.7287415],[-73.9941602,40.7287267]]]},"properties":{"addr:housenumber":"1","addr:street":"West 4th Street","building":"church","height":"22.9","name":"Hebrew Union College - Jewish Institute of Religion","id":"way/247842669"}},{"type":"Feature","id":"way/247842670","geometry":{"type":"Polygon","coordinates":[[[-73.9939212,40.7295106],[-73.993627,40.7293659],[-73.993453,40.7295707],[-73.9936391,40.7296622],[-73.9940472,40.7298629],[-73.9942222,40.7296571],[-73.9940726,40.7295835],[-73.9940486,40.7296117],[-73.9938982,40.7295377],[-73.9939212,40.7295106]]]},"properties":{"building":"university","height":"58.4","name":"Tisch School of the Arts","id":"way/247842670"}},{"type":"Feature","id":"way/247842671","geometry":{"type":"Polygon","coordinates":[[[-73.993627,40.7293659],[-73.9939212,40.7295106],[-73.9939463,40.7294811],[-73.9940209,40.7295178],[-73.9940215,40.729538],[-73.9940708,40.7295622],[-73.9940827,40.7295482],[-73.9940917,40.7295526],[-73.9942445,40.7293728],[-73.9938049,40.7291566],[-73.993627,40.7293659]]]},"properties":{"building":"university","height":"56.6","name":"Gallatin School of Individualized Study","id":"way/247842671"}},{"type":"Feature","id":"way/247842672","geometry":{"type":"Polygon","coordinates":[[[-73.9943486,40.729],[-73.9943318,40.72902],[-73.9946402,40.7291697],[-73.9947629,40.7290234],[-73.9945812,40.7289352],[-73.994584,40.7289318],[-73.9944794,40.7288811],[-73.9944399,40.7289282],[-73.9943887,40.7289033],[-73.9944005,40.7288893],[-73.9941328,40.7287594],[-73.9941287,40.7287574],[-73.9940347,40.7288695],[-73.9941479,40.7289245],[-73.994154,40.7289173],[-73.9942042,40.7289417],[-73.9942112,40.7289334],[-73.9943486,40.729]]]},"properties":{"addr:housenumber":"699","addr:street":"Broadway","building":"university","height":"44.4","name":"Department of Psychology","id":"way/247842672"}},{"type":"Feature","id":"way/247842674","geometry":{"type":"Polygon","coordinates":[[[-73.9943318,40.72902],[-73.9942146,40.7291082],[-73.9942269,40.7291451],[-73.9945504,40.7293021],[-73.9946553,40.729177],[-73.9946402,40.7291697],[-73.9943318,40.72902]]]},"properties":{"building":"university","height":"46.7","name":"Center for Neural Science","id":"way/247842674"}},{"type":"Feature","id":"way/247842675","geometry":{"type":"Polygon","coordinates":[[[-73.9940675,40.729581],[-73.9940726,40.7295835],[-73.9942222,40.7296571],[-73.9943991,40.7294489],[-73.9942445,40.7293728],[-73.9940917,40.7295526],[-73.9940675,40.729581]]]},"properties":{"building":"university","height":"24.1","name":"NYU Department of Philosophy","id":"way/247842675"}},{"type":"Feature","id":"way/247842677","geometry":{"type":"Polygon","coordinates":[[[-73.9941479,40.7289245],[-73.9940347,40.7288695],[-73.993937,40.728986],[-73.9942146,40.7291082],[-73.9943318,40.72902],[-73.9943486,40.729],[-73.9942112,40.7289334],[-73.9942042,40.7289417],[-73.994154,40.7289173],[-73.9941479,40.7289245]]]},"properties":{"addr:housenumber":"2","addr:street":"Washington Place","building":"university","height":"50.0","name":"Andre and Bella Meyer Hall of Physics","id":"way/247842677"}},{"type":"Feature","id":"way/247842935","geometry":{"type":"Polygon","coordinates":[[[-73.9944726,40.7279623],[-73.9940694,40.7277644],[-73.9939897,40.7278577],[-73.9943928,40.7280556],[-73.9944726,40.7279623]]]},"properties":{"addr:housenumber":"686","addr:street":"Broadway","building":"yes","height":"14.9","name":"Great Jones Distilling Co","id":"way/247842935"}},{"type":"Feature","id":"way/247842941","geometry":{"type":"Polygon","coordinates":[[[-73.9955472,40.7274417],[-73.9954008,40.72737],[-73.9953669,40.72741],[-73.9953471,40.7274003],[-73.9951425,40.7276418],[-73.9951558,40.7276483],[-73.9951374,40.7276701],[-73.9951241,40.7276635],[-73.995059,40.7277404],[-73.9951612,40.7277905],[-73.9951227,40.7278359],[-73.995546,40.7280434],[-73.9956006,40.727979],[-73.9955904,40.727974],[-73.9956012,40.7279613],[-73.9956414,40.727981],[-73.9956888,40.727925],[-73.995615,40.7278888],[-73.9956116,40.7278928],[-73.9955842,40.7278794],[-73.9955965,40.7278649],[-73.9953185,40.7277286],[-73.9953417,40.7277012],[-73.9953512,40.7277059],[-73.9953753,40.7276774],[-73.9953976,40.7276511],[-73.995378,40.7276414],[-73.9955472,40.7274417]]]},"properties":{"building":"dormitory","height":"55.4","name":"Hayden Residence Hall","id":"way/247842941"}},{"type":"Feature","id":"way/247842949","geometry":{"type":"Polygon","coordinates":[[[-73.9940694,40.7277644],[-73.9944726,40.7279623],[-73.9945602,40.7278597],[-73.9941571,40.7276618],[-73.9940694,40.7277644]]]},"properties":{"building":"yes","height":"45.8","id":"way/247842949"}},{"type":"Feature","id":"way/247842957","geometry":{"type":"Polygon","coordinates":[[[-73.9937296,40.7278158],[-73.9935017,40.727704],[-73.9933576,40.7278725],[-73.994197,40.7282846],[-73.994285,40.7281817],[-73.9938819,40.7279838],[-73.9938278,40.7279572],[-73.993737,40.7279126],[-73.9936735,40.7278814],[-73.9937296,40.7278158]]]},"properties":{"addr:housenumber":"14","addr:street":"West 4th Street","building":"university","height":"50.5","name":"NYU Shanghai","id":"way/247842957"}},{"type":"Feature","id":"way/247848688","geometry":{"type":"Polygon","coordinates":[[[-73.999986,40.7278128],[-73.9999871,40.7278228],[-74.0000492,40.7278532],[-74.0000982,40.7277951],[-74.0000414,40.7277673],[-74.0000258,40.7277669],[-73.9999663,40.7277377],[-73.9999601,40.7277451],[-73.9999256,40.7277282],[-73.9999304,40.7277226],[-73.9999008,40.7277081],[-73.9998973,40.7276947],[-73.9998356,40.7276645],[-73.9997853,40.727724],[-73.9998443,40.7277528],[-73.9998631,40.7277509],[-73.9998932,40.7277656],[-73.9999016,40.7277557],[-73.9999354,40.7277722],[-73.9999259,40.7277834],[-73.999986,40.7278128]]]},"properties":{"addr:housenumber":"176","addr:street":"Thompson Street","building":"yes","height":"20.8","id":"way/247848688"}},{"type":"Feature","id":"way/247848689","geometry":{"type":"Polygon","coordinates":[[[-73.9999397,40.727879],[-73.9999862,40.7279018],[-74.0000017,40.7279094],[-74.0000492,40.7278532],[-73.9999871,40.7278228],[-73.9999744,40.7278253],[-73.999915,40.7277962],[-73.9999101,40.727802],[-73.9998728,40.7277837],[-73.9998758,40.7277802],[-73.9998482,40.7277666],[-73.9998443,40.7277528],[-73.9997853,40.727724],[-73.9997378,40.7277802],[-73.9997464,40.7277844],[-73.9997944,40.7278079],[-73.9998107,40.7278083],[-73.99984,40.7278227],[-73.9998486,40.7278125],[-73.9998558,40.727816],[-73.9998573,40.7278142],[-73.9998865,40.7278285],[-73.9998768,40.72784],[-73.9999447,40.7278732],[-73.9999397,40.727879]]]},"properties":{"addr:housenumber":"178","addr:street":"Thompson Street","building":"yes","height":"22.7","id":"way/247848689"}},{"type":"Feature","id":"way/247848690","geometry":{"type":"Polygon","coordinates":[[[-73.9996482,40.7279007],[-73.9996778,40.7279151],[-73.9998881,40.7280179],[-73.9999862,40.7279018],[-73.9999397,40.727879],[-73.9997944,40.7278079],[-73.9997464,40.7277844],[-73.9996482,40.7279007]]]},"properties":{"addr:housenumber":"180","addr:street":"Thompson Street","building":"yes","height":"21.7","id":"way/247848690"}},{"type":"Feature","id":"way/247848697","geometry":{"type":"Polygon","coordinates":[[[-73.9994737,40.7276531],[-73.999427,40.7277084],[-73.9996318,40.7278085],[-73.9996785,40.7277532],[-73.9994737,40.7276531]]]},"properties":{"addr:housenumber":"506","addr:street":"La Guardia Place","building":"yes","height":"20.0","id":"way/247848697"}},{"type":"Feature","id":"way/247848698","geometry":{"type":"Polygon","coordinates":[[[-73.9993772,40.7277673],[-73.9994447,40.7278003],[-73.9995212,40.7278377],[-73.999582,40.7278675],[-73.9996318,40.7278085],[-73.999427,40.7277084],[-73.9993772,40.7277673]]]},"properties":{"addr:housenumber":"508","addr:street":"La Guardia Place","building":"yes","height":"20.0","id":"way/247848698"}},{"type":"Feature","id":"way/247848718","geometry":{"type":"Polygon","coordinates":[[[-73.9994856,40.7280121],[-73.9993573,40.728164],[-73.9993781,40.7281742],[-73.9993816,40.7281894],[-73.999401,40.7281989],[-73.9994163,40.7281929],[-73.9994518,40.7282103],[-73.999454,40.7282247],[-73.9994741,40.7282345],[-73.9994928,40.7282303],[-73.9995301,40.7282485],[-73.9995303,40.728262],[-73.9995521,40.7282727],[-73.9995681,40.7282671],[-73.999661,40.7283126],[-73.9997051,40.7282604],[-73.9997236,40.7282588],[-73.9997377,40.728242],[-73.9997299,40.728231],[-73.9997577,40.7281981],[-73.999775,40.7281957],[-73.9997887,40.7281795],[-73.9997831,40.728168],[-73.9998074,40.7281393],[-73.9998249,40.7281387],[-73.9998382,40.728123],[-73.9998321,40.7281101],[-73.9998613,40.7280755],[-73.999877,40.7280747],[-73.9998924,40.7280565],[-73.9998855,40.7280468],[-73.9999036,40.7280255],[-73.9998881,40.7280179],[-73.9996778,40.7279151],[-73.9996664,40.7279286],[-73.9996495,40.7279297],[-73.9996344,40.7279477],[-73.9996411,40.7279585],[-73.9996151,40.7279893],[-73.9995981,40.7279905],[-73.9995835,40.7280079],[-73.9995885,40.7280208],[-73.999572,40.7280404],[-73.9995547,40.7280419],[-73.9995399,40.7280594],[-73.9995432,40.7280717],[-73.9995019,40.7280515],[-73.9995207,40.7280293],[-73.9994856,40.7280121]]]},"properties":{"building":"yes","height":"28.5","id":"way/247848718"}},{"type":"Feature","id":"way/247848723","geometry":{"type":"Polygon","coordinates":[[[-73.9994447,40.7278003],[-73.9993772,40.7277673],[-73.9991468,40.72804],[-73.9991501,40.7280627],[-73.9992016,40.7280879],[-73.9994015,40.7278513],[-73.9994447,40.7278003]]]},"properties":{"building":"apartments","height":"22.7","id":"way/247848723"}},{"type":"Feature","id":"way/247848727","geometry":{"type":"Polygon","coordinates":[[[-73.9985009,40.727678],[-73.998807,40.7278265],[-73.9990614,40.7275255],[-73.9986978,40.727349],[-73.9985515,40.7275222],[-73.998609,40.7275501],[-73.9985009,40.727678]]]},"properties":{"addr:housenumber":"130","addr:street":"Bleecker Street","building":"yes","height":"5.1","id":"way/247848727"}},{"type":"Feature","id":"way/247848730","geometry":{"type":"Polygon","coordinates":[[[-73.9994015,40.7278513],[-73.9992016,40.7280879],[-73.9993573,40.728164],[-73.9994856,40.7280121],[-73.9996003,40.7278764],[-73.999582,40.7278675],[-73.9995212,40.7278377],[-73.9994781,40.7278888],[-73.9994015,40.7278513]]]},"properties":{"building":"yes","height":"18.9","id":"way/247848730"}},{"type":"Feature","id":"way/247858016","geometry":{"type":"Polygon","coordinates":[[[-73.9952157,40.7314],[-73.9952704,40.7313273],[-73.9952005,40.7312979],[-73.9950882,40.7314379],[-73.9951647,40.7314701],[-73.9952157,40.7314]]]},"properties":{"building":"university","height":"8.1","name":"NYU - Deutsches Haus","id":"way/247858016"}},{"type":"Feature","id":"way/247858017","geometry":{"type":"Polygon","coordinates":[[[-73.995698,40.7317329],[-73.9956598,40.7317854],[-73.995612,40.7318511],[-73.9956902,40.731884],[-73.995739,40.7318168],[-73.9958321,40.731689],[-73.9957623,40.7316595],[-73.9957063,40.7317364],[-73.995698,40.7317329]]]},"properties":{"addr:housenumber":"10","addr:street":"East 8th Street","building":"yes","height":"16.2","id":"way/247858017"}},{"type":"Feature","id":"way/247858019","geometry":{"type":"Polygon","coordinates":[[[-73.9946272,40.7310401],[-73.9947075,40.7310793],[-73.9948014,40.7311252],[-73.995062,40.7308167],[-73.9950694,40.7308204],[-73.9951285,40.7307505],[-73.9950199,40.7306974],[-73.9949604,40.7307678],[-73.9949935,40.730784],[-73.9949485,40.7308373],[-73.9948431,40.7307914],[-73.9948283,40.7308112],[-73.994835,40.7308145],[-73.9948216,40.7308304],[-73.9948093,40.7308244],[-73.9946272,40.7310401]]]},"properties":{"addr:housenumber":"11 REAR","addr:street":"University Place","building":"university","height":"5.7","name":"Weinstein Dining facilities and Sidestein Market","id":"way/247858019"}},{"type":"Feature","id":"way/247858020","geometry":{"type":"Polygon","coordinates":[[[-73.9955023,40.7317168],[-73.9954539,40.7317833],[-73.995612,40.7318511],[-73.9956598,40.7317854],[-73.9956376,40.731776],[-73.9956756,40.7317237],[-73.9955619,40.7316759],[-73.9955252,40.7317264],[-73.9955023,40.7317168]]]},"properties":{"building":"yes","height":"16.9","id":"way/247858020"}},{"type":"Feature","id":"way/247858021","geometry":{"type":"Polygon","coordinates":[[[-73.9955109,40.7315677],[-73.9954519,40.7316488],[-73.9954263,40.7316839],[-73.9953774,40.731751],[-73.9954539,40.7317833],[-73.9955023,40.7317168],[-73.9955874,40.7315999],[-73.9955109,40.7315677]]]},"properties":{"addr:housenumber":"16","addr:street":"East 8th Street","building":"yes","height":"16.9","id":"way/247858021"}},{"type":"Feature","id":"way/247858022","geometry":{"type":"Polygon","coordinates":[[[-73.9952658,40.7316151],[-73.9952121,40.7316889],[-73.9952705,40.7317135],[-73.9952747,40.7317078],[-73.9953774,40.731751],[-73.9954263,40.7316839],[-73.995402,40.7316737],[-73.9954414,40.7316195],[-73.9953866,40.7315965],[-73.9953821,40.7316026],[-73.9953237,40.731578],[-73.9952894,40.7316251],[-73.9952658,40.7316151]]]},"properties":{"building":"yes","height":"19.0","id":"way/247858022"}},{"type":"Feature","id":"way/247858023","geometry":{"type":"Polygon","coordinates":[[[-73.995142,40.7314989],[-73.9950579,40.7316144],[-73.9951558,40.7316557],[-73.9951505,40.7316629],[-73.9952121,40.7316889],[-73.9952658,40.7316151],[-73.9952479,40.7316076],[-73.9952836,40.7315586],[-73.995142,40.7314989]]]},"properties":{"building":"yes","height":"16.6","id":"way/247858023"}},{"type":"Feature","id":"way/247858024","geometry":{"type":"Polygon","coordinates":[[[-73.9944705,40.7310042],[-73.9944597,40.731017],[-73.9945958,40.7310772],[-73.9946272,40.7310401],[-73.9948093,40.7308244],[-73.9948216,40.7308304],[-73.994835,40.7308145],[-73.9948283,40.7308112],[-73.9948431,40.7307914],[-73.9947442,40.7307461],[-73.9946949,40.7307251],[-73.9945349,40.7309192],[-73.9945221,40.7309347],[-73.9944974,40.7309637],[-73.9944762,40.7309883],[-73.994465,40.7310016],[-73.9944705,40.7310042]]]},"properties":{"building":"dormitory","building:levels":"9","height":"26.8","name":"Weinstein Hall","id":"way/247858024"}},{"type":"Feature","id":"way/247858025","geometry":{"type":"Polygon","coordinates":[[[-73.9941522,40.7307613],[-73.9941249,40.7307938],[-73.9940834,40.7308432],[-73.9941722,40.7308864],[-73.9942402,40.7309195],[-73.9942801,40.7308721],[-73.9943091,40.7308376],[-73.9942301,40.7307992],[-73.9941522,40.7307613]]]},"properties":{"addr:housenumber":"262","addr:street":"Greene Street","building":"yes","height":"16.5","id":"way/247858025"}},{"type":"Feature","id":"way/247858026","geometry":{"type":"Polygon","coordinates":[[[-73.995932,40.7318349],[-73.9958949,40.7318859],[-73.9958465,40.7319525],[-73.9959279,40.7319868],[-73.9959308,40.7319827],[-73.9960892,40.7317651],[-73.996032,40.731741],[-73.9959562,40.7318451],[-73.995932,40.7318349]]]},"properties":{"addr:housenumber":"4","addr:street":"East 8th Street","building":"yes","height":"16.5","id":"way/247858026"}},{"type":"Feature","id":"way/247858027","geometry":{"type":"Polygon","coordinates":[[[-73.9952704,40.7313273],[-73.9952157,40.7314],[-73.9952958,40.7314337],[-73.9953491,40.7313605],[-73.9952704,40.7313273]]]},"properties":{"addr:housenumber":"44","addr:street":"Washington Mews","building":"university","height":"8.1","name":"Africa House","id":"way/247858027"}},{"type":"Feature","id":"way/247858028","geometry":{"type":"Polygon","coordinates":[[[-73.9953491,40.7313605],[-73.9952958,40.7314337],[-73.995375,40.7314671],[-73.9954283,40.7313938],[-73.9953491,40.7313605]]]},"properties":{"addr:housenumber":"46","addr:street":"Washington Mews","building":"university","height":"8.4","id":"way/247858028"}},{"type":"Feature","id":"way/247858029","geometry":{"type":"Polygon","coordinates":[[[-73.9954283,40.7313938],[-73.995375,40.7314671],[-73.9954544,40.7315005],[-73.9955077,40.7314273],[-73.9954283,40.7313938]]]},"properties":{"addr:housenumber":"48","addr:street":"Washington Mews","building":"university","height":"8.5","id":"way/247858029"}},{"type":"Feature","id":"way/247858030","geometry":{"type":"Polygon","coordinates":[[[-73.995062,40.7308167],[-73.9948014,40.7311252],[-73.9949471,40.7311965],[-73.9952078,40.730888],[-73.9950694,40.7308204],[-73.995062,40.7308167]]]},"properties":{"addr:housenumber":"5","addr:street":"University Place","building":"dormitory","building:levels":"9","height":"25.6","name":"Weinstein Hall","id":"way/247858030"}},{"type":"Feature","id":"way/247858031","geometry":{"type":"Polygon","coordinates":[[[-73.9955077,40.7314273],[-73.9954544,40.7315005],[-73.9955328,40.7315336],[-73.9955364,40.7315288],[-73.9955862,40.7314603],[-73.9955077,40.7314273]]]},"properties":{"addr:housenumber":"50","addr:street":"Washington Mews","building":"university","height":"8.5","id":"way/247858031"}},{"type":"Feature","id":"way/247858032","geometry":{"type":"Polygon","coordinates":[[[-73.9955862,40.7314603],[-73.9955364,40.7315288],[-73.9956137,40.7315613],[-73.9956635,40.7314929],[-73.9955862,40.7314603]]]},"properties":{"addr:housenumber":"52","addr:street":"Washington Mews","building":"university","height":"7.2","id":"way/247858032"}},{"type":"Feature","id":"way/247858033","geometry":{"type":"Polygon","coordinates":[[[-73.9956635,40.7314929],[-73.9956137,40.7315613],[-73.9956096,40.7315669],[-73.9956916,40.7316014],[-73.9956937,40.7315985],[-73.9957455,40.7315274],[-73.9956635,40.7314929]]]},"properties":{"addr:housenumber":"54","addr:street":"Washington Mews","building":"university","height":"6.5","id":"way/247858033"}},{"type":"Feature","id":"way/247858034","geometry":{"type":"Polygon","coordinates":[[[-73.9957455,40.7315274],[-73.9956937,40.7315985],[-73.9957717,40.7316314],[-73.9958235,40.7315603],[-73.9957455,40.7315274]]]},"properties":{"addr:housenumber":"56","addr:street":"Washington Mews","building":"university","height":"7.1","id":"way/247858034"}},{"type":"Feature","id":"way/247858035","geometry":{"type":"Polygon","coordinates":[[[-73.9958235,40.7315603],[-73.9957717,40.7316314],[-73.9958504,40.7316645],[-73.9959021,40.7315934],[-73.9958235,40.7315603]]]},"properties":{"addr:housenumber":"58","addr:street":"Washington Mews","building":"university","height":"7.2","id":"way/247858035"}},{"type":"Feature","id":"way/247858036","geometry":{"type":"Polygon","coordinates":[[[-73.995739,40.7318168],[-73.9956902,40.731884],[-73.9956887,40.731886],[-73.9958465,40.7319525],[-73.9958949,40.7318859],[-73.9958726,40.7318765],[-73.9959087,40.7318269],[-73.9957978,40.7317802],[-73.9957636,40.7318272],[-73.995739,40.7318168]]]},"properties":{"building":"yes","height":"19.0","id":"way/247858036"}},{"type":"Feature","id":"way/247858037","geometry":{"type":"Polygon","coordinates":[[[-73.9959021,40.7315934],[-73.9958504,40.7316645],[-73.9959303,40.7316982],[-73.9959821,40.7316271],[-73.9959021,40.7315934]]]},"properties":{"addr:housenumber":"60","addr:street":"Washington Mews","building":"university","height":"6.7","id":"way/247858037"}},{"type":"Feature","id":"way/247858038","geometry":{"type":"Polygon","coordinates":[[[-73.9959821,40.7316271],[-73.9959303,40.7316982],[-73.9960076,40.7317308],[-73.9960594,40.7316597],[-73.9959821,40.7316271]]]},"properties":{"addr:housenumber":"62","addr:street":"Washington Mews","building":"university","height":"6.9","id":"way/247858038"}},{"type":"Feature","id":"way/247858039","geometry":{"type":"Polygon","coordinates":[[[-73.9960076,40.7317308],[-73.996032,40.731741],[-73.9960892,40.7317651],[-73.996141,40.731694],[-73.9960594,40.7316597],[-73.9960076,40.7317308]]]},"properties":{"addr:housenumber":"64","addr:street":"Washington Mews","building":"university","height":"6.5","id":"way/247858039"}},{"type":"Feature","id":"way/247858040","geometry":{"type":"Polygon","coordinates":[[[-73.9950694,40.7308204],[-73.9952078,40.730888],[-73.9953759,40.7307084],[-73.9949509,40.7305006],[-73.9947442,40.7307461],[-73.9948431,40.7307914],[-73.9949485,40.7308373],[-73.9949935,40.730784],[-73.9949604,40.7307678],[-73.9950199,40.7306974],[-73.9951285,40.7307505],[-73.9950694,40.7308204]]]},"properties":{"addr:housenumber":"1","addr:street":"University Place","building":"yes","height":"64.2","id":"way/247858040"}},{"type":"Feature","id":"way/247858041","geometry":{"type":"Polygon","coordinates":[[[-73.9939346,40.7304437],[-73.9938268,40.7303909],[-73.9937712,40.7304565],[-73.9936865,40.7305567],[-73.9936318,40.7306213],[-73.9937504,40.7306794],[-73.9937726,40.7306531],[-73.9939656,40.7307476],[-73.9940358,40.7306646],[-73.9942008,40.7307408],[-73.9943358,40.730809],[-73.9944359,40.7306902],[-73.9942837,40.730616],[-73.9942742,40.7306272],[-73.9941792,40.7305765],[-73.9940842,40.7305258],[-73.9940661,40.7305494],[-73.9939099,40.7304729],[-73.9939346,40.7304437]]]},"properties":{"building":"yes","height":"23.9","id":"way/247858041"}},{"type":"Feature","id":"way/247858042","geometry":{"type":"Polygon","coordinates":[[[-73.9939014,40.7310462],[-73.9938593,40.7310953],[-73.9940162,40.731173],[-73.9940563,40.7311262],[-73.9940438,40.7311201],[-73.9940659,40.7310943],[-73.9940777,40.7311002],[-73.9941295,40.7310396],[-73.9941169,40.7310334],[-73.9941379,40.7310089],[-73.9941498,40.7310148],[-73.9942043,40.7309511],[-73.9941317,40.7309151],[-73.9940475,40.7308734],[-73.9939754,40.7309577],[-73.9939591,40.7309664],[-73.9939398,40.7309889],[-73.9939198,40.7309839],[-73.9939048,40.7309764],[-73.993923,40.7309551],[-73.9939202,40.7309444],[-73.9939059,40.7309373],[-73.9939391,40.7308985],[-73.9938586,40.7308586],[-73.9937719,40.7308157],[-73.9937386,40.7308546],[-73.9937094,40.730849],[-73.9936895,40.7308723],[-73.9936535,40.7308544],[-73.9937428,40.7307501],[-73.9936564,40.7307073],[-73.9935873,40.7306731],[-73.9935328,40.7307367],[-73.9935466,40.7307435],[-73.9935233,40.7307707],[-73.9935096,40.7307639],[-73.9934591,40.7308228],[-73.9934729,40.7308296],[-73.9934491,40.7308574],[-73.9934346,40.7308503],[-73.9933966,40.7308946],[-73.9934746,40.7309332],[-73.9935534,40.7309723],[-73.9936025,40.7309149],[-73.9936268,40.7309269],[-73.9936362,40.730916],[-73.9936736,40.7309345],[-73.9936258,40.7309904],[-73.9937059,40.7310301],[-73.9937917,40.7310726],[-73.9938402,40.7310159],[-73.9939014,40.7310462]]]},"properties":{"building":"apartments","building:colour":"#A07751","building:levels":"6","building:material":"brick","height":"18","roof:colour":"#A8A89C","roof:material":"concrete","roof:shape":"flat","id":"way/247858042"}},{"type":"Feature","id":"way/247858044","geometry":{"type":"Polygon","coordinates":[[[-73.9946489,40.7307013],[-73.9946523,40.7307033],[-73.9946949,40.7307251],[-73.9947442,40.7307461],[-73.9949509,40.7305006],[-73.9948469,40.7304498],[-73.9946489,40.7307013]]]},"properties":{"building":"university","height":"36.0","name":"Rufus D. Smith Hall","id":"way/247858044"}},{"type":"Feature","id":"way/247858045","geometry":{"type":"Polygon","coordinates":[[[-73.9950579,40.7316144],[-73.995142,40.7314989],[-73.9951445,40.7314954],[-73.9950635,40.7314612],[-73.994968,40.7315766],[-73.9950579,40.7316144]]]},"properties":{"building":"university","height":"15.8","name":"Draper Interdisciplinary Graduate Program","id":"way/247858045"}},{"type":"Feature","id":"way/247858046","geometry":{"type":"Polygon","coordinates":[[[-73.996141,40.731694],[-73.9960892,40.7317651],[-73.9959308,40.7319827],[-73.9962431,40.7321143],[-73.9964407,40.7318429],[-73.9964311,40.7318163],[-73.996141,40.731694]]]},"properties":{"addr:housenumber":"1","addr:street":"Fifth Avenue","building":"yes","height":"85.2","id":"way/247858046"}},{"type":"Feature","id":"way/247858047","geometry":{"type":"Polygon","coordinates":[[[-73.9938268,40.7303909],[-73.9939346,40.7304437],[-73.9939549,40.7304536],[-73.9940285,40.7303666],[-73.9940714,40.7303876],[-73.9941728,40.7302679],[-73.9942546,40.7301713],[-73.9940836,40.7300875],[-73.9940299,40.7301509],[-73.9938885,40.730318],[-73.9938268,40.7303909]]]},"properties":{"addr:housenumber":"11","addr:street":"Waverly Place","building":"yes","height":"47.8","id":"way/247858047"}},{"type":"Feature","id":"way/247858048","geometry":{"type":"Polygon","coordinates":[[[-73.994704,40.7311267],[-73.9944939,40.7313755],[-73.9947168,40.7314845],[-73.994729,40.7314904],[-73.9949685,40.7312069],[-73.9949471,40.7311965],[-73.9948014,40.7311252],[-73.9947075,40.7310793],[-73.9946781,40.7311141],[-73.994704,40.7311267]]]},"properties":{"addr:housenumber":"13–19","addr:street":"University Place","building":"university","height":"29.8","name":"Languages and Literature Building","id":"way/247858048"}},{"type":"Feature","id":"way/247858049","geometry":{"type":"Polygon","coordinates":[[[-73.994368,40.7305165],[-73.9942837,40.730616],[-73.9944359,40.7306902],[-73.9946935,40.730386],[-73.9945448,40.7303134],[-73.9943854,40.7302354],[-73.9942546,40.7301713],[-73.9941728,40.7302679],[-73.9940714,40.7303876],[-73.9940187,40.73045],[-73.9941656,40.7305219],[-73.9942282,40.730448],[-73.9943067,40.7304864],[-73.994368,40.7305165]]]},"properties":{"building":"yes","height":"26.6","id":"way/247858049"}},{"type":"Feature","id":"way/247858050","geometry":{"type":"Polygon","coordinates":[[[-73.9946761,40.7311165],[-73.9945958,40.7310772],[-73.9944597,40.731017],[-73.9944009,40.7309884],[-73.9943983,40.7309913],[-73.9941755,40.7312428],[-73.9944525,40.7313624],[-73.9944909,40.731379],[-73.9944939,40.7313755],[-73.994704,40.7311267],[-73.9946781,40.7311141],[-73.9946761,40.7311165]]]},"properties":{"building":"university","height":"8.1","name":"Iris and B. Gerald Cantor Film Center","id":"way/247858050"}},{"type":"Feature","id":"way/247858173","geometry":{"type":"Polygon","coordinates":[[[-73.99385,40.7312954],[-73.9937282,40.7314629],[-73.9938103,40.7314974],[-73.9938393,40.7315096],[-73.9938754,40.7315369],[-73.9938871,40.7315285],[-73.9939173,40.7315544],[-73.9939307,40.7315457],[-73.9940154,40.7315813],[-73.9940191,40.7315761],[-73.9940356,40.7315831],[-73.9940305,40.7315902],[-73.994054,40.7316001],[-73.993972,40.7317129],[-73.993948,40.7317028],[-73.9939433,40.7317093],[-73.9939318,40.7317044],[-73.9939254,40.7316965],[-73.9938476,40.7316637],[-73.9938462,40.7316462],[-73.9938008,40.7316417],[-73.9938071,40.7316331],[-73.9937554,40.7316255],[-73.9937248,40.7316126],[-73.9936675,40.7316915],[-73.9936068,40.731775],[-73.9937819,40.7318486],[-73.9938453,40.7318753],[-73.9939896,40.731936],[-73.994053,40.7319626],[-73.9942437,40.7320428],[-73.994294,40.7319735],[-73.9942818,40.7319683],[-73.9943016,40.731941],[-73.9943237,40.7319503],[-73.9943731,40.7318819],[-73.9944582,40.7317641],[-73.9945029,40.731704],[-73.9944795,40.7316942],[-73.9945014,40.7316641],[-73.9945148,40.7316697],[-73.9945676,40.7315971],[-73.9943757,40.7315162],[-73.9943123,40.7314895],[-73.994168,40.7314289],[-73.9941046,40.7314023],[-73.99393,40.731329],[-73.99385,40.7312954]]]},"properties":{"building":"apartments","building:levels":"6","id":"way/247858173"}},{"type":"Feature","id":"way/247862757","geometry":{"type":"Polygon","coordinates":[[[-73.9944984,40.7331103],[-73.9944373,40.7331934],[-73.9945192,40.7332282],[-73.9945803,40.7331452],[-73.9944984,40.7331103]]]},"properties":{"addr:housenumber":"11","addr:street":"East 10th Street","building":"apartments","height":"11.1","id":"way/247862757"}},{"type":"Feature","id":"way/247862766","geometry":{"type":"Polygon","coordinates":[[[-73.9944198,40.7332171],[-73.9944373,40.7331934],[-73.9944984,40.7331103],[-73.9941922,40.73298],[-73.9941421,40.7330482],[-73.9942229,40.7330826],[-73.9941862,40.7331325],[-73.9941774,40.7331287],[-73.9941679,40.7331417],[-73.9940956,40.7331109],[-73.994047,40.7331769],[-73.9942789,40.7332756],[-73.9943039,40.7332416],[-73.9943295,40.7332068],[-73.9942857,40.7331881],[-73.9943063,40.73316],[-73.9943246,40.7331678],[-73.9943422,40.7331439],[-73.9943617,40.7331401],[-73.9944069,40.7331594],[-73.9944109,40.7331739],[-73.9943888,40.7332039],[-73.9944198,40.7332171]]]},"properties":{"addr:housenumber":"15","addr:street":"East 10th Street","building":"apartments","height":"21.0","id":"way/247862766"}},{"type":"Feature","id":"way/247862788","geometry":{"type":"Polygon","coordinates":[[[-73.9948103,40.7332431],[-73.994697,40.7333972],[-73.9947752,40.7334305],[-73.9948886,40.7332764],[-73.9948103,40.7332431]]]},"properties":{"addr:housenumber":"3","addr:street":"East 10th Street","building":"apartments","height":"18.8","id":"way/247862788"}},{"type":"Feature","id":"way/247862795","geometry":{"type":"Polygon","coordinates":[[[-73.9947337,40.7332105],[-73.9946203,40.7333646],[-73.994697,40.7333972],[-73.9948103,40.7332431],[-73.9947337,40.7332105]]]},"properties":{"addr:housenumber":"5","addr:street":"East 10th Street","building":"apartments","height":"18.3","id":"way/247862795"}},{"type":"Feature","id":"way/247862801","geometry":{"type":"Polygon","coordinates":[[[-73.9946522,40.7331758],[-73.9945009,40.7333813],[-73.9945629,40.7334077],[-73.9946008,40.7333563],[-73.9946203,40.7333646],[-73.9947337,40.7332105],[-73.9946522,40.7331758]]]},"properties":{"addr:housenumber":"7","addr:street":"East 10th Street","building":"university","height":"18","name":"NYU Edgar M Bronfman Center for Jewish Student Life","id":"way/247862801"}},{"type":"Feature","id":"way/247862809","geometry":{"type":"Polygon","coordinates":[[[-73.9943039,40.7332416],[-73.9942789,40.7332756],[-73.9942726,40.7332841],[-73.9945009,40.7333813],[-73.9946522,40.7331758],[-73.9945803,40.7331452],[-73.9945192,40.7332282],[-73.9944843,40.7332756],[-73.9944734,40.733271],[-73.9944622,40.7332863],[-73.9943955,40.7332579],[-73.9943039,40.7332416]]]},"properties":{"addr:housenumber":"9","addr:street":"East 10th Street","building":"apartments","height":"19.1","id":"way/247862809"}},{"type":"Feature","id":"way/247862827","geometry":{"type":"Polygon","coordinates":[[[-73.9949957,40.7335027],[-73.9949524,40.7335618],[-73.9951325,40.7336381],[-73.9952769,40.7334417],[-73.9948886,40.7332764],[-73.9947752,40.7334305],[-73.9947431,40.7334741],[-73.9948197,40.7335066],[-73.9948635,40.7334467],[-73.9949957,40.7335027]]]},"properties":{"addr:housenumber":"35","addr:street":"5th Avenue","building":"dormitory","height":"48.5","name":"Rubin Hall","id":"way/247862827"}},{"type":"Feature","id":"way/247863049","geometry":{"type":"Polygon","coordinates":[[[-73.9948551,40.7328908],[-73.9948521,40.7328949],[-73.9947519,40.7330325],[-73.9948286,40.7330649],[-73.9949147,40.7329467],[-73.9949318,40.7329232],[-73.9948551,40.7328908]]]},"properties":{"addr:housenumber":"10","addr:street":"East 10th Street","building":"apartments","height":"16.3","id":"way/247863049"}},{"type":"Feature","id":"way/247863050","geometry":{"type":"Polygon","coordinates":[[[-73.9949991,40.7325522],[-73.9949113,40.7326748],[-73.9948793,40.7327195],[-73.9949248,40.7327384],[-73.9949557,40.7326953],[-73.9949866,40.7327081],[-73.9950756,40.732584],[-73.9949991,40.7325522]]]},"properties":{"addr:housenumber":"11","addr:street":"East 9th Street","building":"apartments","height":"17.0","id":"way/247863050"}},{"type":"Feature","id":"way/247863052","geometry":{"type":"Polygon","coordinates":[[[-73.9947717,40.732861],[-73.9947564,40.7328819],[-73.9946714,40.7329986],[-73.9947519,40.7330325],[-73.9948521,40.7328949],[-73.9947717,40.732861]]]},"properties":{"addr:housenumber":"12","addr:street":"East 10th Street","building":"apartments","height":"16.8","id":"way/247863052"}},{"type":"Feature","id":"way/247863053","geometry":{"type":"Polygon","coordinates":[[[-73.9949163,40.7325179],[-73.9949133,40.732522],[-73.9948284,40.7326405],[-73.9949113,40.7326748],[-73.9949991,40.7325522],[-73.9949163,40.7325179]]]},"properties":{"addr:housenumber":"13","addr:street":"East 9th Street","building":"apartments","height":"17.6","id":"way/247863053"}},{"type":"Feature","id":"way/247863054","geometry":{"type":"Polygon","coordinates":[[[-73.9946757,40.7328479],[-73.9945907,40.7329646],[-73.9946714,40.7329986],[-73.9947564,40.7328819],[-73.9946757,40.7328479]]]},"properties":{"addr:housenumber":"14","addr:street":"East 10th Street","building":"apartments","height":"16.7","id":"way/247863054"}},{"type":"Feature","id":"way/247863056","geometry":{"type":"Polygon","coordinates":[[[-73.994834,40.7324891],[-73.994747,40.7326105],[-73.9947266,40.7326389],[-73.9947782,40.7326603],[-73.9948006,40.7326289],[-73.9948284,40.7326405],[-73.9949133,40.732522],[-73.994834,40.7324891]]]},"properties":{"addr:housenumber":"15","addr:street":"East 9th Street","building":"apartments","height":"17.0","id":"way/247863056"}},{"type":"Feature","id":"way/247863057","geometry":{"type":"Polygon","coordinates":[[[-73.9946323,40.732773],[-73.9945158,40.7329331],[-73.9945907,40.7329646],[-73.9946757,40.7328479],[-73.9947072,40.7328046],[-73.9946323,40.732773]]]},"properties":{"addr:housenumber":"16","addr:street":"East 10th Street","building":"apartments","height":"18.3","id":"way/247863057"}},{"type":"Feature","id":"way/247863059","geometry":{"type":"Polygon","coordinates":[[[-73.994758,40.7324576],[-73.994756,40.7324603],[-73.994671,40.7325789],[-73.994747,40.7326105],[-73.994834,40.7324891],[-73.994758,40.7324576]]]},"properties":{"addr:housenumber":"17","addr:street":"East 9th Street","building":"apartments","height":"17.1","id":"way/247863059"}},{"type":"Feature","id":"way/247863061","geometry":{"type":"Polygon","coordinates":[[[-73.9945507,40.7327386],[-73.9944342,40.7328986],[-73.9945158,40.7329331],[-73.9946323,40.732773],[-73.9945507,40.7327386]]]},"properties":{"addr:housenumber":"18","addr:street":"East 10th Street","building":"apartments","height":"17.8","id":"way/247863061"}},{"type":"Feature","id":"way/247863064","geometry":{"type":"Polygon","coordinates":[[[-73.9946725,40.7324256],[-73.9945875,40.7325443],[-73.994671,40.7325789],[-73.994756,40.7324603],[-73.9946725,40.7324256]]]},"properties":{"addr:housenumber":"19","addr:street":"East 9th Street","building":"apartments","height":"16.7","id":"way/247863064"}},{"type":"Feature","id":"way/247863066","geometry":{"type":"Polygon","coordinates":[[[-73.9944703,40.7327047],[-73.9944602,40.7327186],[-73.9943537,40.7328648],[-73.9944342,40.7328986],[-73.9945507,40.7327386],[-73.9944703,40.7327047]]]},"properties":{"addr:housenumber":"20","addr:street":"East 10th Street","building":"apartments","height":"17.5","id":"way/247863066"}},{"type":"Feature","id":"way/247863069","geometry":{"type":"Polygon","coordinates":[[[-73.9945782,40.7323865],[-73.9944614,40.7325495],[-73.9944405,40.7325786],[-73.9944843,40.7325968],[-73.9945337,40.7325279],[-73.9945842,40.7325489],[-73.9945875,40.7325443],[-73.9946725,40.7324256],[-73.9945782,40.7323865]]]},"properties":{"addr:housenumber":"21","addr:street":"East 9th Street","building":"apartments","height":"21.4","id":"way/247863069"}},{"type":"Feature","id":"way/247863070","geometry":{"type":"Polygon","coordinates":[[[-73.9943937,40.7326737],[-73.9943886,40.7326808],[-73.9942779,40.7328328],[-73.9943537,40.7328648],[-73.9944602,40.7327186],[-73.9944071,40.7326962],[-73.9944165,40.7326833],[-73.9943937,40.7326737]]]},"properties":{"addr:housenumber":"22","addr:street":"East 10th Street","building":"apartments","height":"17.5","id":"way/247863070"}},{"type":"Feature","id":"way/247863073","geometry":{"type":"Polygon","coordinates":[[[-73.9944614,40.7325495],[-73.9945782,40.7323865],[-73.9945072,40.732357],[-73.9943903,40.73252],[-73.9944614,40.7325495]]]},"properties":{"addr:housenumber":"23","addr:street":"East 9th Street","building":"apartments","height":"14.6","id":"way/247863073"}},{"type":"Feature","id":"way/247863075","geometry":{"type":"Polygon","coordinates":[[[-73.9942779,40.7328328],[-73.9943886,40.7326808],[-73.9943085,40.732647],[-73.9941978,40.732799],[-73.9942779,40.7328328]]]},"properties":{"addr:housenumber":"24","addr:street":"East 10th Street","building":"apartments","height":"16.3","id":"way/247863075"}},{"type":"Feature","id":"way/247863077","geometry":{"type":"Polygon","coordinates":[[[-73.9953723,40.7331269],[-73.9953903,40.7331345],[-73.995475,40.7331701],[-73.9955202,40.733108],[-73.9954047,40.7330593],[-73.9952446,40.732992],[-73.9951994,40.7330541],[-73.9953033,40.7330979],[-73.9953204,40.7330743],[-73.9953894,40.7331034],[-73.9953723,40.7331269]]]},"properties":{"addr:housenumber":"29","addr:street":"5th Avenue","building":"apartments","height":"22.3","id":"way/247863077"}},{"type":"Feature","id":"way/247863080","geometry":{"type":"Polygon","coordinates":[[[-73.9953124,40.7326869],[-73.995161,40.7328982],[-73.9952112,40.7329191],[-73.9952768,40.7328275],[-73.995302,40.732838],[-73.9953878,40.7327182],[-73.9953124,40.7326869]]]},"properties":{"addr:housenumber":"3","addr:street":"East 9th Street","building":"apartments","height":"17.5","id":"way/247863080"}},{"type":"Feature","id":"way/247863082","geometry":{"type":"Polygon","coordinates":[[[-73.9951109,40.7329643],[-73.9950929,40.7329891],[-73.9949886,40.7331323],[-73.9950634,40.7331638],[-73.9951858,40.7329959],[-73.9951109,40.7329643]]]},"properties":{"addr:housenumber":"4","addr:street":"East 10th Street","building":"apartments","height":"17.1","id":"way/247863082"}},{"type":"Feature","id":"way/247863085","geometry":{"type":"Polygon","coordinates":[[[-73.9952277,40.7326518],[-73.9950763,40.7328631],[-73.995161,40.7328982],[-73.9953124,40.7326869],[-73.9952277,40.7326518]]]},"properties":{"addr:housenumber":"5","addr:street":"East 9th Street","building":"apartments","height":"17.5","id":"way/247863085"}},{"type":"Feature","id":"way/247863087","geometry":{"type":"Polygon","coordinates":[[[-73.9951563,40.7326174],[-73.9950673,40.7327416],[-73.9950532,40.7327613],[-73.995083,40.7327737],[-73.9950597,40.7328062],[-73.9950319,40.7327947],[-73.9949949,40.7328463],[-73.9950669,40.7328762],[-73.9950763,40.7328631],[-73.9952277,40.7326518],[-73.9952303,40.7326481],[-73.9951563,40.7326174]]]},"properties":{"addr:housenumber":"7","addr:street":"East 9th Street","building":"apartments","height":"17.6","id":"way/247863087"}},{"type":"Feature","id":"way/247863091","geometry":{"type":"Polygon","coordinates":[[[-73.9949147,40.7329467],[-73.9948286,40.7330649],[-73.994908,40.7330983],[-73.9949918,40.7329833],[-73.9950017,40.7329697],[-73.9949309,40.7329398],[-73.9949232,40.7329503],[-73.9949147,40.7329467]]]},"properties":{"addr:housenumber":"8","addr:street":"East 10th Street","building":"apartments","height":"19.6","id":"way/247863091"}},{"type":"Feature","id":"way/247863093","geometry":{"type":"Polygon","coordinates":[[[-73.9950756,40.732584],[-73.9949866,40.7327081],[-73.9950673,40.7327416],[-73.9951563,40.7326174],[-73.9950756,40.732584]]]},"properties":{"addr:housenumber":"9","addr:street":"East 9th Street","building":"apartments","height":"18.0","id":"way/247863093"}},{"type":"Feature","id":"way/247863094","geometry":{"type":"Polygon","coordinates":[[[-73.9949918,40.7329833],[-73.994908,40.7330983],[-73.9949886,40.7331323],[-73.9950929,40.7329891],[-73.9950168,40.732957],[-73.9949963,40.7329852],[-73.9949918,40.7329833]]]},"properties":{"addr:housenumber":"6","addr:street":"East 10th Street","building":"apartments","height":"19.8","name":"The Lancaster","id":"way/247863094"}},{"type":"Feature","id":"way/247863095","geometry":{"type":"Polygon","coordinates":[[[-73.9954244,40.7330323],[-73.9954047,40.7330593],[-73.9955202,40.733108],[-73.9957049,40.732854],[-73.9954236,40.7327356],[-73.995356,40.7328286],[-73.9955236,40.7328992],[-73.9954883,40.7329478],[-73.9953524,40.7328906],[-73.9952904,40.7329758],[-73.9954244,40.7330323]]]},"properties":{"building":"apartments","height":"49.8","id":"way/247863095"}},{"type":"Feature","id":"way/247863097","geometry":{"type":"Polygon","coordinates":[[[-73.9952032,40.7324058],[-73.995507,40.7319931],[-73.9948482,40.7317124],[-73.9948234,40.7317416],[-73.9944793,40.7321464],[-73.9948426,40.7322724],[-73.9949252,40.7321593],[-73.9949365,40.7321439],[-73.9950378,40.732187],[-73.995027,40.7322018],[-73.9950488,40.7322111],[-73.9950217,40.7322477],[-73.9950095,40.7322644],[-73.9949967,40.7322817],[-73.9949852,40.7322974],[-73.9950115,40.7323087],[-73.9950029,40.7323204],[-73.9950199,40.7323276],[-73.9951169,40.732369],[-73.9952032,40.7324058]]]},"properties":{"building":"apartments","building:colour":"#60615C","building:levels":"1","building:part":"yes","roof:material":"concrete","roof:shape":"flat","id":"way/247863097"}},{"type":"Feature","id":"way/247863099","geometry":{"type":"Polygon","coordinates":[[[-73.9943575,40.7322811],[-73.9939877,40.7327133],[-73.9941685,40.7327872],[-73.9942548,40.7326652],[-73.9942301,40.732655],[-73.9943022,40.7325531],[-73.9942973,40.7325511],[-73.9943713,40.7324464],[-73.9943935,40.7324554],[-73.9944732,40.7323427],[-73.9944825,40.7323465],[-73.9944903,40.7323354],[-73.9943575,40.7322811]]]},"properties":{"building":"apartments","height":"40.0","id":"way/247863099"}},{"type":"Feature","id":"way/247863100","geometry":{"type":"Polygon","coordinates":[[[-73.995475,40.7331701],[-73.9953903,40.7331345],[-73.995363,40.733172],[-73.9952592,40.7331283],[-73.9952813,40.733098],[-73.9951882,40.7330588],[-73.995101,40.7331787],[-73.9953825,40.7332972],[-73.995475,40.7331701]]]},"properties":{"building":"apartments","height":"48.9","id":"way/247863100"}},{"type":"Feature","id":"way/248156546","geometry":{"type":"Polygon","coordinates":[[[-74.0008052,40.7275943],[-74.0006498,40.7277804],[-74.0006308,40.7278033],[-74.0007079,40.7278405],[-74.0008823,40.7276315],[-74.0008052,40.7275943]]]},"properties":{"addr:housenumber":"114","addr:street":"West Houston Street","building":"yes","height":"14.7","id":"way/248156546"}},{"type":"Feature","id":"way/248156547","geometry":{"type":"Polygon","coordinates":[[[-74.0008912,40.7276209],[-74.0008823,40.7276315],[-74.0007079,40.7278405],[-74.0008583,40.7279132],[-74.0008774,40.7278904],[-74.0010417,40.7276936],[-74.0008912,40.7276209]]]},"properties":{"addr:housenumber":"116","addr:street":"West Houston Street","building":"yes","height":"23.1","id":"way/248156547"}},{"type":"Feature","id":"way/248156548","geometry":{"type":"Polygon","coordinates":[[[-74.0010417,40.7276936],[-74.0008774,40.7278904],[-74.0009537,40.7279273],[-74.001118,40.7277305],[-74.0010417,40.7276936]]]},"properties":{"addr:housenumber":"124","addr:street":"West Houston Street","building":"yes","height":"26.4","id":"way/248156548"}},{"type":"Feature","id":"way/248156556","geometry":{"type":"Polygon","coordinates":[[[-74.0012016,40.7280273],[-74.0011639,40.728072],[-74.0013075,40.7281421],[-74.0013411,40.7281023],[-74.0013453,40.7280974],[-74.0013154,40.7280828],[-74.0012555,40.7280535],[-74.0012016,40.7280273]]]},"properties":{"addr:housenumber":"170","addr:street":"Sullivan Street","building":"yes","height":"14.2","id":"way/248156556"}},{"type":"Feature","id":"way/248156558","geometry":{"type":"Polygon","coordinates":[[[-74.0008776,40.7280125],[-74.0008866,40.7280254],[-74.0009533,40.7280576],[-74.0010003,40.7280013],[-74.0009274,40.727966],[-74.0009179,40.7279668],[-74.0008514,40.7279346],[-74.000836,40.727933],[-74.0008117,40.7279131],[-74.0007226,40.72787],[-74.0006824,40.7279182],[-74.0007455,40.7279486],[-74.0007598,40.7279476],[-74.0008021,40.7279681],[-74.0008094,40.7279795],[-74.0008776,40.7280125]]]},"properties":{"addr:housenumber":"171","addr:street":"Sullivan Street","building":"yes","height":"18.7","id":"way/248156558"}},{"type":"Feature","id":"way/248156560","geometry":{"type":"Polygon","coordinates":[[[-74.0003242,40.727784],[-74.0003946,40.727818],[-74.0004058,40.7278045],[-74.000597,40.7278969],[-74.0006404,40.7278449],[-74.0004509,40.7277533],[-74.0004649,40.7277365],[-74.0004592,40.7277338],[-74.0003929,40.7277017],[-74.0003242,40.727784]]]},"properties":{"addr:housenumber":"171","addr:street":"Thompson Street","building":"yes","height":"19.7","id":"way/248156560"}},{"type":"Feature","id":"way/248156562","geometry":{"type":"Polygon","coordinates":[[[-74.0007327,40.7286957],[-74.000642,40.7288031],[-74.0007082,40.7288354],[-74.0007988,40.728728],[-74.0007327,40.7286957]]]},"properties":{"addr:housenumber":"172","addr:street":"Bleecker Street","building":"yes","height":"18.5","id":"way/248156562"}},{"type":"Feature","id":"way/248156564","geometry":{"type":"Polygon","coordinates":[[[-74.0011639,40.728072],[-74.0011197,40.7281244],[-74.0012633,40.7281945],[-74.0013075,40.7281421],[-74.0011639,40.728072]]]},"properties":{"addr:housenumber":"172","addr:street":"Sullivan Street","building":"yes","height":"14.2","id":"way/248156564"}},{"type":"Feature","id":"way/248156566","geometry":{"type":"Polygon","coordinates":[[[-74.0006738,40.7280042],[-74.0008986,40.7281129],[-74.0009047,40.7281158],[-74.0009533,40.7280576],[-74.0008866,40.7280254],[-74.0007224,40.7279461],[-74.0006738,40.7280042]]]},"properties":{"addr:housenumber":"173","addr:street":"Sullivan Street","building":"yes","height":"18.1","id":"way/248156566"}},{"type":"Feature","id":"way/248156568","geometry":{"type":"Polygon","coordinates":[[[-74.0008588,40.728657],[-74.0007988,40.728728],[-74.0007082,40.7288354],[-74.0007749,40.728868],[-74.0008656,40.7287606],[-74.0009255,40.7286896],[-74.0008588,40.728657]]]},"properties":{"addr:housenumber":"174","addr:street":"Bleecker Street","building":"yes","height":"18.5","id":"way/248156568"}},{"type":"Feature","id":"way/248156570","geometry":{"type":"Polygon","coordinates":[[[-74.0011197,40.7281244],[-74.0010759,40.7281763],[-74.0012195,40.7282464],[-74.0012633,40.7281945],[-74.0011197,40.7281244]]]},"properties":{"addr:housenumber":"174","addr:street":"Sullivan Street","building":"yes","height":"14.2","id":"way/248156570"}},{"type":"Feature","id":"way/248156572","geometry":{"type":"Polygon","coordinates":[[[-74.0005035,40.7280831],[-74.000637,40.7281476],[-74.0007881,40.7282207],[-74.0008027,40.7282277],[-74.0008986,40.7281129],[-74.0006738,40.7280042],[-74.0005994,40.7279683],[-74.0005035,40.7280831]]]},"properties":{"addr:housenumber":"175","addr:street":"Sullivan Street","building":"yes","height":"28.3","id":"way/248156572"}},{"type":"Feature","id":"way/248156574","geometry":{"type":"Polygon","coordinates":[[[-74.0002502,40.7278725],[-74.0003229,40.7279076],[-74.0003392,40.7278881],[-74.0005281,40.7279794],[-74.0005704,40.7279287],[-74.0003793,40.7278363],[-74.0003946,40.727818],[-74.0003242,40.727784],[-74.0002502,40.7278725]]]},"properties":{"addr:housenumber":"175","addr:street":"Thompson Street","building":"yes","height":"19.4","id":"way/248156574"}},{"type":"Feature","id":"way/248156576","geometry":{"type":"Polygon","coordinates":[[[-74.0008656,40.7287606],[-74.0007749,40.728868],[-74.0008423,40.728901],[-74.0009327,40.7287933],[-74.0008656,40.7287606]]]},"properties":{"addr:housenumber":"176","addr:street":"Bleecker Street","building":"apartments","building:flats":"8","building:levels":"5","name":"176 Bleecker","id":"way/248156576"}},{"type":"Feature","id":"way/248156578","geometry":{"type":"Polygon","coordinates":[[[-74.0010759,40.7281763],[-74.001033,40.7282271],[-74.0011766,40.7282973],[-74.0012195,40.7282464],[-74.0010759,40.7281763]]]},"properties":{"addr:housenumber":"176","addr:street":"Sullivan Street","building":"yes","height":"14.2","id":"way/248156578"}},{"type":"Feature","id":"way/248156580","geometry":{"type":"Polygon","coordinates":[[[-74.0003422,40.7280217],[-74.0004055,40.7280524],[-74.0004123,40.7280443],[-74.0004306,40.7280462],[-74.0004603,40.7280606],[-74.000499,40.7280142],[-74.0003261,40.7279307],[-74.0003157,40.7279163],[-74.0003229,40.7279076],[-74.0002502,40.7278725],[-74.0001879,40.7279472],[-74.0002598,40.7279819],[-74.0002723,40.727967],[-74.0002929,40.7279581],[-74.0003507,40.727986],[-74.0003547,40.7280068],[-74.0003422,40.7280217]]]},"properties":{"addr:housenumber":"177","addr:street":"Thompson Street","building":"yes","height":"20.0","id":"way/248156580"}},{"type":"Feature","id":"way/248156582","geometry":{"type":"Polygon","coordinates":[[[-74.001033,40.7282271],[-74.0009877,40.7282809],[-74.0011313,40.728351],[-74.0011766,40.7282973],[-74.001033,40.7282271]]]},"properties":{"addr:housenumber":"178","addr:street":"Sullivan Street","building":"yes","height":"14.2","id":"way/248156582"}},{"type":"Feature","id":"way/248156584","geometry":{"type":"Polygon","coordinates":[[[-74.000637,40.7281476],[-74.0005867,40.7282079],[-74.0007379,40.7282809],[-74.0007881,40.7282207],[-74.000637,40.7281476]]]},"properties":{"addr:housenumber":"179","addr:street":"Sullivan Street","building":"yes","height":"17.3","id":"way/248156584"}},{"type":"Feature","id":"way/248156586","geometry":{"type":"Polygon","coordinates":[[[-74.0009979,40.7288252],[-74.0009078,40.7289326],[-74.0009751,40.7289658],[-74.0010658,40.7288584],[-74.0009979,40.7288252]]]},"properties":{"addr:housenumber":"180","addr:street":"Bleecker Street","building":"yes","height":"18.2","id":"way/248156586"}},{"type":"Feature","id":"way/248156588","geometry":{"type":"Polygon","coordinates":[[[-74.0009877,40.7282809],[-74.0009423,40.7283346],[-74.0010859,40.7284047],[-74.0011313,40.728351],[-74.0009877,40.7282809]]]},"properties":{"addr:housenumber":"180","addr:street":"Sullivan Street","building":"yes","height":"13.9","id":"way/248156588"}},{"type":"Feature","id":"way/248156590","geometry":{"type":"Polygon","coordinates":[[[-74.0005115,40.7282719],[-74.0006047,40.728317],[-74.0006167,40.7283027],[-74.0006901,40.7283381],[-74.0007379,40.7282809],[-74.0005867,40.7282079],[-74.0005448,40.7281876],[-74.0004971,40.7282449],[-74.0005234,40.7282576],[-74.0005115,40.7282719]]]},"properties":{"addr:housenumber":"181","addr:street":"Sullivan Street","building":"yes","height":"17.7","id":"way/248156590"}},{"type":"Feature","id":"way/248156592","geometry":{"type":"Polygon","coordinates":[[[-74.0001193,40.7280294],[-74.0001902,40.7280636],[-74.0002001,40.7280517],[-74.0002225,40.7280532],[-74.0003963,40.7281372],[-74.0004341,40.7280919],[-74.0004044,40.7280776],[-74.0003943,40.7280658],[-74.0004055,40.7280524],[-74.0003422,40.7280217],[-74.0003233,40.7280443],[-74.0002991,40.7280479],[-74.0002421,40.7280204],[-74.0002449,40.7279997],[-74.0002598,40.7279819],[-74.0001879,40.7279472],[-74.0001193,40.7280294]]]},"properties":{"addr:housenumber":"181","addr:street":"Thompson Street","building":"yes","height":"19.9","id":"way/248156592"}},{"type":"Feature","id":"way/248156595","geometry":{"type":"Polygon","coordinates":[[[-74.0010658,40.7288584],[-74.0009751,40.7289658],[-74.0010407,40.7289978],[-74.0011313,40.7288904],[-74.0011243,40.728887],[-74.0010658,40.7288584]]]},"properties":{"addr:housenumber":"182","addr:street":"Bleecker Street","building":"yes","height":"18.5","id":"way/248156595"}},{"type":"Feature","id":"way/248156596","geometry":{"type":"Polygon","coordinates":[[[-74.0009423,40.7283346],[-74.0009001,40.7283846],[-74.0010438,40.7284547],[-74.0010859,40.7284047],[-74.0009423,40.7283346]]]},"properties":{"addr:housenumber":"182","addr:street":"Sullivan Street","building":"yes","height":"14.2","id":"way/248156596"}},{"type":"Feature","id":"way/248156598","geometry":{"type":"Polygon","coordinates":[[[-74.0001753,40.7282563],[-74.0001681,40.728265],[-74.0002518,40.7283054],[-74.0003779,40.7281543],[-74.0003048,40.728119],[-74.000277,40.7281522],[-74.0001624,40.7280969],[-74.0001902,40.7280636],[-74.0001193,40.7280294],[-74.0001128,40.7280262],[-73.9999866,40.7281773],[-74.0000649,40.7282151],[-74.0000721,40.7282065],[-74.0001753,40.7282563]]]},"properties":{"addr:housenumber":"183","addr:street":"Thompson Street","building":"yes","height":"22.8","id":"way/248156598"}},{"type":"Feature","id":"way/248156600","geometry":{"type":"Polygon","coordinates":[[[-74.0011313,40.7288904],[-74.0010407,40.7289978],[-74.0011068,40.7290301],[-74.0011974,40.7289227],[-74.0012045,40.7289261],[-74.0012612,40.7288588],[-74.0011811,40.7288197],[-74.0011243,40.728887],[-74.0011313,40.7288904]]]},"properties":{"addr:housenumber":"184","addr:street":"Bleecker Street","building":"yes","height":"18.8","id":"way/248156600"}},{"type":"Feature","id":"way/248156601","geometry":{"type":"Polygon","coordinates":[[[-74.0009001,40.7283846],[-74.0008553,40.7284377],[-74.0009989,40.7285078],[-74.0010438,40.7284547],[-74.0009001,40.7283846]]]},"properties":{"addr:housenumber":"184","addr:street":"Sullivan Street","building":"yes","height":"14.2","id":"way/248156601"}},{"type":"Feature","id":"way/248156603","geometry":{"type":"Polygon","coordinates":[[[-74.0011974,40.7289227],[-74.0011068,40.7290301],[-74.0011754,40.7290636],[-74.0012661,40.7289562],[-74.0012045,40.7289261],[-74.0011974,40.7289227]]]},"properties":{"addr:housenumber":"186","addr:street":"Bleecker Street","building":"yes","height":"19.4","id":"way/248156603"}},{"type":"Feature","id":"way/248156605","geometry":{"type":"Polygon","coordinates":[[[-74.0008553,40.7284377],[-74.000812,40.728489],[-74.0009556,40.7285591],[-74.0009989,40.7285078],[-74.0008553,40.7284377]]]},"properties":{"addr:housenumber":"186","addr:street":"Sullivan Street","building":"yes","height":"14.2","id":"way/248156605"}},{"type":"Feature","id":"way/248156607","geometry":{"type":"Polygon","coordinates":[[[-74.0007677,40.7285416],[-74.000835,40.7285745],[-74.0009113,40.7286117],[-74.0009556,40.7285591],[-74.000812,40.728489],[-74.0007677,40.7285416]]]},"properties":{"addr:housenumber":"188","addr:street":"Sullivan Street","building":"yes","height":"13.9","id":"way/248156607"}},{"type":"Feature","id":"way/248156661","geometry":{"type":"Polygon","coordinates":[[[-74.0011811,40.7288197],[-74.0012612,40.7288588],[-74.001311,40.7288832],[-74.0013553,40.7288307],[-74.0012253,40.7287673],[-74.0011811,40.7288197]]]},"properties":{"addr:housenumber":"96","addr:street":"Mac Dougal Street","building":"yes","height":"13.5","id":"way/248156661"}},{"type":"Feature","id":"way/248156665","geometry":{"type":"Polygon","coordinates":[[[-74.0005234,40.7282576],[-74.0004971,40.7282449],[-74.0004335,40.7282142],[-74.0003384,40.7283281],[-74.0004278,40.7283713],[-74.000443,40.7283531],[-74.0006239,40.7284405],[-74.0007038,40.7283448],[-74.0006901,40.7283381],[-74.0006167,40.7283027],[-74.0006047,40.728317],[-74.0005928,40.7283313],[-74.0005958,40.7283459],[-74.0005784,40.728348],[-74.0005754,40.7283334],[-74.0005032,40.7282985],[-74.0004853,40.7283016],[-74.0004816,40.7282894],[-74.0004995,40.7282863],[-74.0005115,40.7282719],[-74.0005234,40.7282576]]]},"properties":{"building":"yes","height":"21.4","name":"The Atrium","id":"way/248156665"}},{"type":"Feature","id":"way/248156667","geometry":{"type":"Polygon","coordinates":[[[-74.001118,40.7277305],[-74.0009537,40.7279273],[-74.000947,40.7279353],[-74.0010242,40.7279726],[-74.0010596,40.7279303],[-74.0010411,40.7279214],[-74.001039,40.7279093],[-74.0010432,40.7279042],[-74.0010583,40.7279007],[-74.0010768,40.7279096],[-74.0011416,40.7278321],[-74.0011231,40.7278231],[-74.0011187,40.7278137],[-74.0011252,40.727806],[-74.0011387,40.7278044],[-74.0011572,40.7278133],[-74.0011952,40.7277678],[-74.001118,40.7277305]]]},"properties":{"building":"yes","height":"19.3","id":"way/248156667"}},{"type":"Feature","id":"way/248156672","geometry":{"type":"Polygon","coordinates":[[[-74.0004532,40.7281434],[-74.0005448,40.7281876],[-74.0005867,40.7282079],[-74.000637,40.7281476],[-74.0005035,40.7280831],[-74.0004532,40.7281434]]]},"properties":{"building":"yes","height":"7.6","id":"way/248156672"}},{"type":"Feature","id":"way/248156674","geometry":{"type":"Polygon","coordinates":[[[-74.0011916,40.7280223],[-74.0012016,40.7280273],[-74.0012555,40.7280535],[-74.0013977,40.727885],[-74.0013338,40.7278538],[-74.0011916,40.7280223]]]},"properties":{"building":"yes","height":"12.6","id":"way/248156674"}},{"type":"Feature","id":"way/248156681","geometry":{"type":"Polygon","coordinates":[[[-74.000835,40.7285745],[-74.0007677,40.7285416],[-74.0007576,40.7285367],[-74.0005646,40.7287653],[-74.000642,40.7288031],[-74.0007327,40.7286957],[-74.000835,40.7285745]]]},"properties":{"building":"yes","height":"20.4","id":"way/248156681"}},{"type":"Feature","id":"way/248156684","geometry":{"type":"Polygon","coordinates":[[[-74.0006046,40.7284759],[-74.0002518,40.7283054],[-74.0001681,40.728265],[-74.0000649,40.7282151],[-73.9999866,40.7281773],[-73.9999807,40.7281744],[-73.9997973,40.7283941],[-74.0004212,40.7286956],[-74.0006046,40.7284759]]]},"properties":{"building":"yes","height":"38.6","name":"Mill House No.1","id":"way/248156684"}},{"type":"Feature","id":"way/248159854","geometry":{"type":"Polygon","coordinates":[[[-74.0002513,40.730022],[-74.000254,40.7300341],[-74.0003207,40.7300669],[-74.0003692,40.7300099],[-74.0003137,40.7299826],[-74.0003024,40.7299771],[-74.0002884,40.7299783],[-74.0002333,40.7299512],[-74.0002267,40.729959],[-74.0001947,40.7299433],[-74.0002013,40.7299355],[-74.0001752,40.7299227],[-74.0001692,40.7299116],[-74.0001492,40.7299017],[-74.0001056,40.7298803],[-74.0000572,40.7299373],[-74.0001177,40.7299671],[-74.0001381,40.7299663],[-74.0001641,40.7299791],[-74.0001708,40.7299712],[-74.0002047,40.7299879],[-74.000198,40.7299958],[-74.0002513,40.730022]]]},"properties":{"addr:housenumber":"126","addr:street":"Mac Dougal Street","building":"yes","height":"18.2","id":"way/248159854"}},{"type":"Feature","id":"way/248159857","geometry":{"type":"Polygon","coordinates":[[[-74.0008838,40.7301328],[-74.0009505,40.7300542],[-74.0008942,40.7300265],[-74.0008275,40.7301052],[-74.0008838,40.7301328]]]},"properties":{"addr:housenumber":"1","addr:street":"Minetta Lane","building":"yes","height":"11.1","id":"way/248159857"}},{"type":"Feature","id":"way/248159859","geometry":{"type":"Polygon","coordinates":[[[-74.0010074,40.7297366],[-74.0010497,40.7297574],[-74.0010716,40.7297681],[-74.0011186,40.7297127],[-74.0010544,40.7296812],[-74.0010404,40.7296828],[-74.0009904,40.7296583],[-74.0009866,40.7296479],[-74.0009824,40.7296458],[-74.0009211,40.7296157],[-74.0008741,40.7296712],[-74.0009396,40.7297034],[-74.0009529,40.7297025],[-74.0010029,40.729727],[-74.0010074,40.7297366]]]},"properties":{"addr:housenumber":"101","addr:street":"Mac Dougal Street","building":"yes","height":"18.0","id":"way/248159859"}},{"type":"Feature","id":"way/248159861","geometry":{"type":"Polygon","coordinates":[[[-74.000798,40.7293883],[-74.0008032,40.7293989],[-74.0008632,40.7294284],[-74.0009101,40.7293732],[-74.0008499,40.7293436],[-74.0008345,40.7293454],[-74.0007778,40.7293175],[-74.0007719,40.7293245],[-74.0007319,40.7293049],[-74.0007379,40.7292979],[-74.0007088,40.7292836],[-74.000703,40.7292714],[-74.0006465,40.7292436],[-74.0005996,40.7292988],[-74.0006561,40.7293266],[-74.0006724,40.7293265],[-74.0007014,40.7293408],[-74.0007098,40.7293309],[-74.0007497,40.7293506],[-74.0007414,40.7293604],[-74.000798,40.7293883]]]},"properties":{"addr:housenumber":"104","addr:street":"Mac Dougal Street","building":"yes","height":"20.5","id":"way/248159861"}},{"type":"Feature","id":"way/248159864","geometry":{"type":"Polygon","coordinates":[[[-74.0007485,40.7294466],[-74.0007528,40.7294583],[-74.0008128,40.7294877],[-74.0008632,40.7294284],[-74.0008032,40.7293989],[-74.0007855,40.729403],[-74.0007288,40.7293752],[-74.0007199,40.7293857],[-74.00068,40.729366],[-74.0006888,40.7293555],[-74.0006598,40.7293413],[-74.0006561,40.7293266],[-74.0005996,40.7292988],[-74.0005492,40.7293582],[-74.0005522,40.7293596],[-74.0006057,40.7293859],[-74.0006229,40.7293848],[-74.0006519,40.729399],[-74.000668,40.72938],[-74.000708,40.7293997],[-74.0006919,40.7294187],[-74.0007485,40.7294466]]]},"properties":{"addr:housenumber":"106","addr:street":"Mac Dougal Street","building":"yes","height":"20.5","id":"way/248159864"}},{"type":"Feature","id":"way/248159866","geometry":{"type":"Polygon","coordinates":[[[-74.0007761,40.7297867],[-74.0007271,40.7298445],[-74.0008637,40.7299115],[-74.0009127,40.7298538],[-74.0008436,40.7298199],[-74.0007761,40.7297867]]]},"properties":{"addr:housenumber":"107","addr:street":"Mac Dougal Street","building":"yes","height":"13.6","id":"way/248159866"}},{"type":"Feature","id":"way/248159868","geometry":{"type":"Polygon","coordinates":[[[-74.0006836,40.7294981],[-74.0006876,40.7295098],[-74.0007626,40.7295467],[-74.0008128,40.7294877],[-74.0007528,40.7294583],[-74.0007377,40.7294508],[-74.0007222,40.7294527],[-74.0006262,40.7294055],[-74.0006237,40.7293948],[-74.0006057,40.7293859],[-74.0005522,40.7293596],[-74.000502,40.7294186],[-74.000542,40.7294383],[-74.0005736,40.7294538],[-74.0005876,40.729451],[-74.0006836,40.7294981]]]},"properties":{"addr:housenumber":"108","addr:street":"Mac Dougal Street","building":"yes","height":"17.5","id":"way/248159868"}},{"type":"Feature","id":"way/248159870","geometry":{"type":"Polygon","coordinates":[[[-74.0006846,40.7298946],[-74.0008857,40.7299933],[-74.0009045,40.7300025],[-74.000947,40.7299524],[-74.0008637,40.7299115],[-74.0007271,40.7298445],[-74.0006846,40.7298946]]]},"properties":{"addr:housenumber":"109","addr:street":"Mac Dougal Street","building":"yes","height":"14.3","id":"way/248159870"}},{"type":"Feature","id":"way/248159872","geometry":{"type":"Polygon","coordinates":[[[-74.0005762,40.7295034],[-74.000558,40.7295248],[-74.0007155,40.7296023],[-74.0007626,40.7295467],[-74.0006876,40.7295098],[-74.0005797,40.7294568],[-74.0005508,40.7294909],[-74.0005762,40.7295034]]]},"properties":{"addr:housenumber":"110","addr:street":"Mac Dougal Street","building":"yes","height":"19.7","id":"way/248159872"}},{"type":"Feature","id":"way/248159874","geometry":{"type":"Polygon","coordinates":[[[-74.0005067,40.7295853],[-74.0006124,40.7296373],[-74.0006641,40.7296627],[-74.0007155,40.7296023],[-74.000558,40.7295248],[-74.0005067,40.7295853]]]},"properties":{"addr:housenumber":"112","addr:street":"Mac Dougal Street","building":"yes","height":"17.9","id":"way/248159874"}},{"type":"Feature","id":"way/248159876","geometry":{"type":"Polygon","coordinates":[[[-74.000556,40.7296792],[-74.0005627,40.7296958],[-74.0006144,40.7297212],[-74.0006641,40.7296627],[-74.0006124,40.7296373],[-74.0005909,40.729638],[-74.0005286,40.7296074],[-74.0005237,40.7296131],[-74.0004849,40.729594],[-74.0004898,40.7295883],[-74.0004596,40.7295734],[-74.0004543,40.7295595],[-74.0004004,40.729533],[-74.0003507,40.7295915],[-74.0003719,40.7296019],[-74.0004046,40.729618],[-74.0004246,40.7296146],[-74.0004548,40.7296294],[-74.0004611,40.7296221],[-74.0004999,40.7296412],[-74.0004936,40.7296485],[-74.000556,40.7296792]]]},"properties":{"addr:housenumber":"114","addr:street":"Mac Dougal Street","building":"yes","height":"20.6","id":"way/248159876"}},{"type":"Feature","id":"way/248159878","geometry":{"type":"Polygon","coordinates":[[[-74.0004974,40.729744],[-74.0005022,40.7297463],[-74.0005663,40.7297778],[-74.0006144,40.7297212],[-74.0005627,40.7296958],[-74.0005456,40.7296873],[-74.0005275,40.7296957],[-74.0005206,40.7296923],[-74.0005229,40.7296762],[-74.0004633,40.7296469],[-74.0004444,40.7296549],[-74.0004365,40.729651],[-74.0004398,40.7296354],[-74.0004046,40.729618],[-74.0003719,40.7296019],[-74.0003238,40.7296586],[-74.0003593,40.729676],[-74.0003917,40.729692],[-74.0004084,40.7296838],[-74.0004159,40.7296875],[-74.0004152,40.7297035],[-74.0004748,40.7297328],[-74.000494,40.7297255],[-74.0005006,40.7297288],[-74.0004974,40.729744]]]},"properties":{"addr:housenumber":"116","addr:street":"Mac Dougal Street","building":"yes","height":"17.3","id":"way/248159878"}},{"type":"Feature","id":"way/248159882","geometry":{"type":"Polygon","coordinates":[[[-74.0004429,40.7297901],[-74.0004515,40.729806],[-74.0005156,40.7298375],[-74.0005663,40.7297778],[-74.0005022,40.7297463],[-74.00048,40.7297464],[-74.0004311,40.7297224],[-74.0004237,40.7297311],[-74.0003851,40.7297122],[-74.0003926,40.7297034],[-74.0003667,40.7296907],[-74.0003593,40.729676],[-74.0003238,40.7296586],[-74.0002966,40.7296452],[-74.0002459,40.729705],[-74.0002562,40.72971],[-74.0003085,40.7297358],[-74.0003296,40.7297343],[-74.0003555,40.7297471],[-74.0003639,40.7297372],[-74.0004024,40.7297561],[-74.000394,40.729766],[-74.0004429,40.7297901]]]},"properties":{"addr:housenumber":"118","addr:street":"Mac Dougal Street","building":"yes","height":"18.1","id":"way/248159882"}},{"type":"Feature","id":"way/248159885","geometry":{"type":"Polygon","coordinates":[[[-74.0003637,40.7303961],[-74.0003203,40.730446],[-74.0003955,40.7304838],[-74.0004389,40.7304338],[-74.0004386,40.7304198],[-74.0005092,40.7303384],[-74.0005291,40.7303299],[-74.0005663,40.730287],[-74.0004911,40.7302493],[-74.0004704,40.7302731],[-74.0004539,40.7302922],[-74.0004521,40.7303097],[-74.0003815,40.7303911],[-74.0003637,40.7303961]]]},"properties":{"addr:housenumber":"118","addr:street":"West 3rd Street","building":"yes","height":"16.7","id":"way/248159885"}},{"type":"Feature","id":"way/248159888","geometry":{"type":"Polygon","coordinates":[[[-74.000405,40.7298518],[-74.0004093,40.7298632],[-74.0004689,40.7298925],[-74.0005156,40.7298375],[-74.0004515,40.729806],[-74.0004412,40.7298092],[-74.0003908,40.7297844],[-74.0003785,40.7297855],[-74.0003473,40.7297701],[-74.0003451,40.7297619],[-74.0003207,40.7297499],[-74.0003166,40.7297397],[-74.0003085,40.7297358],[-74.0002562,40.72971],[-74.0002096,40.729765],[-74.0002505,40.7297851],[-74.00027,40.7297947],[-74.0002845,40.7297925],[-74.0003089,40.7298045],[-74.0003205,40.7297987],[-74.0003527,40.7298146],[-74.0003531,40.7298263],[-74.000405,40.7298518]]]},"properties":{"addr:housenumber":"120","addr:street":"Mac Dougal Street","building":"yes","height":"22.7","id":"way/248159888"}},{"type":"Feature","id":"way/248159890","geometry":{"type":"Polygon","coordinates":[[[-74.0004389,40.7304338],[-74.0003955,40.7304838],[-74.0004721,40.7305223],[-74.0004751,40.7305188],[-74.0005155,40.7304723],[-74.000515,40.7304582],[-74.000584,40.7303786],[-74.0005998,40.7303752],[-74.0006429,40.7303255],[-74.0005663,40.730287],[-74.0005291,40.7303299],[-74.0005232,40.7303367],[-74.0005241,40.7303485],[-74.000455,40.730428],[-74.0004389,40.7304338]]]},"properties":{"addr:housenumber":"120","addr:street":"West 3rd Street","building":"yes","height":"17.1","id":"way/248159890"}},{"type":"Feature","id":"way/248159892","geometry":{"type":"Polygon","coordinates":[[[-74.0003584,40.7299101],[-74.0003636,40.7299238],[-74.0004191,40.7299511],[-74.0004463,40.7299191],[-74.0004689,40.7298925],[-74.0004093,40.7298632],[-74.0003961,40.7298657],[-74.0003412,40.7298387],[-74.000311,40.7298354],[-74.0002983,40.7298291],[-74.0002833,40.7298102],[-74.0002542,40.7297959],[-74.0002505,40.7297851],[-74.0002096,40.729765],[-74.0002054,40.7297629],[-74.0001555,40.7298215],[-74.0002036,40.7298451],[-74.0002209,40.7298426],[-74.0002456,40.7298547],[-74.0002644,40.7298563],[-74.0002931,40.7298704],[-74.0003009,40.7298819],[-74.0003584,40.7299101]]]},"properties":{"addr:housenumber":"122","addr:street":"Mac Dougal Street","building":"yes","height":"17.6","id":"way/248159892"}},{"type":"Feature","id":"way/248159895","geometry":{"type":"Polygon","coordinates":[[[-74.0003077,40.7299697],[-74.0003137,40.7299826],[-74.0003692,40.7300099],[-74.0003892,40.7299863],[-74.0004191,40.7299511],[-74.0003636,40.7299238],[-74.0003465,40.7299241],[-74.000289,40.7298958],[-74.0002639,40.7298929],[-74.0002564,40.7298892],[-74.0002337,40.7298686],[-74.0002091,40.7298565],[-74.0002036,40.7298451],[-74.0001555,40.7298215],[-74.0001056,40.7298803],[-74.0001492,40.7299017],[-74.0001672,40.7299007],[-74.0001949,40.7299143],[-74.0002173,40.7299161],[-74.0002417,40.7299281],[-74.0002501,40.7299414],[-74.0003077,40.7299697]]]},"properties":{"addr:housenumber":"124","addr:street":"Mac Dougal Street","building":"yes","height":"17.5","id":"way/248159895"}},{"type":"Feature","id":"way/248159897","geometry":{"type":"Polygon","coordinates":[[[-74.0002028,40.730079],[-74.0002055,40.7300911],[-74.0002723,40.7301239],[-74.0002981,40.7300936],[-74.0003207,40.7300669],[-74.000254,40.7300341],[-74.0002399,40.7300353],[-74.0001849,40.7300083],[-74.0001782,40.730016],[-74.0001462,40.7300003],[-74.0001528,40.7299925],[-74.0001268,40.7299797],[-74.0001207,40.7299686],[-74.0001177,40.7299671],[-74.0000572,40.7299373],[-74.0000164,40.7299853],[-74.0000087,40.7299944],[-74.0000692,40.7300241],[-74.0000897,40.7300234],[-74.0001156,40.7300361],[-74.0001223,40.7300282],[-74.0001563,40.7300449],[-74.0001495,40.7300528],[-74.0002028,40.730079]]]},"properties":{"addr:housenumber":"128","addr:street":"Mac Dougal Street","building":"yes","height":"17.9","id":"way/248159897"}},{"type":"Feature","id":"way/248159900","geometry":{"type":"Polygon","coordinates":[[[-73.9997561,40.7298553],[-73.9997436,40.72987],[-73.9996994,40.7299221],[-73.9996128,40.7300239],[-73.9995694,40.730075],[-73.9996581,40.7301186],[-73.9996986,40.7300709],[-73.9999691,40.7302039],[-73.9999295,40.7302505],[-74.0000714,40.7303203],[-74.0000809,40.7303092],[-74.0000942,40.7303158],[-74.0001243,40.7302804],[-74.0001349,40.7302856],[-74.0001909,40.7302197],[-74.0001175,40.7301835],[-74.0000255,40.7301383],[-74.0001051,40.7300447],[-74.000007,40.7299964],[-74.0000087,40.7299944],[-74.0000164,40.7299853],[-73.9999871,40.7299708],[-74.0000229,40.7299286],[-73.999996,40.7299146],[-73.9999327,40.7298832],[-73.9998726,40.729853],[-73.9998373,40.7298949],[-73.9998026,40.7298782],[-73.9997561,40.7298553]]]},"properties":{"addr:housenumber":"110","addr:street":"West 3rd Street","building":"dormitory","building:levels":"14","height":"45.6","name":"Filomen D'agostino Residence Hall","id":"way/248159900"}},{"type":"Feature","id":"way/248159903","geometry":{"type":"Polygon","coordinates":[[[-74.0009252,40.7304953],[-74.0007744,40.7306691],[-74.0009265,40.7307455],[-74.0010655,40.7305658],[-74.0009252,40.7304953]]]},"properties":{"building":"yes","height":"24.7","id":"way/248159903"}},{"type":"Feature","id":"way/248159905","geometry":{"type":"Polygon","coordinates":[[[-74.0010655,40.7305658],[-74.0009265,40.7307455],[-74.0010066,40.7307813],[-74.0011268,40.7306131],[-74.0011327,40.7306049],[-74.0011251,40.7306015],[-74.0011303,40.7305948],[-74.0010655,40.7305658]]]},"properties":{"addr:housenumber":"134","addr:street":"West 3rd Street","building":"residential","height":"8.3","id":"way/248159905"}},{"type":"Feature","id":"way/248159907","geometry":{"type":"Polygon","coordinates":[[[-74.0011268,40.7306131],[-74.0010066,40.7307813],[-74.0010259,40.7307893],[-74.0010306,40.7307828],[-74.0011327,40.7308317],[-74.0012142,40.7307177],[-74.0011555,40.7306934],[-74.0011486,40.7306905],[-74.0011864,40.7306377],[-74.0011268,40.7306131]]]},"properties":{"building":"yes","height":"7.6","id":"way/248159907"}},{"type":"Feature","id":"way/248159911","geometry":{"type":"Polygon","coordinates":[[[-74.0010108,40.7299824],[-74.0010219,40.7299878],[-74.0011352,40.7300434],[-74.0011834,40.7299866],[-74.0011189,40.729955],[-74.001059,40.7299256],[-74.0010108,40.7299824]]]},"properties":{"addr:housenumber":"15","addr:street":"Minetta Street","building":"yes","height":"11.4","id":"way/248159911"}},{"type":"Feature","id":"way/248159913","geometry":{"type":"Polygon","coordinates":[[[-74.0010704,40.730328],[-74.000989,40.7302872],[-74.0008782,40.7304149],[-74.0009595,40.7304558],[-74.0010704,40.730328]]]},"properties":{"addr:housenumber":"16","addr:street":"Minetta Lane","building":"yes","height":"11.2","id":"way/248159913"}},{"type":"Feature","id":"way/248159915","geometry":{"type":"Polygon","coordinates":[[[-74.0003972,40.7290885],[-74.0003839,40.7291042],[-74.0003557,40.7291374],[-74.0004334,40.7291756],[-74.0004749,40.7291267],[-74.0004724,40.7291154],[-74.0004904,40.7290942],[-74.0004763,40.7290872],[-74.0004964,40.7290635],[-74.0005106,40.7290704],[-74.0005471,40.7290274],[-74.0005606,40.7290258],[-74.000602,40.728977],[-74.0005243,40.7289388],[-74.0004829,40.7289876],[-74.000488,40.7289984],[-74.0004515,40.7290414],[-74.0004581,40.7290446],[-74.0004379,40.7290683],[-74.0004313,40.7290651],[-74.0004133,40.7290863],[-74.0003972,40.7290885]]]},"properties":{"addr:housenumber":"173","addr:street":"Bleecker Street","building":"yes","height":"17.0","id":"way/248159915"}},{"type":"Feature","id":"way/248159918","geometry":{"type":"Polygon","coordinates":[[[-74.0004749,40.7291267],[-74.0004334,40.7291756],[-74.0005098,40.7292132],[-74.0005514,40.7291642],[-74.0005488,40.7291529],[-74.0005668,40.7291317],[-74.0005529,40.7291249],[-74.0005731,40.7291012],[-74.000587,40.729108],[-74.0006235,40.729065],[-74.0006371,40.7290634],[-74.0006785,40.7290146],[-74.000602,40.728977],[-74.0005606,40.7290258],[-74.0005648,40.7290361],[-74.0005283,40.7290791],[-74.0005345,40.7290822],[-74.0005143,40.7291059],[-74.0005081,40.7291028],[-74.0004901,40.7291241],[-74.0004749,40.7291267]]]},"properties":{"addr:housenumber":"175","addr:street":"Bleecker Street","building":"yes","height":"16.9","id":"way/248159918"}},{"type":"Feature","id":"way/248159921","geometry":{"type":"Polygon","coordinates":[[[-74.0005514,40.7291642],[-74.0005098,40.7292132],[-74.0005841,40.7292497],[-74.0006073,40.7292224],[-74.0006257,40.7292008],[-74.0006242,40.72919],[-74.0006423,40.7291688],[-74.0006302,40.7291629],[-74.0006504,40.7291391],[-74.0006624,40.7291451],[-74.0006989,40.7291021],[-74.0007114,40.7290999],[-74.0007528,40.7290511],[-74.0006785,40.7290146],[-74.0006371,40.7290634],[-74.0006407,40.7290735],[-74.0006042,40.7291165],[-74.0006093,40.729119],[-74.0005892,40.7291427],[-74.0005841,40.7291402],[-74.000566,40.7291614],[-74.0005514,40.7291642]]]},"properties":{"addr:housenumber":"177","addr:street":"Bleecker Street","building":"yes","height":"17.2","id":"way/248159921"}},{"type":"Feature","id":"way/248159923","geometry":{"type":"Polygon","coordinates":[[[-74.0010704,40.730328],[-74.0009595,40.7304558],[-74.0009343,40.7304849],[-74.0011268,40.7305816],[-74.0011321,40.7305755],[-74.001148,40.7305835],[-74.0012619,40.7304242],[-74.0010704,40.730328]]]},"properties":{"addr:housenumber":"18","addr:street":"Minetta Lane","building":"yes","height":"10.5","id":"way/248159923"}},{"type":"Feature","id":"way/248159925","geometry":{"type":"Polygon","coordinates":[[[-74.0007528,40.7290511],[-74.0007114,40.7290999],[-74.0006257,40.7292008],[-74.0006073,40.7292224],[-74.0006805,40.7292584],[-74.0006861,40.7292518],[-74.000826,40.7290871],[-74.0007528,40.7290511]]]},"properties":{"addr:housenumber":"181","addr:street":"Bleecker Street","building":"yes","height":"11.5","id":"way/248159925"}},{"type":"Feature","id":"way/248159927","geometry":{"type":"Polygon","coordinates":[[[-74.000826,40.7290871],[-74.0006861,40.7292518],[-74.0007656,40.7292909],[-74.0007745,40.7292804],[-74.0008098,40.7292389],[-74.0008611,40.7291785],[-74.0009055,40.7291262],[-74.000826,40.7290871]]]},"properties":{"addr:housenumber":"183","addr:street":"Bleecker Street","building":"yes","height":"12.9","id":"way/248159927"}},{"type":"Feature","id":"way/248159943","geometry":{"type":"Polygon","coordinates":[[[-74.0002559,40.7291333],[-74.0002423,40.7291493],[-74.0002075,40.7291903],[-74.0003637,40.7292671],[-74.0004272,40.7292983],[-74.0004694,40.7293191],[-74.0005042,40.7292781],[-74.0003086,40.729182],[-74.0003223,40.7291659],[-74.0002559,40.7291333]]]},"properties":{"addr:housenumber":"208","addr:street":"Sullivan Street","building":"yes","height":"20.5","id":"way/248159943"}},{"type":"Feature","id":"way/248159945","geometry":{"type":"Polygon","coordinates":[[[-74.0003637,40.7292671],[-74.0002075,40.7291903],[-74.0001591,40.7292472],[-74.0003153,40.729324],[-74.0003637,40.7292671]]]},"properties":{"addr:housenumber":"210","addr:street":"Sullivan Street","building":"yes","height":"15.6","id":"way/248159945"}},{"type":"Feature","id":"way/248159947","geometry":{"type":"Polygon","coordinates":[[[-74.00015,40.7292579],[-74.0001072,40.7293083],[-74.0002178,40.7293627],[-74.0002606,40.7293123],[-74.00015,40.7292579]]]},"properties":{"addr:housenumber":"212","addr:street":"Sullivan Street","building":"yes","height":"13.7","id":"way/248159947"}},{"type":"Feature","id":"way/248159949","geometry":{"type":"Polygon","coordinates":[[[-73.9999443,40.7295001],[-74.0000171,40.7295359],[-74.0000451,40.7295497],[-74.0001164,40.7295847],[-74.000143,40.7295978],[-74.0002166,40.729634],[-74.0003795,40.7294422],[-74.0003269,40.7294164],[-74.0002178,40.7293627],[-74.0001072,40.7293083],[-73.9999443,40.7295001]]]},"properties":{"addr:housenumber":"214","addr:street":"Sullivan Street","building":"yes","height":"28.2","id":"way/248159949"}},{"type":"Feature","id":"way/248159951","geometry":{"type":"Polygon","coordinates":[[[-73.9998643,40.7295943],[-73.9998132,40.7296544],[-73.9999568,40.729725],[-74.0000079,40.7296649],[-73.9999371,40.7296301],[-73.9998643,40.7295943]]]},"properties":{"addr:housenumber":"224","addr:street":"Sullivan Street","building":"yes","height":"15.6","id":"way/248159951"}},{"type":"Feature","id":"way/248159953","geometry":{"type":"Polygon","coordinates":[[[-73.9998132,40.7296544],[-73.9997654,40.7297106],[-73.999909,40.7297812],[-73.9999568,40.729725],[-73.9998132,40.7296544]]]},"properties":{"addr:housenumber":"226","addr:street":"Sullivan Street","building":"yes","height":"15.7","id":"way/248159953"}},{"type":"Feature","id":"way/248159955","geometry":{"type":"Polygon","coordinates":[[[-73.9997168,40.7297678],[-73.9998435,40.7298301],[-73.9998604,40.7298384],[-73.999909,40.7297812],[-73.9997654,40.7297106],[-73.9997168,40.7297678]]]},"properties":{"addr:housenumber":"228","addr:street":"Sullivan Street","building":"yes","height":"15.5","id":"way/248159955"}},{"type":"Feature","id":"way/248159956","geometry":{"type":"Polygon","coordinates":[[[-73.999676,40.7298159],[-73.9997561,40.7298553],[-73.9998026,40.7298782],[-73.9998435,40.7298301],[-73.9997168,40.7297678],[-73.999676,40.7298159]]]},"properties":{"addr:housenumber":"230","addr:street":"Sullivan Street","building":"yes","height":"16.6","id":"way/248159956"}},{"type":"Feature","id":"way/248159958","geometry":{"type":"Polygon","coordinates":[[[-74.0012642,40.730421],[-74.0012619,40.7304242],[-74.001148,40.7305835],[-74.0011327,40.7306049],[-74.0011268,40.7306131],[-74.0011864,40.7306377],[-74.0012417,40.7305604],[-74.0012486,40.7305633],[-74.001329,40.7304683],[-74.0013364,40.7304589],[-74.0012642,40.730421]]]},"properties":{"addr:housenumber":"24","addr:street":"Minetta Lane","building":"yes","height":"15.7","id":"way/248159958"}},{"type":"Feature","id":"way/248159964","geometry":{"type":"Polygon","coordinates":[[[-74.001261,40.7298539],[-74.0012567,40.729859],[-74.0012814,40.7298711],[-74.0012883,40.7298629],[-74.0013722,40.7298344],[-74.0012874,40.7297928],[-74.0012121,40.7297558],[-74.0011637,40.7298129],[-74.0012021,40.7298318],[-74.0012062,40.729827],[-74.001261,40.7298539]]]},"properties":{"addr:housenumber":"9","addr:street":"Minetta Street","building":"yes","height":"17.7","id":"way/248159964"}},{"type":"Feature","id":"way/248159966","geometry":{"type":"Polygon","coordinates":[[[-74.0010642,40.7294471],[-74.0010155,40.7295044],[-74.0011945,40.7295922],[-74.0012431,40.7295349],[-74.0010642,40.7294471]]]},"properties":{"addr:housenumber":"95","addr:street":"Mac Dougal Street","building":"yes","height":"18.3","id":"way/248159966"}},{"type":"Feature","id":"way/248159968","geometry":{"type":"Polygon","coordinates":[[[-74.0009703,40.7295577],[-74.0010316,40.7295878],[-74.0011747,40.7296581],[-74.00122,40.7296048],[-74.0011945,40.7295922],[-74.0010155,40.7295044],[-74.0009703,40.7295577]]]},"properties":{"addr:housenumber":"97","addr:street":"Mac Dougal Street","building":"yes","height":"17.1","id":"way/248159968"}},{"type":"Feature","id":"way/248159971","geometry":{"type":"Polygon","coordinates":[[[-74.0009211,40.7296157],[-74.0009824,40.7296458],[-74.0010005,40.7296419],[-74.001057,40.7296696],[-74.0010617,40.729664],[-74.001099,40.7296823],[-74.0010935,40.7296888],[-74.0011288,40.7297061],[-74.001135,40.729718],[-74.0011903,40.7297451],[-74.0012379,40.729689],[-74.0012055,40.7296732],[-74.0011826,40.7296619],[-74.0011652,40.7296631],[-74.0011299,40.7296458],[-74.0011254,40.7296511],[-74.0010881,40.7296328],[-74.0010926,40.7296275],[-74.0010362,40.7295998],[-74.0010316,40.7295878],[-74.0009703,40.7295577],[-74.0009211,40.7296157]]]},"properties":{"addr:housenumber":"99","addr:street":"Mac Dougal Street","building":"yes","height":"18.0","name":"The Kati Roll Company","id":"way/248159971"}},{"type":"Feature","id":"way/248159975","geometry":{"type":"Polygon","coordinates":[[[-74.0008098,40.7292389],[-74.0007745,40.7292804],[-74.0009257,40.7293548],[-74.0010567,40.7292006],[-74.0009055,40.7291262],[-74.0008611,40.7291785],[-74.0009036,40.7291994],[-74.000908,40.7292055],[-74.0008961,40.7292195],[-74.0008893,40.7292162],[-74.0008555,40.729256],[-74.0008388,40.7292531],[-74.0008098,40.7292389]]]},"properties":{"building":"yes","height":"20.5","id":"way/248159975"}},{"type":"Feature","id":"way/248159977","geometry":{"type":"Polygon","coordinates":[[[-74.0004829,40.7289876],[-74.0005243,40.7289388],[-74.0004515,40.728903],[-74.0002699,40.7291168],[-74.0003427,40.7291526],[-74.0003557,40.7291374],[-74.0003839,40.7291042],[-74.0003859,40.7290897],[-74.0004185,40.7290513],[-74.0004039,40.7290441],[-74.0004221,40.7290227],[-74.0004367,40.7290299],[-74.0004707,40.7289899],[-74.0004829,40.7289876]]]},"properties":{"building":"yes","height":"17.1","id":"way/248159977"}},{"type":"Feature","id":"way/248159979","geometry":{"type":"Polygon","coordinates":[[[-74.0004704,40.7302731],[-74.0004911,40.7302493],[-74.0005089,40.7302287],[-74.0004328,40.7301905],[-74.0002443,40.7304078],[-74.0003203,40.730446],[-74.0003637,40.7303961],[-74.0003639,40.7303823],[-74.0003946,40.7303469],[-74.0003965,40.7303377],[-74.0004327,40.7302959],[-74.0004461,40.7302876],[-74.000456,40.7302763],[-74.0004704,40.7302731]]]},"properties":{"building":"yes","height":"25.6","id":"way/248159979"}},{"type":"Feature","id":"way/248159981","geometry":{"type":"Polygon","coordinates":[[[-74.0006603,40.7303055],[-74.0006429,40.7303255],[-74.0005998,40.7303752],[-74.0005155,40.7304723],[-74.0004751,40.7305188],[-74.0007744,40.7306691],[-74.0009252,40.7304953],[-74.0009343,40.7304849],[-74.0009595,40.7304558],[-74.0008782,40.7304149],[-74.000989,40.7302872],[-74.0008451,40.7302149],[-74.0007574,40.730316],[-74.0007342,40.7303426],[-74.0006603,40.7303055]]]},"properties":{"building":"yes","height":"16.8","id":"way/248159981"}},{"type":"Feature","id":"way/248159982","geometry":{"type":"Polygon","coordinates":[[[-74.000063,40.729692],[-74.0000843,40.7297024],[-74.0001366,40.7297281],[-74.0002166,40.729634],[-74.000143,40.7295978],[-74.0001182,40.729627],[-74.0000916,40.7296139],[-74.0001164,40.7295847],[-74.0000451,40.7295497],[-74.0000203,40.7295788],[-73.9999924,40.7295651],[-74.0000171,40.7295359],[-73.9999443,40.7295001],[-73.9998643,40.7295943],[-73.9999371,40.7296301],[-73.999956,40.7296079],[-74.0000819,40.7296697],[-74.000063,40.729692]]]},"properties":{"building":"yes","height":"18.2","id":"way/248159982"}},{"type":"Feature","id":"way/248159984","geometry":{"type":"Polygon","coordinates":[[[-74.0013795,40.730115],[-74.001253,40.730053],[-74.0010979,40.7302359],[-74.0012329,40.7303022],[-74.00128,40.7302467],[-74.0012997,40.730236],[-74.0013474,40.7302594],[-74.0013423,40.7302773],[-74.0012952,40.7303328],[-74.0014323,40.7304001],[-74.0015496,40.7302618],[-74.001496,40.7301732],[-74.0014656,40.7301583],[-74.0014358,40.7301935],[-74.0014111,40.7301985],[-74.0013942,40.7302185],[-74.0013604,40.7302019],[-74.0014089,40.7301448],[-74.0013703,40.7301259],[-74.0013795,40.730115]]]},"properties":{"building":"school","height":"17.4","id":"way/248159984"}},{"type":"Feature","id":"way/248159986","geometry":{"type":"Polygon","coordinates":[[[-74.001115,40.7299433],[-74.0011189,40.729955],[-74.0011834,40.7299866],[-74.0012324,40.7299289],[-74.0011677,40.7298971],[-74.0011521,40.7298996],[-74.0011193,40.7298835],[-74.0011047,40.7299007],[-74.0010731,40.7298851],[-74.0010938,40.7298608],[-74.000991,40.7298104],[-74.0009794,40.7298241],[-74.0009524,40.7298109],[-74.0009581,40.7298042],[-74.0008955,40.7297735],[-74.0008926,40.7297621],[-74.0008251,40.729729],[-74.0007761,40.7297867],[-74.0008436,40.7298199],[-74.000859,40.7298166],[-74.000952,40.7298633],[-74.0009517,40.7298729],[-74.0010113,40.7299022],[-74.0010268,40.7299001],[-74.0010506,40.7299117],[-74.001067,40.7298924],[-74.0010986,40.7299079],[-74.0010822,40.7299273],[-74.001115,40.7299433]]]},"properties":{"building":"yes","height":"23.7","id":"way/248159986"}},{"type":"Feature","id":"way/248159989","geometry":{"type":"Polygon","coordinates":[[[-74.0011642,40.7298853],[-74.0011677,40.7298971],[-74.0012324,40.7299289],[-74.0012814,40.7298711],[-74.0012567,40.729859],[-74.0012169,40.7298394],[-74.0012013,40.7298415],[-74.0011685,40.7298254],[-74.0011521,40.7298448],[-74.0011205,40.7298293],[-74.0011369,40.7298099],[-74.0011131,40.7297982],[-74.0011093,40.7297867],[-74.0010716,40.7297681],[-74.0010497,40.7297574],[-74.0010382,40.7297616],[-74.000944,40.7297163],[-74.0009416,40.7297043],[-74.0009396,40.7297034],[-74.0008741,40.7296712],[-74.0008251,40.729729],[-74.0008926,40.7297621],[-74.0009074,40.7297594],[-74.00097,40.7297901],[-74.0009757,40.7297835],[-74.0010026,40.7297967],[-74.000991,40.7298104],[-74.0010938,40.7298608],[-74.0011144,40.7298365],[-74.001146,40.729852],[-74.0011314,40.7298692],[-74.0011642,40.7298853]]]},"properties":{"building":"yes","height":"24.7","id":"way/248159989"}},{"type":"Feature","id":"way/248159991","geometry":{"type":"Polygon","coordinates":[[[-74.0010124,40.7300845],[-74.0009457,40.7301632],[-74.0010027,40.7301912],[-74.0010694,40.7301125],[-74.0010124,40.7300845]]]},"properties":{"building":"yes","height":"10.8","id":"way/248159991"}},{"type":"Feature","id":"way/248159993","geometry":{"type":"Polygon","coordinates":[[[-74.0008857,40.7299933],[-74.0006846,40.7298946],[-74.0006017,40.7299924],[-74.0008028,40.7300911],[-74.0008857,40.7299933]]]},"properties":{"building":"yes","height":"19.3","id":"way/248159993"}},{"type":"Feature","id":"way/248159995","geometry":{"type":"Polygon","coordinates":[[[-74.0009505,40.7300542],[-74.0008838,40.7301328],[-74.0009457,40.7301632],[-74.0010124,40.7300845],[-74.0009505,40.7300542]]]},"properties":{"building":"yes","height":"10.8","id":"way/248159995"}},{"type":"Feature","id":"way/248159996","geometry":{"type":"Polygon","coordinates":[[[-74.0011352,40.7300434],[-74.0010219,40.7299878],[-74.0009884,40.7300273],[-74.0011017,40.7300829],[-74.0011352,40.7300434]]]},"properties":{"building":"yes","height":"11.1","id":"way/248159996"}},{"type":"Feature","id":"way/248160001","geometry":{"type":"Polygon","coordinates":[[[-74.0004272,40.7292983],[-74.0003769,40.7293575],[-74.0004534,40.7293951],[-74.0005037,40.7293359],[-74.0004694,40.7293191],[-74.0004272,40.7292983]]]},"properties":{"building":"yes","height":"11.6","id":"way/248160001"}},{"type":"Feature","id":"way/248160002","geometry":{"type":"Polygon","coordinates":[[[-74.0001988,40.7300878],[-74.0001175,40.7301835],[-74.0001909,40.7302197],[-74.0002723,40.7301239],[-74.0002055,40.7300911],[-74.0001988,40.7300878]]]},"properties":{"addr:housenumber":"130-132","addr:street":"Mac Dougal Street","building":"university","building:levels":"4","height":"11.2","id":"way/248160002"}},{"type":"Feature","id":"way/248160004","geometry":{"type":"Polygon","coordinates":[[[-74.000542,40.7294383],[-74.000502,40.7294186],[-74.0004628,40.7293993],[-74.0004137,40.7294572],[-74.0004929,40.7294961],[-74.000542,40.7294383]]]},"properties":{"building":"yes","height":"19.2","id":"way/248160004"}},{"type":"Feature","id":"way/248160006","geometry":{"type":"Polygon","coordinates":[[[-74.0003269,40.7294164],[-74.0003795,40.7294422],[-74.0004034,40.729454],[-74.0004534,40.7293951],[-74.0003769,40.7293575],[-74.0003269,40.7294164]]]},"properties":{"building":"yes","height":"11.5","id":"way/248160006"}},{"type":"Feature","id":"way/248160009","geometry":{"type":"Polygon","coordinates":[[[-74.0012823,40.7293745],[-74.0013169,40.7293337],[-74.0012038,40.7292781],[-74.0010772,40.7294274],[-74.0011683,40.7294721],[-74.0012527,40.7293726],[-74.0012683,40.7293676],[-74.0012823,40.7293745]]]},"properties":{"building":"yes","height":"20.2","id":"way/248160009"}},{"type":"Feature","id":"way/248160011","geometry":{"type":"Polygon","coordinates":[[[-73.9999327,40.7298832],[-73.999996,40.7299146],[-74.0000043,40.7299056],[-74.0000183,40.7299127],[-74.0000581,40.7298659],[-74.0000424,40.7298581],[-74.0000473,40.7298523],[-73.9999835,40.729821],[-73.9999327,40.7298832]]]},"properties":{"building":"yes","height":"14.6","id":"way/248160011"}},{"type":"Feature","id":"way/248160013","geometry":{"type":"Polygon","coordinates":[[[-74.0004952,40.7301186],[-74.0006831,40.730213],[-74.0007185,40.7302308],[-74.0006788,40.7302765],[-74.0007574,40.730316],[-74.0008451,40.7302149],[-74.0005433,40.7300633],[-74.0004952,40.7301186]]]},"properties":{"addr:housenumber":"115","addr:street":"Mac Dougal Street","building":"yes","height":"11.3","id":"way/248160013"}},{"type":"Feature","id":"way/248160015","geometry":{"type":"Polygon","coordinates":[[[-74.0008637,40.7299115],[-74.000947,40.7299524],[-74.0009912,40.7299741],[-74.0010402,40.7299163],[-74.0010113,40.7299022],[-74.0009517,40.7298729],[-74.0009127,40.7298538],[-74.0008637,40.7299115]]]},"properties":{"building":"yes","height":"8.7","id":"way/248160015"}},{"type":"Feature","id":"way/248160016","geometry":{"type":"Polygon","coordinates":[[[-74.0000332,40.7297625],[-74.0000969,40.7297939],[-74.0001027,40.7297871],[-74.0001184,40.7297948],[-74.0001637,40.7297415],[-74.0001366,40.7297281],[-74.0000843,40.7297024],[-74.0000332,40.7297625]]]},"properties":{"building":"yes","height":"14.8","id":"way/248160016"}},{"type":"Feature","id":"way/248160020","geometry":{"type":"Polygon","coordinates":[[[-74.0000332,40.7297625],[-73.9999835,40.729821],[-74.0000473,40.7298523],[-74.0000544,40.7298439],[-74.0000701,40.7298517],[-74.0001066,40.7298088],[-74.0000909,40.729801],[-74.0000969,40.7297939],[-74.0000332,40.7297625]]]},"properties":{"building":"yes","height":"14.7","id":"way/248160020"}},{"type":"Feature","id":"way/248160022","geometry":{"type":"Polygon","coordinates":[[[-73.9996994,40.7299221],[-73.9997436,40.72987],[-73.9996635,40.7298306],[-73.9994893,40.7300356],[-73.9995694,40.730075],[-73.9996128,40.7300239],[-73.9996045,40.7300074],[-73.9996836,40.7299143],[-73.9996994,40.7299221]]]},"properties":{"building":"yes","height":"23.7","id":"way/248160022"}},{"type":"Feature","id":"way/248163357","geometry":{"type":"Polygon","coordinates":[[[-73.9991823,40.7322281],[-73.9992371,40.7321635],[-73.9992386,40.7321617],[-73.9991694,40.7321277],[-73.999116,40.7321905],[-73.9991381,40.7322013],[-73.9991307,40.73221],[-73.9991285,40.7322127],[-73.9991064,40.7322019],[-73.9990896,40.7322217],[-73.9991117,40.7322325],[-73.999106,40.7322392],[-73.9990839,40.7322284],[-73.9990135,40.7323113],[-73.9990828,40.7323453],[-73.9991379,40.7322803],[-73.9991364,40.7322633],[-73.9991635,40.7322314],[-73.9991823,40.7322281]]]},"properties":{"addr:housenumber":"106","addr:street":"Waverly Place","building":"yes","height":"18.3","id":"way/248163357"}},{"type":"Feature","id":"way/248163358","geometry":{"type":"Polygon","coordinates":[[[-73.9986885,40.7326921],[-73.9987507,40.7327225],[-73.998765,40.7327295],[-73.9988023,40.7326854],[-73.9987784,40.7326736],[-73.9988456,40.7325942],[-73.9988711,40.7326067],[-73.9989666,40.7324939],[-73.9989708,40.732489],[-73.9988928,40.7324508],[-73.998851,40.7325002],[-73.9987362,40.7326357],[-73.9987039,40.732674],[-73.9986885,40.7326921]]]},"properties":{"addr:housenumber":"107","addr:street":"Waverly Place","building":"yes","height":"17.9","id":"way/248163358"}},{"type":"Feature","id":"way/248163359","geometry":{"type":"Polygon","coordinates":[[[-73.9992371,40.7321635],[-73.9991823,40.7322281],[-73.9991379,40.7322803],[-73.9990828,40.7323453],[-73.9991468,40.7323767],[-73.999301,40.7321949],[-73.9992371,40.7321635]]]},"properties":{"addr:housenumber":"108","addr:street":"Waverly Place","building":"yes","height":"15.9","id":"way/248163359"}},{"type":"Feature","id":"way/248163360","geometry":{"type":"Polygon","coordinates":[[[-73.9989666,40.7324939],[-73.9988711,40.7326067],[-73.9989012,40.7326215],[-73.9988819,40.7326443],[-73.9989263,40.732666],[-73.9990411,40.7325304],[-73.9989666,40.7324939]]]},"properties":{"addr:housenumber":"109","addr:street":"Waverly Place","building":"yes","height":"17.9","id":"way/248163360"}},{"type":"Feature","id":"way/248163362","geometry":{"type":"Polygon","coordinates":[[[-73.9993354,40.7321545],[-73.999301,40.7321949],[-73.9991468,40.7323767],[-73.9992145,40.73241],[-73.9992962,40.7323137],[-73.9993271,40.7322772],[-73.9994031,40.7321877],[-73.9993354,40.7321545]]]},"properties":{"addr:housenumber":"110","addr:street":"Waverly Place","building":"yes","height":"14.3","id":"way/248163362"}},{"type":"Feature","id":"way/248163363","geometry":{"type":"Polygon","coordinates":[[[-73.9990411,40.7325304],[-73.9989263,40.732666],[-73.9989552,40.7326802],[-73.9989554,40.7326927],[-73.9989856,40.7327075],[-73.9990016,40.7327055],[-73.9990201,40.7326837],[-73.999118,40.7325681],[-73.9990411,40.7325304]]]},"properties":{"addr:housenumber":"111","addr:street":"Waverly Place","building":"yes","height":"17.8","id":"way/248163363"}},{"type":"Feature","id":"way/248163364","geometry":{"type":"Polygon","coordinates":[[[-73.9992962,40.7323137],[-73.9992145,40.73241],[-73.9992829,40.7324436],[-73.9993646,40.7323473],[-73.9992962,40.7323137]]]},"properties":{"addr:housenumber":"112","addr:street":"Waverly Place","building":"yes","height":"14.6","id":"way/248163364"}},{"type":"Feature","id":"way/248163365","geometry":{"type":"Polygon","coordinates":[[[-73.999118,40.7325681],[-73.9990201,40.7326837],[-73.9990476,40.7326971],[-73.9990165,40.7327338],[-73.9990597,40.732755],[-73.9990734,40.7327388],[-73.9991887,40.7326027],[-73.999118,40.7325681]]]},"properties":{"addr:housenumber":"113","addr:street":"Waverly Place","building":"yes","height":"16.3","id":"way/248163365"}},{"type":"Feature","id":"way/248163366","geometry":{"type":"Polygon","coordinates":[[[-73.9993956,40.7323108],[-73.9993646,40.7323473],[-73.9992829,40.7324436],[-73.9993488,40.7324759],[-73.9994614,40.7323432],[-73.9993956,40.7323108]]]},"properties":{"addr:housenumber":"114","addr:street":"Waverly Place","building":"yes","height":"16.6","id":"way/248163366"}},{"type":"Feature","id":"way/248163367","geometry":{"type":"Polygon","coordinates":[[[-73.9991887,40.7326027],[-73.9990734,40.7327388],[-73.9991295,40.7327663],[-73.9991551,40.7327361],[-73.9992448,40.7326302],[-73.9991887,40.7326027]]]},"properties":{"addr:housenumber":"115","addr:street":"Waverly Place","building":"yes","height":"15.1","id":"way/248163367"}},{"type":"Feature","id":"way/248163368","geometry":{"type":"Polygon","coordinates":[[[-73.999503,40.7322942],[-73.9994614,40.7323432],[-73.9993488,40.7324759],[-73.999416,40.7325089],[-73.9994681,40.7324475],[-73.9994672,40.7324336],[-73.999506,40.7323879],[-73.999524,40.7323816],[-73.9995702,40.7323272],[-73.999503,40.7322942]]]},"properties":{"addr:housenumber":"116","addr:street":"Waverly Place","building":"yes","height":"19.2","id":"way/248163368"}},{"type":"Feature","id":"way/248163369","geometry":{"type":"Polygon","coordinates":[[[-73.9992448,40.7326302],[-73.9991551,40.7327361],[-73.9991689,40.7327429],[-73.9991272,40.7327922],[-73.9991133,40.7327854],[-73.9990736,40.7328323],[-73.9991556,40.7328725],[-73.9991899,40.7328319],[-73.9991872,40.7328061],[-73.9992197,40.7327677],[-73.9992371,40.7327763],[-73.9993267,40.7326704],[-73.9992448,40.7326302]]]},"properties":{"addr:housenumber":"117","addr:street":"Waverly Place","building":"yes","height":"18.0","id":"way/248163369"}},{"type":"Feature","id":"way/248163370","geometry":{"type":"Polygon","coordinates":[[[-73.9994934,40.7324177],[-73.9994681,40.7324475],[-73.999416,40.7325089],[-73.9994818,40.7325413],[-73.9996185,40.7323802],[-73.9995623,40.7323525],[-73.9995176,40.7324052],[-73.9995107,40.7324164],[-73.9994934,40.7324177]]]},"properties":{"addr:housenumber":"118","addr:street":"Waverly Place","building":"yes","height":"16.1","id":"way/248163370"}},{"type":"Feature","id":"way/248163371","geometry":{"type":"Polygon","coordinates":[[[-73.9993267,40.7326704],[-73.9992371,40.7327763],[-73.9991899,40.7328319],[-73.9991556,40.7328725],[-73.9992099,40.7328991],[-73.9992327,40.7328722],[-73.9992283,40.73287],[-73.9992779,40.7328114],[-73.9993007,40.7328225],[-73.9993994,40.7327059],[-73.9993267,40.7326704]]]},"properties":{"addr:housenumber":"119","addr:street":"Waverly Place","building":"yes","height":"18.0","id":"way/248163371"}},{"type":"Feature","id":"way/248163373","geometry":{"type":"Polygon","coordinates":[[[-73.9996185,40.7323802],[-73.9994818,40.7325413],[-73.9995503,40.7325749],[-73.9996419,40.732467],[-73.9996575,40.7324486],[-73.9996082,40.7324244],[-73.9996377,40.7323896],[-73.9996185,40.7323802]]]},"properties":{"addr:housenumber":"120","addr:street":"Waverly Place","building":"yes","height":"16.1","id":"way/248163373"}},{"type":"Feature","id":"way/248163374","geometry":{"type":"Polygon","coordinates":[[[-73.9993994,40.7327059],[-73.9993007,40.7328225],[-73.9992615,40.7328688],[-73.9993069,40.7328911],[-73.9993148,40.7328817],[-73.9993091,40.7328789],[-73.9993063,40.7328692],[-73.999312,40.7328624],[-73.9993513,40.7328817],[-73.9994232,40.7327967],[-73.9994705,40.7327408],[-73.9993994,40.7327059]]]},"properties":{"addr:housenumber":"121","addr:street":"Waverly Place","building":"yes","height":"14.2","id":"way/248163374"}},{"type":"Feature","id":"way/248163375","geometry":{"type":"Polygon","coordinates":[[[-74.0003449,40.7306268],[-74.0003047,40.7306738],[-74.0002424,40.7307466],[-74.0003087,40.7307795],[-74.0004113,40.7306597],[-74.0003449,40.7306268]]]},"properties":{"addr:housenumber":"121","addr:street":"West 3rd Street","building":"yes","height":"17.2","id":"way/248163375"}},{"type":"Feature","id":"way/248163376","geometry":{"type":"Polygon","coordinates":[[[-73.9996419,40.732467],[-73.9995503,40.7325749],[-73.9996144,40.7326064],[-73.999706,40.7324984],[-73.9996419,40.732467]]]},"properties":{"addr:housenumber":"122","addr:street":"Waverly Place","building":"yes","height":"18.3","id":"way/248163376"}},{"type":"Feature","id":"way/248163377","geometry":{"type":"Polygon","coordinates":[[[-73.9994705,40.7327408],[-73.9994232,40.7327967],[-73.9994421,40.7328059],[-73.9994444,40.7328208],[-73.9993059,40.7329844],[-73.9994154,40.7330381],[-73.9994409,40.7330032],[-73.9994654,40.7330135],[-73.9995149,40.7329456],[-73.9994724,40.7329248],[-73.9995318,40.7328546],[-73.9995682,40.7328725],[-73.9996132,40.7328107],[-73.9994705,40.7327408]]]},"properties":{"addr:housenumber":"123","addr:street":"Waverly Place","building":"yes","height":"30.7","id":"way/248163377"}},{"type":"Feature","id":"way/248163378","geometry":{"type":"Polygon","coordinates":[[[-74.0004813,40.7306944],[-74.0004113,40.7306597],[-74.0003087,40.7307795],[-74.0002946,40.730796],[-74.0003645,40.7308307],[-74.0004813,40.7306944]]]},"properties":{"addr:housenumber":"123","addr:street":"West 3rd Street","building":"yes","building:levels":"5","height":"16.7","id":"way/248163378"}},{"type":"Feature","id":"way/248163379","geometry":{"type":"Polygon","coordinates":[[[-73.9997233,40.732478],[-73.999706,40.7324984],[-73.9996144,40.7326064],[-73.9996845,40.7326408],[-73.9997934,40.7325124],[-73.9997233,40.732478]]]},"properties":{"addr:housenumber":"124","addr:street":"Waverly Place","building":"yes","height":"16.0","id":"way/248163379"}},{"type":"Feature","id":"way/248163380","geometry":{"type":"Polygon","coordinates":[[[-74.0005178,40.7310042],[-74.0006932,40.7307994],[-74.0004813,40.7306944],[-74.0003645,40.7308307],[-74.0003727,40.7308348],[-74.0003141,40.7309032],[-74.0005178,40.7310042]]]},"properties":{"addr:housenumber":"125","addr:street":"West 3rd Street","building":"yes","building:levels":"3","height":"13.2","id":"way/248163380"}},{"type":"Feature","id":"way/248163381","geometry":{"type":"Polygon","coordinates":[[[-74.0001083,40.7305765],[-74.0000705,40.7306207],[-74.0001952,40.7306825],[-74.000233,40.7306383],[-74.0001083,40.7305765]]]},"properties":{"addr:housenumber":"127","addr:street":"Mac Dougal Street","building":"yes","height":"12.7","id":"way/248163381"}},{"type":"Feature","id":"way/248163383","geometry":{"type":"Polygon","coordinates":[[[-74.0000705,40.7306207],[-74.000033,40.7306645],[-74.0001577,40.7307263],[-74.0001952,40.7306825],[-74.0000705,40.7306207]]]},"properties":{"addr:housenumber":"129","addr:street":"Mac Dougal Street","building":"yes","height":"12.4","id":"way/248163383"}},{"type":"Feature","id":"way/248163388","geometry":{"type":"Polygon","coordinates":[[[-74.000033,40.7306645],[-73.9999935,40.7307106],[-74.000139,40.7307827],[-74.0001785,40.7307366],[-74.0001577,40.7307263],[-74.000033,40.7306645]]]},"properties":{"addr:housenumber":"131","addr:street":"Mac Dougal Street","building":"yes","height":"12.4","id":"way/248163388"}},{"type":"Feature","id":"way/248163390","geometry":{"type":"Polygon","coordinates":[[[-74.0006932,40.7307994],[-74.0005178,40.7310042],[-74.0004988,40.7310264],[-74.0005928,40.7310695],[-74.0006953,40.7309283],[-74.0007636,40.7308342],[-74.0006932,40.7307994]]]},"properties":{"addr:housenumber":"131","addr:street":"West 3rd Street","building":"yes","height":"22.9","id":"way/248163390"}},{"type":"Feature","id":"way/248163391","geometry":{"type":"Polygon","coordinates":[[[-74.0000644,40.7311699],[-74.0001547,40.7310645],[-74.0000907,40.7310327],[-74.0000004,40.7311382],[-74.0000644,40.7311699]]]},"properties":{"addr:housenumber":"132","addr:street":"West 4th Street","building":"yes","height":"18.9","id":"way/248163391"}},{"type":"Feature","id":"way/248163392","geometry":{"type":"Polygon","coordinates":[[[-74.0007329,40.7310229],[-74.000675,40.7309986],[-74.0006713,40.730997],[-74.0006088,40.7310832],[-74.0006704,40.7311091],[-74.0006829,40.7310918],[-74.0007329,40.7310229]]]},"properties":{"addr:housenumber":"133 1/2","addr:street":"West 3rd Street","building":"yes","height":"10.1","id":"way/248163392"}},{"type":"Feature","id":"way/248163393","geometry":{"type":"Polygon","coordinates":[[[-74.0006953,40.7309283],[-74.000718,40.7309393],[-74.0007738,40.7309665],[-74.0008418,40.730873],[-74.0007636,40.7308342],[-74.0006953,40.7309283]]]},"properties":{"addr:housenumber":"133","addr:street":"West 3rd Street","building":"yes","height":"14.1","id":"way/248163393"}},{"type":"Feature","id":"way/248163394","geometry":{"type":"Polygon","coordinates":[[[-73.9998952,40.7312891],[-73.9997999,40.7314016],[-73.9997946,40.7314078],[-73.9998622,40.731441],[-73.9999628,40.7313223],[-73.9998952,40.7312891]]]},"properties":{"addr:housenumber":"133","addr:street":"West 4th Street","building":"yes","height":"15.2","id":"way/248163394"}},{"type":"Feature","id":"way/248163395","geometry":{"type":"Polygon","coordinates":[[[-74.0001547,40.7310645],[-74.0000644,40.7311699],[-74.0001312,40.731203],[-74.000178,40.7311482],[-74.0002214,40.7310975],[-74.0001547,40.7310645]]]},"properties":{"addr:housenumber":"134","addr:street":"West 4th Street","building":"yes","height":"16.4","id":"way/248163395"}},{"type":"Feature","id":"way/248163396","geometry":{"type":"Polygon","coordinates":[[[-73.9999433,40.7316028],[-73.9999794,40.7316205],[-74.0001502,40.731419],[-74.0001151,40.7314018],[-74.000108,40.7314102],[-74.0000089,40.7313616],[-74.0000161,40.7313532],[-73.9999736,40.7313323],[-73.9998028,40.7315338],[-73.9998377,40.731551],[-73.999827,40.7315636],[-73.9999326,40.7316154],[-73.9999433,40.7316028]]]},"properties":{"building":"church","height":"20.1","name":"Washington Square Church","id":"way/248163396"}},{"type":"Feature","id":"way/248163397","geometry":{"type":"Polygon","coordinates":[[[-74.0008418,40.730873],[-74.0007738,40.7309665],[-74.0007329,40.7310229],[-74.0006829,40.7310918],[-74.0007576,40.7311231],[-74.0009134,40.7309085],[-74.0008418,40.730873]]]},"properties":{"addr:housenumber":"135","addr:street":"West 3rd Street","building":"yes","height":"25.6","id":"way/248163397"}},{"type":"Feature","id":"way/248163398","geometry":{"type":"Polygon","coordinates":[[[-74.000178,40.7311482],[-74.0001312,40.731203],[-74.0002746,40.7312741],[-74.0003145,40.7312275],[-74.0003312,40.731208],[-74.0002921,40.7311886],[-74.0003465,40.7311251],[-74.0003856,40.7311444],[-74.0004247,40.7310988],[-74.0004505,40.7310686],[-74.0003299,40.7310089],[-74.0002009,40.7311595],[-74.000178,40.7311482]]]},"properties":{"building":"yes","height":"19.9","id":"way/248163398"}},{"type":"Feature","id":"way/248163399","geometry":{"type":"Polygon","coordinates":[[[-74.0004082,40.7331946],[-74.0003714,40.7332451],[-74.000334,40.7332964],[-74.0003127,40.7333255],[-74.0003825,40.7333549],[-74.0004756,40.7332273],[-74.0004082,40.7331946]]]},"properties":{"addr:housenumber":"137","addr:street":"Waverly Place","building":"yes","height":"12.2","id":"way/248163399"}},{"type":"Feature","id":"way/248163400","geometry":{"type":"Polygon","coordinates":[[[-74.0004756,40.7332273],[-74.0003825,40.7333549],[-74.0004571,40.7333864],[-74.0005476,40.7332623],[-74.0004756,40.7332273]]]},"properties":{"addr:housenumber":"139","addr:street":"Waverly Place","building":"yes","height":"11.1","id":"way/248163400"}},{"type":"Feature","id":"way/248163402","geometry":{"type":"Polygon","coordinates":[[[-74.0003145,40.7312275],[-74.0002746,40.7312741],[-74.0003742,40.7313234],[-74.0003992,40.7312941],[-74.0003852,40.7312871],[-74.0004488,40.7312128],[-74.0004376,40.7312073],[-74.0004669,40.7311731],[-74.0004781,40.7311786],[-74.0005249,40.731124],[-74.0005389,40.731131],[-74.0005655,40.7310999],[-74.000466,40.7310506],[-74.0004505,40.7310686],[-74.0004247,40.7310988],[-74.0004328,40.7311154],[-74.0003402,40.7312236],[-74.0003145,40.7312275]]]},"properties":{"addr:housenumber":"140","addr:street":"West 4th Street","building":"apartments","height":"21.9","id":"way/248163402"}},{"type":"Feature","id":"way/248163403","geometry":{"type":"Polygon","coordinates":[[[-74.0001518,40.7315493],[-74.0001685,40.7315297],[-74.0001865,40.7315084],[-74.0002337,40.7314527],[-74.0001629,40.731418],[-74.0000361,40.7315675],[-74.0000788,40.7315885],[-74.0001237,40.7315355],[-74.0001518,40.7315493]]]},"properties":{"addr:housenumber":"141","addr:street":"West 4th Street","building":"apartments","height":"12.7","id":"way/248163403"}},{"type":"Feature","id":"way/248163404","geometry":{"type":"Polygon","coordinates":[[[-74.0003992,40.7312941],[-74.0003742,40.7313234],[-74.000472,40.7313718],[-74.0004922,40.7313483],[-74.0005119,40.7313252],[-74.0005081,40.7313067],[-74.0005469,40.7312614],[-74.0005304,40.7312533],[-74.0005597,40.7312191],[-74.0005761,40.7312272],[-74.0006007,40.7311986],[-74.0006221,40.7311965],[-74.0006633,40.7311484],[-74.0005655,40.7310999],[-74.0005389,40.731131],[-74.0005517,40.7311373],[-74.000412,40.7313004],[-74.0003992,40.7312941]]]},"properties":{"building":"apartments","height":"21.8","id":"way/248163404"}},{"type":"Feature","id":"way/248163405","geometry":{"type":"Polygon","coordinates":[[[-74.0001685,40.7315297],[-74.0001518,40.7315493],[-74.0001502,40.7315512],[-74.0001564,40.7315652],[-74.0001439,40.7315799],[-74.0001337,40.7315827],[-74.000078,40.7316485],[-74.000152,40.7316847],[-74.0002049,40.7316223],[-74.0002059,40.7316143],[-74.0002208,40.7315968],[-74.0002415,40.731592],[-74.0002567,40.7315741],[-74.0002459,40.7315687],[-74.0002622,40.7315495],[-74.0002786,40.7315483],[-74.0003226,40.7314963],[-74.0002337,40.7314527],[-74.0001865,40.7315084],[-74.0001925,40.7315215],[-74.0001806,40.7315356],[-74.0001685,40.7315297]]]},"properties":{"addr:housenumber":"143","addr:street":"West 4th Street","building":"yes","height":"17.7","id":"way/248163405"}},{"type":"Feature","id":"way/248163408","geometry":{"type":"Polygon","coordinates":[[[-74.0002567,40.7315741],[-74.0002415,40.731592],[-74.0002541,40.7315982],[-74.0002296,40.7316271],[-74.0002255,40.7316251],[-74.0001681,40.7316927],[-74.0002067,40.7317116],[-74.0002821,40.7316226],[-74.0002881,40.7316256],[-74.0003756,40.7315223],[-74.0003226,40.7314963],[-74.0002786,40.7315483],[-74.00029,40.7315539],[-74.0002753,40.7315713],[-74.0002567,40.7315741]]]},"properties":{"addr:housenumber":"145","addr:street":"West 4th Street","building":"yes","height":"18.1","id":"way/248163408"}},{"type":"Feature","id":"way/248163411","geometry":{"type":"Polygon","coordinates":[[[-74.0006836,40.7311247],[-74.0006633,40.7311484],[-74.0006221,40.7311965],[-74.0005119,40.7313252],[-74.0004922,40.7313483],[-74.0005545,40.7313792],[-74.0005968,40.7313298],[-74.0006116,40.7313125],[-74.0007159,40.7311907],[-74.000746,40.7311556],[-74.0006836,40.7311247]]]},"properties":{"addr:housenumber":"146","addr:street":"West 4th Street","building":"yes","height":"16.4","id":"way/248163411"}},{"type":"Feature","id":"way/248163413","geometry":{"type":"Polygon","coordinates":[[[-74.0003756,40.7315223],[-74.0002881,40.7316256],[-74.0002159,40.7317108],[-74.0002646,40.7317348],[-74.0003369,40.7316495],[-74.0003593,40.7316605],[-74.0004469,40.7315573],[-74.0003756,40.7315223]]]},"properties":{"addr:housenumber":"147","addr:street":"West 4th Street","building":"yes","height":"16.3","id":"way/248163413"}},{"type":"Feature","id":"way/248163414","geometry":{"type":"Polygon","coordinates":[[[-74.0005968,40.7313298],[-74.0005545,40.7313792],[-74.0005343,40.7314029],[-74.000602,40.7314364],[-74.0006481,40.7313825],[-74.0005976,40.7313575],[-74.000614,40.7313383],[-74.0005968,40.7313298]]]},"properties":{"addr:housenumber":"148","addr:street":"West 4th Street","building":"yes","height":"6.4","id":"way/248163414"}},{"type":"Feature","id":"way/248163416","geometry":{"type":"Polygon","coordinates":[[[-74.0004469,40.7315573],[-74.0003593,40.7316605],[-74.0003513,40.73167],[-74.0004493,40.7317181],[-74.0004819,40.7316796],[-74.0005449,40.7316054],[-74.0004469,40.7315573]]]},"properties":{"addr:housenumber":"149","addr:street":"West 4th Street","building":"yes","height":"16.0","id":"way/248163416"}},{"type":"Feature","id":"way/248163420","geometry":{"type":"Polygon","coordinates":[[[-74.0007036,40.7313178],[-74.0006794,40.731346],[-74.0006481,40.7313825],[-74.000602,40.7314364],[-74.0006409,40.7314557],[-74.0006538,40.7314407],[-74.0006935,40.7314604],[-74.0007822,40.7313567],[-74.0007036,40.7313178]]]},"properties":{"addr:housenumber":"150","addr:street":"West 4th Street","building":"yes","height":"7.0","id":"way/248163420"}},{"type":"Feature","id":"way/248163424","geometry":{"type":"Polygon","coordinates":[[[-73.9984245,40.7325627],[-73.9983258,40.7326794],[-73.9986155,40.732823],[-73.9986485,40.7327822],[-73.998685,40.7328001],[-73.9987507,40.7327225],[-73.9986885,40.7326921],[-73.9986833,40.7326895],[-73.9986596,40.7326929],[-73.9985617,40.732645],[-73.9985341,40.7326315],[-73.9985278,40.7326133],[-73.9984245,40.7325627]]]},"properties":{"addr:housenumber":"171","addr:street":"MacDougal Street","building":"yes","height":"23.5","name":"Tenth Church of Christ Scientist","id":"way/248163424"}},{"type":"Feature","id":"way/248163425","geometry":{"type":"Polygon","coordinates":[[[-73.9983258,40.7326794],[-73.9982917,40.7327196],[-73.9985906,40.7328723],[-73.9986258,40.732827],[-73.9986155,40.732823],[-73.9983258,40.7326794]]]},"properties":{"addr:housenumber":"175","addr:street":"MacDougal Street","building":"yes","height":"13.3","id":"way/248163425"}},{"type":"Feature","id":"way/248163426","geometry":{"type":"Polygon","coordinates":[[[-73.9982917,40.7327196],[-73.9982284,40.7327944],[-73.9985381,40.7329461],[-73.9985896,40.7328731],[-73.9982917,40.7327196]]]},"properties":{"addr:housenumber":"177","addr:street":"MacDougal Street","building":"yes","height":"18.6","id":"way/248163426"}},{"type":"Feature","id":"way/248163431","geometry":{"type":"Polygon","coordinates":[[[-73.9989864,40.731898],[-73.9992587,40.7320318],[-73.9993221,40.7320629],[-73.9993761,40.7319993],[-73.9993426,40.7319828],[-73.999251,40.7319378],[-73.9991439,40.7318852],[-73.9990404,40.7318344],[-73.9989864,40.731898]]]},"properties":{"addr:housenumber":"31","addr:street":"Washington Square West","building":"apartments","height":"21.7","id":"way/248163431"}},{"type":"Feature","id":"way/248163432","geometry":{"type":"Polygon","coordinates":[[[-74.0001297,40.7331277],[-74.0000921,40.7331789],[-74.000334,40.7332964],[-74.0003714,40.7332451],[-74.0002796,40.7332006],[-74.0002693,40.7332129],[-74.0002398,40.7331985],[-74.0002247,40.7331912],[-74.000235,40.7331789],[-74.0001297,40.7331277]]]},"properties":{"addr:housenumber":"387","addr:street":"6th Avenue","building":"yes","height":"13.8","id":"way/248163432"}},{"type":"Feature","id":"way/248163433","geometry":{"type":"Polygon","coordinates":[[[-73.9994639,40.7330155],[-73.9994022,40.7331002],[-73.9993861,40.7331223],[-73.9993609,40.733157],[-73.9992973,40.7332442],[-73.9992886,40.7332562],[-73.999425,40.7333137],[-73.9994967,40.7332154],[-73.9994848,40.7332104],[-73.9994282,40.7331866],[-73.9994541,40.733151],[-73.9994669,40.7331564],[-73.9994902,40.7331245],[-73.999534,40.7331429],[-73.9996618,40.7331968],[-73.9996871,40.733162],[-73.9997163,40.7331219],[-73.9994639,40.7330155]]]},"properties":{"building:part":"yes","height":"7.6","id":"way/248163433"}},{"type":"Feature","id":"way/248163434","geometry":{"type":"Polygon","coordinates":[[[-74.000054,40.7332309],[-74.0002915,40.7333462],[-74.000296,40.7333484],[-74.0003127,40.7333255],[-74.000334,40.7332964],[-74.0000921,40.7331789],[-74.000054,40.7332309]]]},"properties":{"addr:housenumber":"389","addr:street":"6th Avenue","building":"yes","height":"14.1","id":"way/248163434"}},{"type":"Feature","id":"way/248163435","geometry":{"type":"Polygon","coordinates":[[[-74.000054,40.7332309],[-73.999978,40.7333346],[-74.00013,40.7334036],[-74.0001261,40.7334086],[-74.0002079,40.7334457],[-74.0002915,40.7333462],[-74.000054,40.7332309]]]},"properties":{"addr:housenumber":"391","addr:street":"6th Avenue","building":"commercial","height":"4.9","leisure":"fitness_centre","name":"Orangetheory Fitness","id":"way/248163435"}},{"type":"Feature","id":"way/248163436","geometry":{"type":"Polygon","coordinates":[[[-73.999425,40.7333137],[-73.999541,40.7333626],[-73.9996618,40.7331968],[-73.9996871,40.733162],[-73.9997163,40.7331219],[-73.9994639,40.7330155],[-73.9994022,40.7331002],[-73.9993861,40.7331223],[-73.9993609,40.733157],[-73.9992973,40.7332442],[-73.9992886,40.7332562],[-73.999425,40.7333137]]]},"properties":{"building":"yes","height":"18.7","id":"way/248163436"}},{"type":"Feature","id":"way/248163439","geometry":{"type":"Polygon","coordinates":[[[-73.9986237,40.7328303],[-73.9985381,40.7329461],[-73.9984637,40.7330483],[-73.9986234,40.7331156],[-73.9987586,40.73293],[-73.9988148,40.7328529],[-73.998736,40.7328197],[-73.9987042,40.7328633],[-73.9986237,40.7328303]]]},"properties":{"addr:housenumber":"46-44","addr:street":"West 8th Street","building":"yes","height":"8.9","id":"way/248163439"}},{"type":"Feature","id":"way/248163440","geometry":{"type":"Polygon","coordinates":[[[-73.9987586,40.73293],[-73.9986234,40.7331156],[-73.9986992,40.7331476],[-73.9988345,40.732962],[-73.9987586,40.73293]]]},"properties":{"addr:housenumber":"48","addr:street":"West 8th Street","building":"yes","height":"17.8","id":"way/248163440"}},{"type":"Feature","id":"way/248163441","geometry":{"type":"Polygon","coordinates":[[[-73.9988345,40.732962],[-73.9986992,40.7331476],[-73.9987745,40.7331794],[-73.9989098,40.7329937],[-73.9988834,40.7329826],[-73.9988345,40.732962]]]},"properties":{"addr:housenumber":"50","addr:street":"West 8th Street","building":"yes","height":"18.3","id":"way/248163441"}},{"type":"Feature","id":"way/248163442","geometry":{"type":"Polygon","coordinates":[[[-73.9990183,40.7328447],[-73.9989098,40.7329937],[-73.9987745,40.7331794],[-73.9989262,40.7332433],[-73.9989801,40.7331693],[-73.9989548,40.7331586],[-73.9991447,40.732898],[-73.9990183,40.7328447]]]},"properties":{"addr:housenumber":"52","addr:street":"West 8th Street","building":"yes","height":"11.4","id":"way/248163442"}},{"type":"Feature","id":"way/248163443","geometry":{"type":"Polygon","coordinates":[[[-73.9991537,40.7329311],[-73.9989801,40.7331693],[-73.9989262,40.7332433],[-73.9990041,40.7332762],[-73.9990908,40.7331571],[-73.9991871,40.733025],[-73.9992236,40.7330404],[-73.9992323,40.7330284],[-73.9992681,40.7329793],[-73.9991537,40.7329311]]]},"properties":{"addr:housenumber":"56","addr:street":"West 8th Street","building":"yes","height":"5.1","id":"way/248163443"}},{"type":"Feature","id":"way/248163444","geometry":{"type":"Polygon","coordinates":[[[-73.9991779,40.7331938],[-73.9990911,40.7333129],[-73.9991204,40.7333252],[-73.9992071,40.7332061],[-73.9991779,40.7331938]]]},"properties":{"addr:housenumber":"58 1/2","addr:street":"West 8th Street","building":"yes","height":"15.7","id":"way/248163444"}},{"type":"Feature","id":"way/248163445","geometry":{"type":"Polygon","coordinates":[[[-73.9990908,40.7331571],[-73.9990041,40.7332762],[-73.9990911,40.7333129],[-73.9991779,40.7331938],[-73.9990908,40.7331571]]]},"properties":{"addr:housenumber":"58","addr:street":"West 8th Street","building":"yes","height":"15.3","id":"way/248163445"}},{"type":"Feature","id":"way/248163446","geometry":{"type":"Polygon","coordinates":[[[-73.9992071,40.7332061],[-73.9991204,40.7333252],[-73.9992106,40.7333632],[-73.9992886,40.7332562],[-73.9992973,40.7332442],[-73.9992071,40.7332061]]]},"properties":{"addr:housenumber":"60","addr:street":"West 8th Street","building":"yes","height":"15.8","id":"way/248163446"}},{"type":"Feature","id":"way/248163447","geometry":{"type":"Polygon","coordinates":[[[-73.9994622,40.7318978],[-73.9993761,40.7319993],[-73.9993221,40.7320629],[-73.9992902,40.7321005],[-73.9993548,40.7321322],[-73.9993611,40.7321247],[-73.9995268,40.7319295],[-73.9994622,40.7318978]]]},"properties":{"addr:housenumber":"69","addr:street":"West Washington Place","building":"yes","height":"15.8","id":"way/248163447"}},{"type":"Feature","id":"way/248163448","geometry":{"type":"Polygon","coordinates":[[[-73.9995268,40.7319295],[-73.9993611,40.7321247],[-73.9994261,40.7321566],[-73.9994854,40.7320867],[-73.9995917,40.7319614],[-73.9995268,40.7319295]]]},"properties":{"addr:housenumber":"71","addr:street":"West Washington Place","building":"yes","height":"21.9","id":"way/248163448"}},{"type":"Feature","id":"way/248163449","geometry":{"type":"Polygon","coordinates":[[[-73.9995917,40.7319614],[-73.9994854,40.7320867],[-73.9995536,40.7321202],[-73.99966,40.7319949],[-73.9995917,40.7319614]]]},"properties":{"addr:housenumber":"73","addr:street":"West Washington Place","building":"yes","height":"15.1","id":"way/248163449"}},{"type":"Feature","id":"way/248163450","geometry":{"type":"Polygon","coordinates":[[[-73.9998064,40.73169],[-73.9997675,40.7317359],[-73.9996997,40.731816],[-73.9997698,40.7318504],[-73.9998765,40.7317244],[-73.9998064,40.73169]]]},"properties":{"addr:housenumber":"74","addr:street":"West Washington Place","building":"yes","height":"16.0","id":"way/248163450"}},{"type":"Feature","id":"way/248163451","geometry":{"type":"Polygon","coordinates":[[[-73.99966,40.7319949],[-73.9995536,40.7321202],[-73.9994944,40.73219],[-73.9995626,40.7322235],[-73.9997282,40.7320284],[-73.99966,40.7319949]]]},"properties":{"addr:housenumber":"75","addr:street":"West Washington Place","building":"yes","height":"15.0","id":"way/248163451"}},{"type":"Feature","id":"way/248163452","geometry":{"type":"Polygon","coordinates":[[[-73.9998765,40.7317244],[-73.9997698,40.7318504],[-73.9998386,40.7318841],[-73.9999232,40.7317843],[-73.9999349,40.7317705],[-73.9998891,40.7317481],[-73.9998996,40.7317358],[-73.9998765,40.7317244]]]},"properties":{"addr:housenumber":"76","addr:street":"West Washington Place","building":"yes","height":"13.7","id":"way/248163452"}},{"type":"Feature","id":"way/248163453","geometry":{"type":"Polygon","coordinates":[[[-73.9997282,40.7320284],[-73.9995626,40.7322235],[-73.9995506,40.7322377],[-73.9996162,40.7322699],[-73.9997511,40.732111],[-73.9997938,40.7320606],[-73.9997282,40.7320284]]]},"properties":{"addr:housenumber":"77","addr:street":"West Washington Place","building":"yes","height":"15.8","id":"way/248163453"}},{"type":"Feature","id":"way/248163454","geometry":{"type":"Polygon","coordinates":[[[-73.9999232,40.7317843],[-73.9998386,40.7318841],[-73.9999044,40.7319164],[-73.999989,40.7318166],[-73.9999232,40.7317843]]]},"properties":{"addr:housenumber":"78","addr:street":"West Washington Place","building":"yes","height":"15.9","id":"way/248163454"}},{"type":"Feature","id":"way/248163455","geometry":{"type":"Polygon","coordinates":[[[-73.9997938,40.7320606],[-73.9997511,40.732111],[-73.9997756,40.7321231],[-73.9996713,40.7322461],[-73.9997575,40.7322884],[-73.9998618,40.7321654],[-73.9998816,40.7321751],[-73.9999244,40.7321247],[-73.9997938,40.7320606]]]},"properties":{"addr:housenumber":"79","addr:street":"West Washington Place","building":"yes","height":"28.8","id":"way/248163455"}},{"type":"Feature","id":"way/248163457","geometry":{"type":"Polygon","coordinates":[[[-73.999989,40.7318166],[-73.9999044,40.7319164],[-73.9999732,40.7319501],[-74.0000215,40.7318931],[-74.0000577,40.7318504],[-73.999989,40.7318166]]]},"properties":{"addr:housenumber":"80","addr:street":"West Washington Place","building":"yes","height":"16.1","id":"way/248163457"}},{"type":"Feature","id":"way/248163458","geometry":{"type":"Polygon","coordinates":[[[-74.0000215,40.7318931],[-73.9999732,40.7319501],[-74.0001738,40.7320486],[-74.0002021,40.7320153],[-74.0002221,40.7319916],[-74.0001615,40.7319618],[-74.0001803,40.7319396],[-74.0002026,40.7319367],[-74.0002171,40.7319196],[-74.0002171,40.7319075],[-74.0002075,40.7319028],[-74.0002224,40.7318852],[-74.0002472,40.7318973],[-74.0002431,40.7319022],[-74.0002812,40.7319224],[-74.0003329,40.7318609],[-74.0001322,40.7317625],[-74.0000816,40.7318223],[-74.0001212,40.7318417],[-74.0001249,40.7318374],[-74.0001498,40.7318496],[-74.0001348,40.7318672],[-74.0001229,40.7318613],[-74.0001113,40.7318651],[-74.0000948,40.7318845],[-74.0000948,40.7318944],[-74.0001047,40.7318993],[-74.0000839,40.7319238],[-74.0000215,40.7318931]]]},"properties":{"addr:housenumber":"82","addr:street":"West Washington Place","building":"yes","height":"20.4","id":"way/248163458"}},{"type":"Feature","id":"way/248163459","geometry":{"type":"Polygon","coordinates":[[[-73.9999244,40.7321247],[-73.9998816,40.7321751],[-73.9999008,40.7321846],[-73.999871,40.7322196],[-73.9998556,40.732212],[-73.9998339,40.7322376],[-73.9998493,40.7322452],[-73.9998224,40.732277],[-73.9998083,40.73227],[-73.9997637,40.7323225],[-73.9998284,40.7323543],[-73.9998729,40.7323018],[-73.9998595,40.7322952],[-73.9999342,40.7322072],[-73.9999476,40.7322138],[-73.9999941,40.732159],[-73.9999244,40.7321247]]]},"properties":{"addr:housenumber":"83","addr:street":"West Washington Place","building":"yes","height":"17.7","id":"way/248163459"}},{"type":"Feature","id":"way/248163460","geometry":{"type":"Polygon","coordinates":[[[-73.9999094,40.7322588],[-73.9999153,40.7322616],[-73.99998,40.7322934],[-74.0000626,40.7321961],[-74.0000647,40.7321936],[-73.9999941,40.732159],[-73.9999476,40.7322138],[-73.9999094,40.7322588]]]},"properties":{"addr:housenumber":"85","addr:street":"West Washington Place","building":"yes","height":"13.7","id":"way/248163460"}},{"type":"Feature","id":"way/248163461","geometry":{"type":"Polygon","coordinates":[[[-74.0004215,40.7317564],[-74.0004093,40.7317708],[-74.0003624,40.7318261],[-74.0003329,40.7318609],[-74.0002812,40.7319224],[-74.0002221,40.7319916],[-74.0002021,40.7320153],[-74.0001738,40.7320486],[-74.0004117,40.7321653],[-74.0006412,40.7318503],[-74.0006083,40.7318362],[-74.0005048,40.7317919],[-74.0004313,40.7317605],[-74.0004215,40.7317564]]]},"properties":{"addr:housenumber":"88","addr:street":"West Washington Place","building":"yes","id":"way/248163461"}},{"type":"Feature","id":"way/248163464","geometry":{"type":"Polygon","coordinates":[[[-73.9998031,40.730933],[-73.9998854,40.7309738],[-73.9999817,40.7310272],[-74.0000488,40.7310605],[-74.0000561,40.7310638],[-74.0001665,40.7309337],[-74.0001758,40.7309383],[-74.0002118,40.7308959],[-74.0001887,40.7308846],[-74.0002342,40.730831],[-74.000139,40.7307827],[-73.9999935,40.7307106],[-73.9998031,40.730933]]]},"properties":{"building":"university","height":"25.4","name":"Wilf Hall","id":"way/248163464"}},{"type":"Feature","id":"way/248163465","geometry":{"type":"Polygon","coordinates":[[[-73.9992891,40.7318929],[-73.999251,40.7319378],[-73.9993426,40.7319828],[-73.9994271,40.7318833],[-73.9991248,40.7317349],[-73.9990404,40.7318344],[-73.9991439,40.7318852],[-73.9991511,40.7318767],[-73.9991415,40.731872],[-73.9991654,40.7318438],[-73.9992733,40.7318968],[-73.9992803,40.7318886],[-73.9992891,40.7318929]]]},"properties":{"building":"apartments","height":"49.0","id":"way/248163465"}},{"type":"Feature","id":"way/248163466","geometry":{"type":"Polygon","coordinates":[[[-73.9994624,40.7313417],[-73.999353,40.7314707],[-73.9995061,40.7315459],[-73.9994943,40.7315598],[-73.999635,40.7316288],[-73.9996468,40.7316149],[-73.9997397,40.7316605],[-73.9997721,40.7316223],[-73.999821,40.7315646],[-73.9997806,40.7315448],[-73.9998088,40.7315116],[-73.9997472,40.7314814],[-73.9996635,40.7314403],[-73.9995627,40.7313909],[-73.9994624,40.7313417]]]},"properties":{"building":"yes","building:levels":"1","height":"29.2","name":"Lipton Dining Hall","id":"way/248163466"}},{"type":"Feature","id":"way/248163467","geometry":{"type":"Polygon","coordinates":[[[-73.9992587,40.7320318],[-73.9989864,40.731898],[-73.9987482,40.7321786],[-73.9989825,40.7322936],[-73.9990779,40.7321812],[-73.999054,40.7321695],[-73.9990616,40.7321606],[-73.9990459,40.7321529],[-73.9990383,40.7321618],[-73.9990077,40.7321468],[-73.9990027,40.7321527],[-73.9989706,40.732137],[-73.9990687,40.7320213],[-73.9992091,40.7320903],[-73.9992587,40.7320318]]]},"properties":{"building":"apartments","height":"65.6","id":"way/248163467"}},{"type":"Feature","id":"way/248163468","geometry":{"type":"Polygon","coordinates":[[[-73.9995061,40.7315459],[-73.999353,40.7314707],[-73.9992481,40.7315944],[-73.9996629,40.7317979],[-73.9997307,40.7317179],[-73.9997675,40.7317359],[-73.9998064,40.73169],[-73.9998465,40.7316428],[-73.999834,40.7316367],[-73.9998244,40.731648],[-73.9997721,40.7316223],[-73.9997397,40.7316605],[-73.9996468,40.7316149],[-73.999635,40.7316288],[-73.9994943,40.7315598],[-73.9995061,40.7315459]]]},"properties":{"building":"dormitory","building:levels":"17","height":"50.1","name":"Lipton Hall","roof:shape":"flat","id":"way/248163468"}},{"type":"Feature","id":"way/248163469","geometry":{"type":"Polygon","coordinates":[[[-73.9996855,40.7314144],[-73.9996635,40.7314403],[-73.9997472,40.7314814],[-73.9997999,40.7314191],[-73.9997894,40.731414],[-73.9997946,40.7314078],[-73.9997999,40.7314016],[-73.9997901,40.7313968],[-73.9997796,40.7314092],[-73.9997564,40.7313978],[-73.9998622,40.7312729],[-73.999621,40.7311546],[-73.9994624,40.7313417],[-73.9995627,40.7313909],[-73.9995934,40.7313545],[-73.9996798,40.7313969],[-73.9996855,40.7314144]]]},"properties":{"building":"yes","height":"64.3","id":"way/248163469"}},{"type":"Feature","id":"way/248163470","geometry":{"type":"Polygon","coordinates":[[[-73.999875,40.7324164],[-73.9997934,40.7325124],[-73.9996845,40.7326408],[-73.9999635,40.7327778],[-73.9999974,40.7327312],[-73.999992,40.7327289],[-74.0000002,40.7327177],[-74.0000055,40.7327199],[-74.0002603,40.7323696],[-74.000255,40.7323674],[-74.0002631,40.7323562],[-74.0002685,40.7323585],[-74.0003021,40.7323123],[-74.0002231,40.7322735],[-74.0002153,40.7322828],[-74.0002,40.7322752],[-74.0002069,40.732267],[-74.0000626,40.7321961],[-73.99998,40.7322934],[-73.9999153,40.7322616],[-73.9998108,40.7323848],[-73.9998716,40.7324147],[-73.999875,40.7324164]]]},"properties":{"building":"yes","height":"17.7","id":"way/248163470"}},{"type":"Feature","id":"way/248163472","geometry":{"type":"Polygon","coordinates":[[[-74.000718,40.7309393],[-74.000675,40.7309986],[-74.0007329,40.7310229],[-74.0007738,40.7309665],[-74.000718,40.7309393]]]},"properties":{"building":"yes","height":"3.6","id":"way/248163472"}},{"type":"Feature","id":"way/248163473","geometry":{"type":"Polygon","coordinates":[[[-73.9994031,40.7321877],[-73.9993271,40.7322772],[-73.9993956,40.7323108],[-73.9994715,40.7322213],[-73.9994031,40.7321877]]]},"properties":{"building":"yes","height":"6.3","id":"way/248163473"}},{"type":"Feature","id":"way/248163475","geometry":{"type":"Polygon","coordinates":[[[-74.0007159,40.7311907],[-74.0006116,40.7313125],[-74.0006794,40.731346],[-74.0007036,40.7313178],[-74.0007836,40.7312243],[-74.0007159,40.7311907]]]},"properties":{"building":"yes","height":"14.2","id":"way/248163475"}},{"type":"Feature","id":"way/248163477","geometry":{"type":"Polygon","coordinates":[[[-74.0005476,40.7332623],[-74.0004571,40.7333864],[-74.0004498,40.7333964],[-74.0005111,40.7334223],[-74.0006068,40.733291],[-74.0005476,40.7332623]]]},"properties":{"building":"yes","height":"12.8","id":"way/248163477"}},{"type":"Feature","id":"way/248163478","geometry":{"type":"Polygon","coordinates":[[[-73.9998083,40.7323836],[-73.9997564,40.7324447],[-73.9998198,40.7324758],[-73.9998716,40.7324147],[-73.9998108,40.7323848],[-73.9998083,40.7323836]]]},"properties":{"building":"yes","height":"5.0","id":"way/248163478"}},{"type":"Feature","id":"way/248163479","geometry":{"type":"Polygon","coordinates":[[[-73.9992886,40.7332562],[-73.9992106,40.7333632],[-73.9994438,40.7334615],[-73.9994747,40.7334536],[-73.999541,40.7333626],[-73.999425,40.7333137],[-73.9992886,40.7332562]]]},"properties":{"addr:housenumber":"396","addr:street":"6th Avenue","building":"retail","height":"9.4","id":"way/248163479"}},{"type":"Feature","id":"way/248163480","geometry":{"type":"Polygon","coordinates":[[[-74.0003624,40.7318261],[-74.0004093,40.7317708],[-74.0003085,40.7317214],[-74.0002654,40.7317722],[-74.0002707,40.7317811],[-74.0003624,40.7318261]]]},"properties":{"building":"yes","height":"14.3","id":"way/248163480"}},{"type":"Feature","id":"way/248163481","geometry":{"type":"Polygon","coordinates":[[[-74.0001297,40.7331277],[-74.000235,40.7331789],[-74.0002796,40.7332006],[-74.0003714,40.7332451],[-74.0004082,40.7331946],[-74.0001666,40.7330773],[-74.0001297,40.7331277]]]},"properties":{"building":"yes","height":"14.9","id":"way/248163481"}},{"type":"Feature","id":"way/248163484","geometry":{"type":"Polygon","coordinates":[[[-74.0004946,40.7316858],[-74.0004313,40.7317605],[-74.0005048,40.7317919],[-74.0006083,40.7318362],[-74.0006412,40.7318503],[-74.0007485,40.7317052],[-74.0005449,40.7316054],[-74.0004819,40.7316796],[-74.0004946,40.7316858]]]},"properties":{"building":"yes","height":"10.9","id":"way/248163484"}},{"type":"Feature","id":"way/248163485","geometry":{"type":"Polygon","coordinates":[[[-73.9996132,40.7328107],[-73.9995682,40.7328725],[-73.9995149,40.7329456],[-73.9994654,40.7330135],[-73.9994639,40.7330155],[-73.9997163,40.7331219],[-73.9998227,40.7329758],[-73.9998563,40.7329298],[-73.9996132,40.7328107]]]},"properties":{"addr:housenumber":"378","addr:street":"6th Avenue","building":"retail","height":"5.8","id":"way/248163485"}},{"type":"Feature","id":"way/248163486","geometry":{"type":"Polygon","coordinates":[[[-73.9993181,40.7330646],[-73.9992767,40.7331215],[-73.9993609,40.733157],[-73.9993861,40.7331223],[-73.9994022,40.7331002],[-73.9994006,40.7330917],[-73.999333,40.7330632],[-73.9993181,40.7330646]]]},"properties":{"building":"yes","height":"13.9","id":"way/248163486"}},{"type":"Feature","id":"way/248163487","geometry":{"type":"Polygon","coordinates":[[[-73.9992323,40.7330284],[-73.9992236,40.7330404],[-73.9991909,40.7330853],[-73.9992767,40.7331215],[-73.9993181,40.7330646],[-73.9993139,40.7330552],[-73.9992463,40.7330267],[-73.9992323,40.7330284]]]},"properties":{"building":"yes","height":"13.6","id":"way/248163487"}},{"type":"Feature","id":"way/248163488","geometry":{"type":"Polygon","coordinates":[[[-73.9989343,40.7329128],[-73.9988834,40.7329826],[-73.9989098,40.7329937],[-73.9990183,40.7328447],[-73.998992,40.7328336],[-73.9989639,40.7328721],[-73.9989366,40.7328606],[-73.998907,40.7329012],[-73.9989343,40.7329128]]]},"properties":{"building":"yes","height":"4.7","id":"way/248163488"}},{"type":"Feature","id":"way/248163491","geometry":{"type":"Polygon","coordinates":[[[-73.9998854,40.7309738],[-73.9998031,40.730933],[-73.9997501,40.7309949],[-73.9997635,40.7310208],[-73.9999877,40.7311319],[-74.0000488,40.7310605],[-73.9999817,40.7310272],[-73.9999631,40.7310279],[-73.9998759,40.7309848],[-73.9998854,40.7309738]]]},"properties":{"building":"yes","height":"17.5","id":"way/248163491"}},{"type":"Feature","id":"way/248166208","geometry":{"type":"Polygon","coordinates":[[[-73.9971308,40.7290516],[-73.996937,40.7292821],[-73.99673,40.7295282],[-73.9970233,40.7296699],[-73.9973048,40.7298058],[-73.9974998,40.7295738],[-73.9977056,40.7293291],[-73.9971308,40.7290516]]]},"properties":{"addr:housenumber":"70","addr:street":"Washington Square South","building":"university","building:colour":"#C89B7E","building:part":"yes","height":"43","name":"Elmer Holmes Bobst Library","roof:colour":"#858178","roof:material":"concrete","roof:shape":"flat","id":"way/248166208"}},{"type":"Feature","id":"way/248166209","geometry":{"type":"Polygon","coordinates":[[[-73.9951162,40.7301297],[-73.9951493,40.7301458],[-73.9952705,40.7302049],[-73.9952819,40.7301914],[-73.9953379,40.7302188],[-73.9953462,40.730209],[-73.9953909,40.7302308],[-73.9954249,40.7302474],[-73.9954568,40.7302098],[-73.9954802,40.7302212],[-73.9955416,40.730149],[-73.9955337,40.7301451],[-73.9956205,40.7300412],[-73.9955784,40.7300208],[-73.9954346,40.7299503],[-73.9953172,40.7298941],[-73.9951162,40.7301297]]]},"properties":{"building":"university","building:levels":"10","building:material":"brick","height":"43.7","name":"Brown Building","roof:shape":"flat","id":"way/248166209"}},{"type":"Feature","id":"way/248166210","geometry":{"type":"Polygon","coordinates":[[[-73.9957482,40.7295581],[-73.9957557,40.729549],[-73.9957827,40.7295164],[-73.9959086,40.7295766],[-73.9958709,40.7296223],[-73.9959424,40.7296564],[-73.9960193,40.7295633],[-73.9960745,40.7294965],[-73.996127,40.7294329],[-73.9958368,40.7292907],[-73.9956499,40.7295124],[-73.9957482,40.7295581]]]},"properties":{"building":"university","height":"58.2","name":"Frederick Loewe Theatre","id":"way/248166210"}},{"type":"Feature","id":"way/248166211","geometry":{"type":"Polygon","coordinates":[[[-73.9952648,40.7304655],[-73.9952525,40.7304595],[-73.9952379,40.7304767],[-73.9954154,40.7305636],[-73.9955705,40.7306395],[-73.9956626,40.7305306],[-73.9958433,40.730317],[-73.9959401,40.7301965],[-73.9957034,40.7300809],[-73.9956646,40.7300623],[-73.9956205,40.7300412],[-73.9955337,40.7301451],[-73.9955416,40.730149],[-73.9954802,40.7302212],[-73.9955264,40.7302438],[-73.9954537,40.7303298],[-73.9954198,40.7303132],[-73.9954014,40.7303042],[-73.9953402,40.7303765],[-73.9952648,40.7304655]]]},"properties":{"addr:housenumber":"100","addr:street":"Washington Square East","building":"university","building:colour":"white","building:levels":"10","building:levels:underground":"2","building:material":"brick","building:prefabricated":"no","height":"49.4","name":"Silver Center for Arts and Science","roof:levels":"1","roof:shape":"flat","id":"way/248166211"}},{"type":"Feature","id":"way/248166212","geometry":{"type":"Polygon","coordinates":[[[-73.9963716,40.7293525],[-73.9963668,40.7293582],[-73.9964642,40.7294048],[-73.9965555,40.7294493],[-73.9969686,40.7289605],[-73.9967847,40.7288703],[-73.9967815,40.7288741],[-73.996575,40.7287729],[-73.9965258,40.728831],[-73.9964066,40.7289716],[-73.9963712,40.7290135],[-73.9963556,40.7290069],[-73.9963302,40.7290009],[-73.9962948,40.7290007],[-73.9962613,40.7290094],[-73.9962365,40.7290212],[-73.9962225,40.7290367],[-73.9962085,40.7290615],[-73.9962066,40.7290856],[-73.9962119,40.7291081],[-73.9962294,40.7291315],[-73.996256,40.7291493],[-73.9961785,40.7292459],[-73.9961648,40.729263],[-73.9963716,40.7293525]]]},"properties":{"addr:housenumber":"50","addr:street":"West 4th Street","building":"university","height":"50.5","name":"Henry Kaufman Management Center","id":"way/248166212"}},{"type":"Feature","id":"way/248166213","geometry":{"type":"Polygon","coordinates":[[[-73.9959897,40.7310604],[-73.9958826,40.7311956],[-73.9959066,40.7312066],[-73.9958167,40.7313201],[-73.9958716,40.7313453],[-73.9959431,40.7312622],[-73.9960786,40.7311047],[-73.9959897,40.7310604]]]},"properties":{"addr:housenumber":"6","addr:street":"Washington Square North","building":"university","height":"18.9","id":"way/248166213"}},{"type":"Feature","id":"way/248166214","geometry":{"type":"Polygon","coordinates":[[[-73.9956528,40.7308926],[-73.9955435,40.7310305],[-73.9955757,40.7310453],[-73.9955508,40.7310767],[-73.9956041,40.7311012],[-73.9957364,40.7309342],[-73.9956528,40.7308926]]]},"properties":{"addr:housenumber":"2","addr:street":"Washington Square North","building":"university","height":"17.2","name":"Jane Eisner and William B. Bram House","id":"way/248166214"}},{"type":"Feature","id":"way/248166215","geometry":{"type":"Polygon","coordinates":[[[-73.9954642,40.7311306],[-73.9955435,40.7310305],[-73.9956528,40.7308926],[-73.9955746,40.7308536],[-73.9954681,40.7309878],[-73.995456,40.7309822],[-73.9953874,40.7310687],[-73.9953927,40.7310711],[-73.9953771,40.7310907],[-73.9954642,40.7311306]]]},"properties":{"addr:housenumber":"1","addr:street":"Washington Square North","building":"university","height":"17.0","name":"John J. Creedon House","id":"way/248166215"}},{"type":"Feature","id":"way/248166216","geometry":{"type":"Polygon","coordinates":[[[-73.9955078,40.731213],[-73.9954442,40.7312932],[-73.9955324,40.7313301],[-73.995586,40.7312625],[-73.9955878,40.7312602],[-73.9955811,40.7312464],[-73.9955895,40.7312358],[-73.9956137,40.7312387],[-73.9957122,40.7311144],[-73.9958214,40.7309766],[-73.9957364,40.7309342],[-73.9956041,40.7311012],[-73.9955328,40.7311911],[-73.9955353,40.7312031],[-73.9955275,40.731213],[-73.9955078,40.731213]]]},"properties":{"addr:housenumber":"3","addr:street":"Washington Square North","building":"university","height":"19.6","name":"Ruth Lewis Farkas House","id":"way/248166216"}},{"type":"Feature","id":"way/248166217","geometry":{"type":"Polygon","coordinates":[[[-73.9959056,40.7310185],[-73.9957236,40.7312482],[-73.9958096,40.7312876],[-73.9958826,40.7311956],[-73.9959897,40.7310604],[-73.9959056,40.7310185]]]},"properties":{"addr:housenumber":"5","addr:street":"Washington Square North","building":"university","height":"17.9","id":"way/248166217"}},{"type":"Feature","id":"way/248166218","geometry":{"type":"Polygon","coordinates":[[[-73.9958678,40.7313554],[-73.9958411,40.7313891],[-73.9957992,40.731442],[-73.9958684,40.731471],[-73.9959325,40.7313825],[-73.9958678,40.7313554]]]},"properties":{"addr:housenumber":"10","addr:street":"Washington Mews","building":"university","height":"6.9","id":"way/248166218"}},{"type":"Feature","id":"way/248166219","geometry":{"type":"Polygon","coordinates":[[[-73.9949844,40.7292299],[-73.9948246,40.7294177],[-73.9949548,40.7294819],[-73.995042,40.7293794],[-73.9951146,40.729294],[-73.9949844,40.7292299]]]},"properties":{"addr:housenumber":"10","addr:street":"Washington Place","building":"university","height":"24.8","name":"Arthur L. Carter Hall","id":"way/248166219"}},{"type":"Feature","id":"way/248166220","geometry":{"type":"Polygon","coordinates":[[[-73.9976809,40.7324067],[-73.997623,40.7324867],[-73.9976442,40.7324956],[-73.9976569,40.732478],[-73.997716,40.7325028],[-73.9977179,40.7325],[-73.9977612,40.7324403],[-73.9976809,40.7324067]]]},"properties":{"addr:housenumber":"11","addr:street":"MacDougal Alley","building":"yes","height":"10.4","id":"way/248166220"}},{"type":"Feature","id":"way/248166221","geometry":{"type":"Polygon","coordinates":[[[-73.995751,40.7313477],[-73.995707,40.7314034],[-73.9957992,40.731442],[-73.9958411,40.7313891],[-73.995751,40.7313477]]]},"properties":{"addr:housenumber":"11","addr:street":"Washington Mews","building":"university","height":"7.2","id":"way/248166221"}},{"type":"Feature","id":"way/248166222","geometry":{"type":"Polygon","coordinates":[[[-73.9978102,40.7322418],[-73.9977979,40.7322588],[-73.9977486,40.732327],[-73.9978368,40.7323639],[-73.9978984,40.7322788],[-73.9978559,40.732261],[-73.9978102,40.7322418]]]},"properties":{"addr:housenumber":"12","addr:street":"MacDougal Alley","building":"yes","height":"12.7","id":"way/248166222"}},{"type":"Feature","id":"way/248166223","geometry":{"type":"Polygon","coordinates":[[[-73.9957089,40.7312668],[-73.9956272,40.7313699],[-73.995707,40.7314034],[-73.995751,40.7313477],[-73.9957869,40.7313025],[-73.9957089,40.7312668]]]},"properties":{"addr:housenumber":"12","addr:street":"Washington Mews","building":"university","height":"7.0","id":"way/248166223"}},{"type":"Feature","id":"way/248166224","geometry":{"type":"Polygon","coordinates":[[[-73.9943524,40.730017],[-73.9945068,40.7298389],[-73.9944764,40.7298236],[-73.9944821,40.729817],[-73.9944335,40.7297926],[-73.9942734,40.7299774],[-73.9943524,40.730017]]]},"properties":{"addr:housenumber":"12","addr:street":"Waverly Place","building":"yes","height":"43.9","id":"way/248166224"}},{"type":"Feature","id":"way/248166225","geometry":{"type":"Polygon","coordinates":[[[-73.9976015,40.7323735],[-73.9975397,40.732459],[-73.9976191,40.7324922],[-73.997623,40.7324867],[-73.9976809,40.7324067],[-73.9976015,40.7323735]]]},"properties":{"addr:housenumber":"13","addr:street":"MacDougal Alley","building":"yes","height":"11.3","id":"way/248166225"}},{"type":"Feature","id":"way/248166226","geometry":{"type":"Polygon","coordinates":[[[-73.9977708,40.7321398],[-73.9977293,40.7321972],[-73.997711,40.7322225],[-73.9977979,40.7322588],[-73.9978102,40.7322418],[-73.9978612,40.7321713],[-73.9978689,40.7321607],[-73.9978457,40.7321494],[-73.9978336,40.7321661],[-73.9977708,40.7321398]]]},"properties":{"addr:housenumber":"14","addr:street":"Mac Dougal Alley","building":"yes","height":"18.2","id":"way/248166226"}},{"type":"Feature","id":"way/248166227","geometry":{"type":"Polygon","coordinates":[[[-73.995586,40.7312625],[-73.9955324,40.7313301],[-73.9956272,40.7313699],[-73.9957089,40.7312668],[-73.9957138,40.7312606],[-73.9956511,40.7312318],[-73.9956159,40.7312762],[-73.995586,40.7312625]]]},"properties":{"addr:housenumber":"14","addr:street":"Washington Mews","building":"university","height":"9.7","id":"way/248166227"}},{"type":"Feature","id":"way/248166228","geometry":{"type":"Polygon","coordinates":[[[-73.9945068,40.7298389],[-73.9943524,40.730017],[-73.9944538,40.7300678],[-73.9945984,40.7299017],[-73.9945201,40.7298624],[-73.9945358,40.7298443],[-73.9945136,40.7298331],[-73.994508,40.7298395],[-73.9945068,40.7298389]]]},"properties":{"addr:housenumber":"14","addr:street":"Waverly Place","building":"yes","height":"43.9","id":"way/248166228"}},{"type":"Feature","id":"way/248166229","geometry":{"type":"Polygon","coordinates":[[[-73.9974379,40.7323083],[-73.9972642,40.7325484],[-73.9973468,40.732583],[-73.9973494,40.7325795],[-73.9974605,40.7324259],[-73.9974739,40.7324074],[-73.9974545,40.7323993],[-73.9975012,40.7323347],[-73.9974379,40.7323083]]]},"properties":{"addr:housenumber":"14","addr:street":"West 8th Street","building":"yes","height":"16.3","id":"way/248166229"}},{"type":"Feature","id":"way/248166230","geometry":{"type":"Polygon","coordinates":[[[-73.9975224,40.7323404],[-73.9974739,40.7324074],[-73.9974605,40.7324259],[-73.9975397,40.732459],[-73.9976015,40.7323735],[-73.9975224,40.7323404]]]},"properties":{"addr:housenumber":"15","addr:street":"MacDougal Alley","building":"yes","height":"10.2","id":"way/248166230"}},{"type":"Feature","id":"way/248166231","geometry":{"type":"Polygon","coordinates":[[[-73.9954231,40.7311733],[-73.995356,40.7312562],[-73.9954442,40.7312932],[-73.9955078,40.731213],[-73.9954231,40.7311733]]]},"properties":{"addr:housenumber":"15","addr:street":"Washington Mews","building":"university","height":"9.6","id":"way/248166231"}},{"type":"Feature","id":"way/248166232","geometry":{"type":"Polygon","coordinates":[[[-73.9946334,40.729562],[-73.9945691,40.7296362],[-73.9946016,40.7296525],[-73.9945046,40.7297644],[-73.9947132,40.7298691],[-73.9947676,40.7298062],[-73.9947712,40.7298081],[-73.9947775,40.7298008],[-73.9947916,40.7298078],[-73.9947813,40.7298197],[-73.9948063,40.7298322],[-73.9948166,40.7298204],[-73.9948242,40.7298242],[-73.9947635,40.7298943],[-73.994892,40.7299587],[-73.994989,40.7298468],[-73.9950229,40.7298638],[-73.9950873,40.7297896],[-73.9948877,40.7296895],[-73.9948599,40.7297215],[-73.9948686,40.7297259],[-73.9948403,40.7297586],[-73.994821,40.7297489],[-73.9948127,40.7297584],[-73.9947786,40.7297413],[-73.9947869,40.7297318],[-73.9947679,40.7297223],[-73.9947962,40.7296896],[-73.994804,40.7296935],[-73.9948318,40.7296614],[-73.9946334,40.729562]]]},"properties":{"addr:housenumber":"15","addr:street":"Washington Place","building":"university","height":"19.2","id":"way/248166232"}},{"type":"Feature","id":"way/248166233","geometry":{"type":"Polygon","coordinates":[[[-73.9976261,40.7321974],[-73.9975828,40.7322571],[-73.997662,40.7322903],[-73.9977052,40.7322305],[-73.9976261,40.7321974]]]},"properties":{"addr:housenumber":"16","addr:street":"MacDougal Alley","building":"yes","height":"9.3","id":"way/248166233"}},{"type":"Feature","id":"way/248166234","geometry":{"type":"Polygon","coordinates":[[[-73.9945984,40.7299017],[-73.9944538,40.7300678],[-73.9945538,40.730118],[-73.9947141,40.729933],[-73.9946856,40.7299187],[-73.9946695,40.7299373],[-73.9945984,40.7299017]]]},"properties":{"addr:housenumber":"16","addr:street":"Waverly Place","building":"university","height":"43.9","name":"Center for Genomics and Systems Biology","id":"way/248166234"}},{"type":"Feature","id":"way/248166235","geometry":{"type":"Polygon","coordinates":[[[-73.9980174,40.7326475],[-73.9979908,40.7326842],[-73.998078,40.7327207],[-73.9981079,40.7326854],[-73.9980174,40.7326475]]]},"properties":{"building":"yes","height":"4.1","id":"way/248166235"}},{"type":"Feature","id":"way/248166236","geometry":{"type":"Polygon","coordinates":[[[-73.9947141,40.729933],[-73.9945538,40.730118],[-73.9946523,40.7301674],[-73.9948126,40.7299824],[-73.9947141,40.729933]]]},"properties":{"addr:housenumber":"18","addr:street":"Waverly Place","building":"yes","height":"30.8","id":"way/248166236"}},{"type":"Feature","id":"way/248166237","geometry":{"type":"Polygon","coordinates":[[[-73.9975583,40.7320096],[-73.9974707,40.7319729],[-73.9973779,40.7321012],[-73.9974417,40.7321279],[-73.9975107,40.7320326],[-73.9975344,40.7320426],[-73.99755,40.7320211],[-73.9975583,40.7320096]]]},"properties":{"addr:housenumber":"19 REAR","addr:street":"Washington Square North","building":"yes","height":"11.4","id":"way/248166237"}},{"type":"Feature","id":"way/248166238","geometry":{"type":"Polygon","coordinates":[[[-73.9975728,40.7318352],[-73.9974707,40.7319729],[-73.9975583,40.7320096],[-73.9976525,40.7318794],[-73.9975728,40.7318352]]]},"properties":{"addr:housenumber":"19","addr:street":"Washington Square North","building":"apartments","height":"18.7","id":"way/248166238"}},{"type":"Feature","id":"way/248166239","geometry":{"type":"Polygon","coordinates":[[[-73.9964351,40.7315932],[-73.996371,40.7316818],[-73.9964415,40.7317113],[-73.9965056,40.7316228],[-73.9964351,40.7315932]]]},"properties":{"building":"university","height":"7.2","id":"way/248166239"}},{"type":"Feature","id":"way/248166240","geometry":{"type":"Polygon","coordinates":[[[-73.9974282,40.7321894],[-73.9974598,40.7321458],[-73.9973721,40.7321091],[-73.9973406,40.7321527],[-73.9974282,40.7321894]]]},"properties":{"addr:housenumber":"20","addr:street":"Mac Dougal Alley","building":"yes","height":"7.0","id":"way/248166240"}},{"type":"Feature","id":"way/248166241","geometry":{"type":"Polygon","coordinates":[[[-73.9948989,40.730007],[-73.9949008,40.7300266],[-73.9949688,40.7300608],[-73.9951744,40.7298236],[-73.9950931,40.7297829],[-73.9950873,40.7297896],[-73.9950229,40.7298638],[-73.9948989,40.730007]]]},"properties":{"addr:housenumber":"21","addr:street":"Washington Place","building":"university","height":"32.2","name":"244 Greene Street-Department of English","id":"way/248166241"}},{"type":"Feature","id":"way/248166242","geometry":{"type":"Polygon","coordinates":[[[-73.9977852,40.7321199],[-73.9978457,40.7321494],[-73.9978689,40.7321607],[-73.9979628,40.732031],[-73.9978791,40.7319901],[-73.9977852,40.7321199]]]},"properties":{"addr:housenumber":"22","addr:street":"Washington Square North","building":"university","height":"20.5","name":"NYU Law Jean Monnet Center","id":"way/248166242"}},{"type":"Feature","id":"way/248166243","geometry":{"type":"Polygon","coordinates":[[[-73.9978962,40.7322052],[-73.9978559,40.732261],[-73.9978984,40.7322788],[-73.9979511,40.7322059],[-73.9980477,40.7320724],[-73.9979628,40.732031],[-73.9978689,40.7321607],[-73.9978612,40.7321713],[-73.9978704,40.7321944],[-73.9978962,40.7322052]]]},"properties":{"addr:housenumber":"23","addr:street":"Washington Square North","building":"apartments","height":"20.5","id":"way/248166243"}},{"type":"Feature","id":"way/248166244","geometry":{"type":"Polygon","coordinates":[[[-73.9977447,40.7326056],[-73.9976673,40.7327126],[-73.9976648,40.7327161],[-73.9977393,40.7327473],[-73.9978192,40.7326368],[-73.9977447,40.7326056]]]},"properties":{"addr:housenumber":"24","addr:street":"West 8th Street","building":"yes","height":"13.7","id":"way/248166244"}},{"type":"Feature","id":"way/248166245","geometry":{"type":"Polygon","coordinates":[[[-73.9981333,40.7321143],[-73.9980401,40.7322431],[-73.9980349,40.7322503],[-73.9981173,40.7322847],[-73.9982126,40.732153],[-73.9981333,40.7321143]]]},"properties":{"addr:housenumber":"25","addr:street":"Washington Square North","building":"yes","height":"18.2","id":"way/248166245"}},{"type":"Feature","id":"way/248166246","geometry":{"type":"Polygon","coordinates":[[[-73.9952851,40.7290227],[-73.995125,40.7292109],[-73.995434,40.7293631],[-73.9955941,40.7291748],[-73.9952851,40.7290227]]]},"properties":{"addr:housenumber":"25","addr:street":"West 4th Street","building":"university","height":"24.5","name":"Bonomi Family NYU Admissions Center","id":"way/248166246"}},{"type":"Feature","id":"way/248166247","geometry":{"type":"Polygon","coordinates":[[[-73.99576,40.7298548],[-73.9957354,40.7298833],[-73.9958301,40.729928],[-73.9959688,40.7297596],[-73.995859,40.7297072],[-73.9957436,40.7298469],[-73.99576,40.7298548]]]},"properties":{"building":"university","height":"26.2","name":"Pless Annex","id":"way/248166247"}},{"type":"Feature","id":"way/248166248","geometry":{"type":"Polygon","coordinates":[[[-73.9982126,40.732153],[-73.9981173,40.7322847],[-73.9981691,40.7323064],[-73.9981522,40.7323299],[-73.9981852,40.7323437],[-73.9982554,40.7322467],[-73.9982944,40.7321929],[-73.9982126,40.732153]]]},"properties":{"addr:housenumber":"26","addr:street":"Washington Square North","building":"yes","height":"18.1","id":"way/248166248"}},{"type":"Feature","id":"way/248166249","geometry":{"type":"Polygon","coordinates":[[[-73.9978192,40.7326368],[-73.9977393,40.7327473],[-73.9978191,40.7327808],[-73.9978991,40.7326703],[-73.9978192,40.7326368]]]},"properties":{"addr:housenumber":"26","addr:street":"West 8th Street","building":"yes","height":"17.2","id":"way/248166249"}},{"type":"Feature","id":"way/248166251","geometry":{"type":"Polygon","coordinates":[[[-73.9963638,40.7315634],[-73.9962997,40.7316519],[-73.996371,40.7316818],[-73.9964351,40.7315932],[-73.9963638,40.7315634]]]},"properties":{"addr:housenumber":"3","addr:street":"Washington Mews","building":"university","height":"6.9","id":"way/248166251"}},{"type":"Feature","id":"way/248166252","geometry":{"type":"Polygon","coordinates":[[[-73.9957357,40.7311251],[-73.9956511,40.7312318],[-73.9957138,40.7312606],[-73.9957236,40.7312482],[-73.9959056,40.7310185],[-73.9958214,40.7309766],[-73.9957122,40.7311144],[-73.9957357,40.7311251]]]},"properties":{"addr:housenumber":"4","addr:street":"Washington Square North","building":"university","height":"17.4","id":"way/248166252"}},{"type":"Feature","id":"way/248166253","geometry":{"type":"Polygon","coordinates":[[[-73.9979176,40.7325058],[-73.9978433,40.7326085],[-73.9979204,40.7326408],[-73.9979947,40.7325381],[-73.9979176,40.7325058]]]},"properties":{"addr:housenumber":"5","addr:street":"MacDougal Alley","building":"yes","height":"7.2","id":"way/248166253"}},{"type":"Feature","id":"way/248166254","geometry":{"type":"Polygon","coordinates":[[[-73.9988117,40.7303296],[-73.9988093,40.7303325],[-73.998677,40.7304884],[-73.9987483,40.7305234],[-73.998883,40.7303646],[-73.9988668,40.7303567],[-73.9988797,40.7303498],[-73.9989112,40.7303127],[-73.9988668,40.7302909],[-73.9988354,40.730328],[-73.9988317,40.7303395],[-73.9988117,40.7303296]]]},"properties":{"addr:housenumber":"51","addr:street":"Washington Square South","building":"university","height":"17.3","name":"Heyman Hall","id":"way/248166254"}},{"type":"Feature","id":"way/248166255","geometry":{"type":"Polygon","coordinates":[[[-73.9987333,40.7302952],[-73.9986124,40.7304378],[-73.9986011,40.7304511],[-73.998677,40.7304884],[-73.9988093,40.7303325],[-73.9987333,40.7302952]]]},"properties":{"addr:housenumber":"52","addr:street":"Washington Square South","building":"university","height":"26.1","id":"way/248166255"}},{"type":"Feature","id":"way/248166256","geometry":{"type":"Polygon","coordinates":[[[-73.9986551,40.7302568],[-73.9985341,40.7303994],[-73.9986124,40.7304378],[-73.9987333,40.7302952],[-73.9986551,40.7302568]]]},"properties":{"addr:housenumber":"53","addr:street":"Washington Square South","building":"university","height":"21.1","id":"way/248166256"}},{"type":"Feature","id":"way/248166257","geometry":{"type":"Polygon","coordinates":[[[-73.9984804,40.7303389],[-73.9984478,40.7303774],[-73.9985219,40.7304138],[-73.9985341,40.7303994],[-73.9986551,40.7302568],[-73.9986828,40.730224],[-73.9985667,40.730167],[-73.9984952,40.7302513],[-73.9985452,40.7302758],[-73.9985138,40.7303129],[-73.9984884,40.7303428],[-73.9984804,40.7303389]]]},"properties":{"addr:housenumber":"54","addr:street":"Washington Square South","building":"university","height":"21.5","name":"King Juan Carlos I of Spain Center","id":"way/248166257"}},{"type":"Feature","id":"way/248166258","geometry":{"type":"Polygon","coordinates":[[[-73.9980534,40.7323747],[-73.9980099,40.7324351],[-73.9980923,40.7324696],[-73.9981359,40.7324092],[-73.9980534,40.7323747]]]},"properties":{"addr:housenumber":"6","addr:street":"MacDougal Alley","building":"yes","height":"7.6","id":"way/248166258"}},{"type":"Feature","id":"way/248166259","geometry":{"type":"Polygon","coordinates":[[[-73.9961459,40.731472],[-73.9960818,40.7315605],[-73.996154,40.7315908],[-73.9962181,40.7315023],[-73.9961459,40.731472]]]},"properties":{"addr:housenumber":"6","addr:street":"Washington Mews","building":"university","height":"7.2","id":"way/248166259"}},{"type":"Feature","id":"way/248166260","geometry":{"type":"Polygon","coordinates":[[[-73.9960773,40.7314432],[-73.9960132,40.7315318],[-73.9960818,40.7315605],[-73.9961459,40.731472],[-73.9960773,40.7314432]]]},"properties":{"building":"university","height":"7.1","id":"way/248166260"}},{"type":"Feature","id":"way/248166261","geometry":{"type":"Polygon","coordinates":[[[-73.9978403,40.7324734],[-73.9977971,40.7325332],[-73.9977785,40.7325589],[-73.997766,40.7325761],[-73.9978433,40.7326085],[-73.9979176,40.7325058],[-73.9978403,40.7324734]]]},"properties":{"addr:housenumber":"7","addr:street":"MacDougal Alley","building":"yes","height":"9.5","id":"way/248166261"}},{"type":"Feature","id":"way/248166262","geometry":{"type":"Polygon","coordinates":[[[-73.9960028,40.731412],[-73.9959387,40.7315005],[-73.9960132,40.7315318],[-73.9960773,40.7314432],[-73.9960028,40.731412]]]},"properties":{"addr:housenumber":"8","addr:street":"Washington Mews","building":"university","height":"7.2","id":"way/248166262"}},{"type":"Feature","id":"way/248166263","geometry":{"type":"Polygon","coordinates":[[[-73.9959325,40.7313825],[-73.9958684,40.731471],[-73.9959387,40.7315005],[-73.9960028,40.731412],[-73.9959325,40.7313825]]]},"properties":{"building":"university","height":"6.9","id":"way/248166263"}},{"type":"Feature","id":"way/248166264","geometry":{"type":"Polygon","coordinates":[[[-73.9977612,40.7324403],[-73.9977179,40.7325],[-73.9977971,40.7325332],[-73.9978403,40.7324734],[-73.9977612,40.7324403]]]},"properties":{"addr:housenumber":"9","addr:street":"MacDougal Alley","building":"yes","height":"8.0","id":"way/248166264"}},{"type":"Feature","id":"way/248166265","geometry":{"type":"Polygon","coordinates":[[[-73.9948126,40.7299824],[-73.9946523,40.7301674],[-73.9948085,40.7302457],[-73.9949688,40.7300608],[-73.9949008,40.7300266],[-73.9948126,40.7299824]]]},"properties":{"building":"university","height":"35.5","name":"Kimball Hall","id":"way/248166265"}},{"type":"Feature","id":"way/248166266","geometry":{"type":"Polygon","coordinates":[[[-73.9961216,40.7297823],[-73.9961252,40.7298069],[-73.996216,40.7298503],[-73.9962717,40.7297828],[-73.9963681,40.7296661],[-73.9964379,40.7295815],[-73.9963623,40.7295453],[-73.9962665,40.7294996],[-73.996127,40.7294329],[-73.9960745,40.7294965],[-73.9960193,40.7295633],[-73.9961433,40.7296225],[-73.9960957,40.7296801],[-73.9960464,40.7297398],[-73.9961254,40.7297776],[-73.9961216,40.7297823]]]},"properties":{"building":"university","height":"25.5","name":"Paulette Goddard Hall","id":"way/248166266"}},{"type":"Feature","id":"way/248166267","geometry":{"type":"Polygon","coordinates":[[[-73.9964066,40.7289716],[-73.9965258,40.728831],[-73.9960357,40.7285907],[-73.9959166,40.7287313],[-73.9964066,40.7289716]]]},"properties":{"building":"university","height":"45.0","name":"Tisch Hall","id":"way/248166267"}},{"type":"Feature","id":"way/248166268","geometry":{"type":"Polygon","coordinates":[[[-73.9953755,40.7288626],[-73.9955459,40.7289456],[-73.995554,40.7289359],[-73.9955596,40.7289387],[-73.9955987,40.7289405],[-73.9956358,40.7288963],[-73.9956141,40.7288539],[-73.9956164,40.7288512],[-73.9956521,40.7288685],[-73.9959068,40.7285648],[-73.9958798,40.7285517],[-73.9958824,40.7285487],[-73.995928,40.7285507],[-73.9959617,40.7285105],[-73.9959461,40.7284819],[-73.9959388,40.7284784],[-73.9959462,40.7284696],[-73.9957696,40.7283841],[-73.9957534,40.7284038],[-73.9957464,40.7284029],[-73.9957124,40.7284435],[-73.9957356,40.7284727],[-73.9957332,40.7284755],[-73.9957099,40.7284642],[-73.9954345,40.7287926],[-73.9954183,40.7287924],[-73.9953848,40.7288324],[-73.995392,40.7288433],[-73.9953755,40.7288626]]]},"properties":{"addr:housenumber":"251","addr:street":"Mercer Street","building":"university","height":"49.6","name":"Warren Weaver Hall","id":"way/248166268"}},{"type":"Feature","id":"way/248166269","geometry":{"type":"Polygon","coordinates":[[[-73.9970293,40.731162],[-73.9969847,40.7312151],[-73.9971757,40.7313074],[-73.9972203,40.7312544],[-73.9970293,40.731162]]]},"properties":{"building":"triumphal_arch","height":"20.5","name":"Washington Square Arch","id":"way/248166269"}},{"type":"Feature","id":"way/248166270","geometry":{"type":"Polygon","coordinates":[[[-73.9972642,40.7325484],[-73.9974379,40.7323083],[-73.9972836,40.7322437],[-73.9972869,40.7322392],[-73.9972102,40.732207],[-73.9971499,40.7322903],[-73.997217,40.7323184],[-73.9971899,40.7323558],[-73.9971204,40.7323267],[-73.9970307,40.7324507],[-73.9972642,40.7325484]]]},"properties":{"building":"yes","height":"19.3","id":"way/248166270"}},{"type":"Feature","id":"way/248166271","geometry":{"type":"Polygon","coordinates":[[[-73.9983088,40.7321729],[-73.9982944,40.7321929],[-73.9982554,40.7322467],[-73.9983212,40.7322789],[-73.998312,40.7322898],[-73.9982754,40.7322719],[-73.9981738,40.7323919],[-73.9982007,40.732405],[-73.9981798,40.7324297],[-73.9981625,40.7324213],[-73.9981197,40.7324719],[-73.998237,40.7325294],[-73.9984714,40.7322524],[-73.9983088,40.7321729]]]},"properties":{"building":"yes","height":"29.9","id":"way/248166271"}},{"type":"Feature","id":"way/248166272","geometry":{"type":"Polygon","coordinates":[[[-73.9957482,40.7295581],[-73.9956499,40.7295124],[-73.9955924,40.7295753],[-73.9954457,40.7297448],[-73.9954543,40.7297488],[-73.9955731,40.7298049],[-73.9957354,40.7298833],[-73.99576,40.7298548],[-73.9957436,40.7298469],[-73.995859,40.7297072],[-73.9958965,40.7296617],[-73.9957807,40.7296064],[-73.9957991,40.7295842],[-73.995776,40.7295731],[-73.9957845,40.7295627],[-73.9957557,40.729549],[-73.9957482,40.7295581]]]},"properties":{"addr:housenumber":"18","addr:street":"Washington Place","building":"university","height":"35.4","name":"Academic Resource Center","id":"way/248166272"}},{"type":"Feature","id":"way/248166273","geometry":{"type":"Polygon","coordinates":[[[-73.9960786,40.7311047],[-73.9959431,40.7312622],[-73.9960448,40.7313129],[-73.9960995,40.7312494],[-73.9961429,40.731271],[-73.9960977,40.7313235],[-73.9962505,40.7313996],[-73.9963141,40.7313257],[-73.9963833,40.7313602],[-73.9963197,40.7314341],[-73.9964716,40.7315097],[-73.9964283,40.7315599],[-73.9965875,40.7316392],[-73.9966107,40.7316122],[-73.9965008,40.7315575],[-73.9965216,40.7315332],[-73.9966168,40.7315807],[-73.996742,40.7314351],[-73.9960786,40.7311047]]]},"properties":{"building":"university","height":"18.7","id":"way/248166273"}},{"type":"Feature","id":"way/248166274","geometry":{"type":"Polygon","coordinates":[[[-73.9974836,40.7321129],[-73.9974598,40.7321458],[-73.9974282,40.7321894],[-73.9974265,40.7321917],[-73.9975828,40.7322571],[-73.9976261,40.7321974],[-73.9976634,40.7321457],[-73.9977091,40.7320827],[-73.9977131,40.732077],[-73.9976765,40.7320617],[-73.9977075,40.7320189],[-73.9977441,40.7320342],[-73.9978029,40.7319529],[-73.9976525,40.7318794],[-73.9975583,40.7320096],[-73.99755,40.7320211],[-73.9976086,40.7320456],[-73.997548,40.7321294],[-73.9975414,40.7321267],[-73.9975356,40.7321347],[-73.9974836,40.7321129]]]},"properties":{"addr:housenumber":"19","addr:street":"Washington Square North","building":"university","building:levels":"5","height":"17.7","name":"NYU Abu Dhabi","id":"way/248166274"}},{"type":"Feature","id":"way/248166275","geometry":{"type":"Polygon","coordinates":[[[-73.9965056,40.7316228],[-73.9964415,40.7317113],[-73.9964897,40.7317315],[-73.9965135,40.7317415],[-73.9965777,40.731653],[-73.9965056,40.7316228]]]},"properties":{"building":"university","height":"7.8","id":"way/248166275"}},{"type":"Feature","id":"way/248166276","geometry":{"type":"Polygon","coordinates":[[[-73.9980099,40.7324351],[-73.9980534,40.7323747],[-73.9979789,40.7323435],[-73.9979352,40.7324039],[-73.9980099,40.7324351]]]},"properties":{"building":"yes","height":"7.6","id":"way/248166276"}},{"type":"Feature","id":"way/248166277","geometry":{"type":"Polygon","coordinates":[[[-73.9962916,40.7315331],[-73.9962275,40.7316216],[-73.9962997,40.7316519],[-73.9963638,40.7315634],[-73.9962916,40.7315331]]]},"properties":{"building":"university","height":"7.2","id":"way/248166277"}},{"type":"Feature","id":"way/248166278","geometry":{"type":"Polygon","coordinates":[[[-73.9962181,40.7315023],[-73.996154,40.7315908],[-73.9962275,40.7316216],[-73.9962916,40.7315331],[-73.9962181,40.7315023]]]},"properties":{"building":"university","height":"7.2","id":"way/248166278"}},{"type":"Feature","id":"way/248166279","geometry":{"type":"Polygon","coordinates":[[[-73.9979908,40.7326842],[-73.9978973,40.7328135],[-73.9979728,40.7328451],[-73.998078,40.7327207],[-73.9979908,40.7326842]]]},"properties":{"building":"yes","height":"13.4","id":"way/248166279"}},{"type":"Feature","id":"way/248166280","geometry":{"type":"Polygon","coordinates":[[[-73.9944335,40.7297926],[-73.9943525,40.729752],[-73.9941924,40.7299368],[-73.9942734,40.7299774],[-73.9944335,40.7297926]]]},"properties":{"building":"university","height":"37.9","name":"285 Mercer Street","id":"way/248166280"}},{"type":"Feature","id":"way/248166281","geometry":{"type":"Polygon","coordinates":[[[-73.9980729,40.7325708],[-73.9980174,40.7326475],[-73.9981079,40.7326854],[-73.9981704,40.7326116],[-73.9980729,40.7325708]]]},"properties":{"building":"yes","height":"11.4","id":"way/248166281"}},{"type":"Feature","id":"way/248166282","geometry":{"type":"Polygon","coordinates":[[[-73.9980477,40.7320724],[-73.9979511,40.7322059],[-73.9980401,40.7322431],[-73.9981333,40.7321143],[-73.9980477,40.7320724]]]},"properties":{"building":"university","height":"18.2","id":"way/248166282"}},{"type":"Feature","id":"way/248166283","geometry":{"type":"Polygon","coordinates":[[[-73.9989173,40.7303241],[-73.998883,40.7303646],[-73.9987483,40.7305234],[-73.9988257,40.7305614],[-73.9989947,40.7303621],[-73.9989173,40.7303241]]]},"properties":{"building":"university","height":"20.4","name":"Hagop Kevorkian Center for Near Eastern Studies","id":"way/248166283"}},{"type":"Feature","id":"way/248166284","geometry":{"type":"Polygon","coordinates":[[[-73.9945525,40.7295213],[-73.9943525,40.729752],[-73.9944335,40.7297926],[-73.9945691,40.7296362],[-73.9946334,40.729562],[-73.9945525,40.7295213]]]},"properties":{"building":"university","height":"17.1","name":"NYU Department of Public Safety and Card Center","id":"way/248166284"}},{"type":"Feature","id":"way/248166285","geometry":{"type":"Polygon","coordinates":[[[-73.9955941,40.7291748],[-73.995434,40.7293631],[-73.9954083,40.7293934],[-73.9954896,40.7294334],[-73.9956755,40.7292149],[-73.9955941,40.7291748]]]},"properties":{"building":"university","height":"14.2","name":"Global Inclusion, Diversity, and Strategic Innovation Office","id":"way/248166285"}},{"type":"Feature","id":"way/248166286","geometry":{"type":"Polygon","coordinates":[[[-73.9984175,40.7300323],[-73.9986035,40.7301236],[-73.9989437,40.7302905],[-73.9991539,40.7300426],[-73.9986278,40.7297844],[-73.9984175,40.7300323]]]},"properties":{"building":"university","height":"44.3","name":"Furman Hall","id":"way/248166286"}},{"type":"Feature","id":"way/248166287","geometry":{"type":"Polygon","coordinates":[[[-73.9952705,40.7302049],[-73.9951493,40.7301458],[-73.9951162,40.7301297],[-73.995055,40.730202],[-73.9949509,40.7303264],[-73.9952379,40.7304767],[-73.9952525,40.7304595],[-73.9952648,40.7304655],[-73.9954014,40.7303042],[-73.9952463,40.7302313],[-73.9952705,40.7302049]]]},"properties":{"building":"university","building:levels":"11","building:material":"brick","height":"49.7","name":"Waverly Building","roof:shape":"flat","id":"way/248166287"}},{"type":"Feature","id":"way/248166288","geometry":{"type":"Polygon","coordinates":[[[-73.9984638,40.7302883],[-73.9984058,40.7303568],[-73.9984478,40.7303774],[-73.9984804,40.7303389],[-73.9984884,40.7303428],[-73.9985138,40.7303129],[-73.9984638,40.7302883]]]},"properties":{"building":"yes","height":"10.2","id":"way/248166288"}},{"type":"Feature","id":"way/248166289","geometry":{"type":"Polygon","coordinates":[[[-73.9959851,40.7297399],[-73.9959688,40.7297596],[-73.9958301,40.729928],[-73.9960601,40.7300383],[-73.996216,40.7298503],[-73.9961252,40.7298069],[-73.9959851,40.7297399]]]},"properties":{"building":"university","height":"25.9","name":"Joseph and Violet Pless Building","id":"way/248166289"}},{"type":"Feature","id":"way/248166290","geometry":{"type":"Polygon","coordinates":[[[-73.9978029,40.7319529],[-73.9977441,40.7320342],[-73.9977131,40.732077],[-73.9977091,40.7320827],[-73.9977852,40.7321199],[-73.9978791,40.7319901],[-73.9978029,40.7319529]]]},"properties":{"building":"apartments","height":"20.9","id":"way/248166290"}},{"type":"Feature","id":"way/248166291","geometry":{"type":"Polygon","coordinates":[[[-73.9950128,40.7291965],[-73.9948856,40.7291338],[-73.9946952,40.7293577],[-73.9948224,40.7294203],[-73.9948246,40.7294177],[-73.9949844,40.7292299],[-73.9950128,40.7291965]]]},"properties":{"building":"university","height":"32.6","id":"way/248166291"}},{"type":"Feature","id":"way/248166292","geometry":{"type":"Polygon","coordinates":[[[-73.996975,40.7323612],[-73.997031,40.7323846],[-73.9971001,40.7322892],[-73.9970316,40.7322606],[-73.9970479,40.7322381],[-73.9969951,40.732216],[-73.9970104,40.7321949],[-73.9970017,40.7321913],[-73.9970947,40.7320627],[-73.9971034,40.7320663],[-73.9971183,40.7320458],[-73.9972158,40.7320866],[-73.9972275,40.7320704],[-73.9972565,40.7320826],[-73.997326,40.7319865],[-73.997297,40.7319744],[-73.997309,40.7319578],[-73.9972114,40.731917],[-73.9972257,40.7318973],[-73.9972169,40.7318937],[-73.9972625,40.7318323],[-73.9974587,40.7319183],[-73.99754,40.7318186],[-73.9975291,40.7318128],[-73.9972953,40.731697],[-73.9970562,40.7315838],[-73.9969521,40.7317151],[-73.997086,40.7317703],[-73.9970482,40.731823],[-73.9970394,40.7318194],[-73.9970252,40.731839],[-73.9969261,40.7317976],[-73.9969148,40.7318132],[-73.9969069,40.7318098],[-73.9969028,40.7318155],[-73.9968828,40.7318071],[-73.9968201,40.7318938],[-73.9968401,40.7319022],[-73.9968365,40.7319071],[-73.9968453,40.7319108],[-73.9968336,40.731927],[-73.9969318,40.7319681],[-73.9969171,40.7319884],[-73.9969259,40.7319921],[-73.9968995,40.7320285],[-73.9969085,40.7320323],[-73.996867,40.7320897],[-73.9968572,40.7320855],[-73.9968317,40.7321208],[-73.9968231,40.7321172],[-73.9968079,40.7321381],[-73.9966952,40.7320909],[-73.9966751,40.7321187],[-73.99666,40.7321124],[-73.996585,40.7322162],[-73.9966,40.7322225],[-73.9965768,40.7322545],[-73.9966923,40.7323028],[-73.9967013,40.7322904],[-73.996746,40.7323091],[-73.9967539,40.7322983],[-73.9969419,40.732377],[-73.996968,40.7323709],[-73.996975,40.7323612]]]},"properties":{"building":"apartments","height":"63.1","id":"way/248166292"}},{"type":"Feature","id":"way/248166293","geometry":{"type":"Polygon","coordinates":[[[-73.9977091,40.7320827],[-73.9976634,40.7321457],[-73.9977147,40.7321672],[-73.9977014,40.7321855],[-73.9977293,40.7321972],[-73.9977708,40.7321398],[-73.9977852,40.7321199],[-73.9977091,40.7320827]]]},"properties":{"building":"yes","height":"11.5","id":"way/248166293"}},{"type":"Feature","id":"way/248166294","geometry":{"type":"Polygon","coordinates":[[[-73.995356,40.7312562],[-73.9954231,40.7311733],[-73.9954494,40.7311408],[-73.9953707,40.7311039],[-73.9953543,40.7311242],[-73.9953467,40.7311207],[-73.9952672,40.7312189],[-73.995356,40.7312562]]]},"properties":{"building":"university","height":"7.7","name":"NYU - La Maison Française","id":"way/248166294"}},{"type":"Feature","id":"way/248166296","geometry":{"type":"Polygon","coordinates":[[[-73.9974605,40.7324259],[-73.9973494,40.7325795],[-73.9976673,40.7327126],[-73.9977447,40.7326056],[-73.997766,40.7325761],[-73.9977785,40.7325589],[-73.9976191,40.7324922],[-73.9975397,40.732459],[-73.9974605,40.7324259]]]},"properties":{"building":"yes","height":"3.7","id":"way/248166296"}},{"type":"Feature","id":"way/248166298","geometry":{"type":"Polygon","coordinates":[[[-73.9986035,40.7301236],[-73.9984175,40.7300323],[-73.9984077,40.7300275],[-73.9982099,40.7302607],[-73.9984058,40.7303568],[-73.9984638,40.7302883],[-73.9984952,40.7302513],[-73.9985667,40.730167],[-73.9986035,40.7301236]]]},"properties":{"addr:housenumber":"239","addr:street":"Thompson Street","building":"church","height":"20.5","name":"Judson Memorial Church","id":"way/248166298"}},{"type":"Feature","id":"way/248166300","geometry":{"type":"Polygon","coordinates":[[[-73.9979947,40.7325381],[-73.9979204,40.7326408],[-73.9978991,40.7326703],[-73.9978191,40.7327808],[-73.9978973,40.7328135],[-73.9979908,40.7326842],[-73.9980174,40.7326475],[-73.9980729,40.7325708],[-73.9979947,40.7325381]]]},"properties":{"building":"yes","height":"13.7","id":"way/248166300"}},{"type":"Feature","id":"way/248166302","geometry":{"type":"Polygon","coordinates":[[[-73.9983429,40.7307324],[-73.9982926,40.7306938],[-73.9982544,40.7306582],[-73.9981947,40.7306725],[-73.9982034,40.7307014],[-73.9982175,40.7307304],[-73.9982336,40.7307568],[-73.9982631,40.7307822],[-73.9982986,40.730803],[-73.9983415,40.7308203],[-73.9983905,40.730834],[-73.9984455,40.7308424],[-73.9984489,40.7308349],[-73.9984649,40.7307995],[-73.9984032,40.73077],[-73.9983429,40.7307324]]]},"properties":{"addr:housenumber":"200","building":"toilets","height":"4.6","name":"Washington Square Park House","id":"way/248166302"}},{"type":"Feature","id":"way/248166305","geometry":{"type":"Polygon","coordinates":[[[-73.995042,40.7293794],[-73.9949548,40.7294819],[-73.9951386,40.7295629],[-73.9953118,40.729642],[-73.9954648,40.7294563],[-73.9953426,40.7293961],[-73.995329,40.7294121],[-73.9951374,40.7293178],[-73.9950793,40.7293861],[-73.9950539,40.7293737],[-73.995042,40.7293794]]]},"properties":{"addr:housenumber":"14","addr:street":"Washington Place","building":"university","height":"43.4","name":"Mark and Debra Leslie Entrepreneurs Lab","id":"way/248166305"}},{"type":"Feature","id":"way/248166310","geometry":{"type":"Polygon","coordinates":[[[-73.9948856,40.7291338],[-73.9950128,40.7291965],[-73.9950294,40.7292046],[-73.9950489,40.7291817],[-73.9951131,40.7292133],[-73.995118,40.7292075],[-73.995125,40.7292109],[-73.9952851,40.7290227],[-73.9950701,40.7289169],[-73.9948856,40.7291338]]]},"properties":{"building":"university","height":"32.4","name":"19 West Fourth Street-Department of Politics","id":"way/248166310"}},{"type":"Feature","id":"way/248166313","geometry":{"type":"Polygon","coordinates":[[[-73.9979482,40.7322503],[-73.9978926,40.7323248],[-73.9978921,40.7323342],[-73.9978946,40.7323434],[-73.9979,40.7323518],[-73.9979036,40.7323556],[-73.9979126,40.7323621],[-73.9979446,40.7323752],[-73.9980148,40.7322781],[-73.9979482,40.7322503]]]},"properties":{"building":"yes","height":"11.8","id":"way/248166313"}},{"type":"Feature","id":"way/248234544","geometry":{"type":"Polygon","coordinates":[[[-73.999101,40.72825],[-73.9989139,40.728471],[-73.9989655,40.7284963],[-73.9990456,40.7284016],[-73.9990833,40.72842],[-73.9991902,40.7282937],[-73.999101,40.72825]]]},"properties":{"addr:housenumber":"145","addr:street":"Bleecker Street","building":"yes","height":"20.3","id":"way/248234544"}},{"type":"Feature","id":"way/248234545","geometry":{"type":"Polygon","coordinates":[[[-73.9990031,40.7285147],[-73.9990169,40.7285215],[-73.9990569,40.7285411],[-73.999108,40.7284807],[-73.9991402,40.7284965],[-73.9992762,40.7283358],[-73.9991902,40.7282937],[-73.9990833,40.72842],[-73.9990031,40.7285147]]]},"properties":{"addr:housenumber":"147","addr:street":"Bleecker Street","building":"yes","height":"21.2","id":"way/248234545"}},{"type":"Feature","id":"way/248234546","geometry":{"type":"Polygon","coordinates":[[[-73.9992762,40.7283358],[-73.9991402,40.7284965],[-73.9991497,40.7285012],[-73.9990975,40.7285629],[-73.9991718,40.7285993],[-73.9991941,40.728573],[-73.9992405,40.7285182],[-73.9993258,40.7284174],[-73.9993601,40.7283769],[-73.9992762,40.7283358]]]},"properties":{"addr:housenumber":"149","addr:street":"Bleecker Street","building":"yes","height":"20.5","id":"way/248234546"}},{"type":"Feature","id":"way/248234547","geometry":{"type":"Polygon","coordinates":[[[-73.9997646,40.7285663],[-73.9995749,40.7287907],[-73.9996542,40.7288295],[-73.9998439,40.7286051],[-73.9997646,40.7285663]]]},"properties":{"addr:housenumber":"157","addr:street":"Bleecker Street","building":"yes","height":"14.8","id":"way/248234547"}},{"type":"Feature","id":"way/248234548","geometry":{"type":"Polygon","coordinates":[[[-73.9998439,40.7286051],[-73.9996542,40.7288295],[-73.9996493,40.7288353],[-73.9997992,40.7289086],[-73.9999938,40.7286784],[-73.9998439,40.7286051]]]},"properties":{"addr:housenumber":"159","addr:street":"Bleecker Street","building":"yes","height":"28.2","id":"way/248234548"}},{"type":"Feature","id":"way/248234549","geometry":{"type":"Polygon","coordinates":[[[-73.9997992,40.7289086],[-73.9998166,40.7289171],[-73.9998752,40.7289458],[-73.9999406,40.7288685],[-74.0000698,40.7287156],[-73.9999938,40.7286784],[-73.9997992,40.7289086]]]},"properties":{"addr:housenumber":"163","addr:street":"Bleecker Street","building":"yes","height":"9.2","id":"way/248234549"}},{"type":"Feature","id":"way/248234550","geometry":{"type":"Polygon","coordinates":[[[-74.0000698,40.7287156],[-73.9999406,40.7288685],[-73.9999699,40.7288828],[-73.9999585,40.7288963],[-74.0000063,40.7289197],[-74.000036,40.7288846],[-74.0000472,40.7288714],[-74.000147,40.7287533],[-74.0000698,40.7287156]]]},"properties":{"addr:housenumber":"165","addr:street":"Bleecker Street","building":"yes","height":"20.1","id":"way/248234550"}},{"type":"Feature","id":"way/248234551","geometry":{"type":"Polygon","coordinates":[[[-74.000036,40.7288846],[-74.0000063,40.7289197],[-73.9999876,40.7289419],[-74.0000619,40.7289783],[-74.0002213,40.7287897],[-74.000147,40.7287533],[-74.0000472,40.7288714],[-74.0000649,40.72888],[-74.0000536,40.7288933],[-74.000036,40.7288846]]]},"properties":{"addr:housenumber":"167","addr:street":"Bleecker Street","building":"yes","height":"18.2","id":"way/248234551"}},{"type":"Feature","id":"way/248234552","geometry":{"type":"Polygon","coordinates":[[[-73.999214,40.728617],[-73.9992276,40.7286238],[-73.999348,40.7286827],[-73.9994236,40.7285933],[-73.9993615,40.7285629],[-73.9993755,40.7285463],[-73.9993043,40.7285114],[-73.9992816,40.7285383],[-73.9992405,40.7285182],[-73.9991941,40.728573],[-73.9992345,40.7285928],[-73.999214,40.728617]]]},"properties":{"addr:housenumber":"206","addr:street":"Thompson Street","building":"yes","height":"21.3","id":"way/248234552"}},{"type":"Feature","id":"way/248234553","geometry":{"type":"Polygon","coordinates":[[[-73.999991,40.7290754],[-73.9999906,40.729085],[-74.0000197,40.7290991],[-74.000052,40.729115],[-74.0001005,40.7290579],[-74.0000389,40.7290278],[-74.0000287,40.7290309],[-74.000005,40.7290193],[-74.0000033,40.7290104],[-73.999981,40.7289996],[-73.9999327,40.7290572],[-73.999955,40.7290676],[-73.9999673,40.7290638],[-73.999991,40.7290754]]]},"properties":{"addr:housenumber":"207","addr:street":"Sullivan Street","building":"yes","height":"17.1","id":"way/248234553"}},{"type":"Feature","id":"way/248234554","geometry":{"type":"Polygon","coordinates":[[[-73.999035,40.7286138],[-73.9992324,40.7287105],[-73.9992975,40.7287424],[-73.999348,40.7286827],[-73.9992276,40.7286238],[-73.9992138,40.7286401],[-73.9991797,40.7286234],[-73.9991734,40.7286308],[-73.999153,40.7286208],[-73.9991585,40.7286143],[-73.9990709,40.7285714],[-73.999035,40.7286138]]]},"properties":{"addr:housenumber":"208","addr:street":"Thompson Street","building":"yes","height":"19.8","id":"way/248234554"}},{"type":"Feature","id":"way/248234556","geometry":{"type":"Polygon","coordinates":[[[-73.9991761,40.7287803],[-73.9991474,40.7288141],[-73.9989478,40.7287163],[-73.9989028,40.7287694],[-73.9990999,40.728866],[-73.9990844,40.7288843],[-73.99915,40.7289165],[-73.9992975,40.7287424],[-73.9992324,40.7287105],[-73.9992182,40.7287272],[-73.9990218,40.728631],[-73.9989777,40.7286831],[-73.9991761,40.7287803]]]},"properties":{"building":"apartments","height":"23.1","id":"way/248234556"}},{"type":"Feature","id":"way/248234557","geometry":{"type":"Polygon","coordinates":[[[-73.9993016,40.7289906],[-73.9993729,40.7290255],[-73.9995025,40.7290889],[-73.9995152,40.7290951],[-73.9996537,40.7289313],[-73.9996585,40.7289844],[-73.9997127,40.729011],[-73.9997992,40.7289086],[-73.9996493,40.7288353],[-73.99957,40.7287965],[-73.9994962,40.7287604],[-73.9993016,40.7289906]]]},"properties":{"addr:housenumber":"207","addr:street":"Thompson Street","building":"school","height":"24.7","name":"Preschool of the Arts","id":"way/248234557"}},{"type":"Feature","id":"way/248234560","geometry":{"type":"Polygon","coordinates":[[[-73.9994536,40.7291467],[-73.9995159,40.7291771],[-73.9995231,40.7291807],[-73.999572,40.7291229],[-73.9995152,40.7290951],[-73.9995025,40.7290889],[-73.9994854,40.7290891],[-73.9993778,40.7290364],[-73.9993729,40.7290255],[-73.9993016,40.7289906],[-73.9992527,40.7290484],[-73.9993241,40.7290833],[-73.9993403,40.7290808],[-73.9994479,40.7291335],[-73.9994536,40.7291467]]]},"properties":{"addr:housenumber":"215","addr:street":"Thompson Street","building":"yes","height":"21.6","id":"way/248234560"}},{"type":"Feature","id":"way/248234561","geometry":{"type":"Polygon","coordinates":[[[-73.9988215,40.7288364],[-73.9988835,40.7288668],[-73.9989515,40.7289001],[-73.9990356,40.7289413],[-73.9991017,40.7289736],[-73.99915,40.7289165],[-73.9990844,40.7288843],[-73.9988698,40.7287792],[-73.9988215,40.7288364]]]},"properties":{"addr:housenumber":"216","addr:street":"Thompson Street","building":"yes","height":"17.1","id":"way/248234561"}},{"type":"Feature","id":"way/248234562","geometry":{"type":"Polygon","coordinates":[[[-73.9993603,40.7292234],[-73.999335,40.7292533],[-73.9994174,40.7292936],[-73.9995159,40.7291771],[-73.9994536,40.7291467],[-73.9994335,40.7291368],[-73.9993964,40.7291807],[-73.9993742,40.7291698],[-73.9993864,40.7291554],[-73.999334,40.7291298],[-73.9993218,40.7291442],[-73.999299,40.729133],[-73.9993361,40.7290892],[-73.9993241,40.7290833],[-73.9992527,40.7290484],[-73.9991543,40.7291648],[-73.9992377,40.7292056],[-73.9992629,40.7291757],[-73.9993603,40.7292234]]]},"properties":{"building":"yes","height":"25.9","id":"way/248234562"}},{"type":"Feature","id":"way/248234563","geometry":{"type":"Polygon","coordinates":[[[-73.9989533,40.7290348],[-73.9989352,40.7290561],[-73.9990035,40.7290896],[-73.9991017,40.7289736],[-73.9990356,40.7289413],[-73.9990203,40.7289593],[-73.9989967,40.7289634],[-73.9989338,40.7289326],[-73.9989374,40.7289166],[-73.9989515,40.7289001],[-73.9988835,40.7288668],[-73.9987861,40.7289818],[-73.9988557,40.7290159],[-73.9988688,40.7290004],[-73.9988901,40.7289886],[-73.9989533,40.7290196],[-73.9989533,40.7290348]]]},"properties":{"addr:housenumber":"218","addr:street":"Thompson Street","building":"yes","height":"20.1","id":"way/248234563"}},{"type":"Feature","id":"way/248234564","geometry":{"type":"Polygon","coordinates":[[[-73.9994076,40.7293693],[-73.9994545,40.7293923],[-73.9995147,40.7294218],[-73.9996482,40.729487],[-73.9997114,40.729518],[-73.9997866,40.729429],[-73.9997089,40.729391],[-73.9997269,40.7293692],[-73.9996459,40.7293302],[-73.9996281,40.7293515],[-73.9994946,40.7292862],[-73.9994423,40.7293481],[-73.9994304,40.7293423],[-73.9994076,40.7293693]]]},"properties":{"addr:housenumber":"219","addr:street":"Sullivan Street","building":"yes","height":"22.6","id":"way/248234564"}},{"type":"Feature","id":"way/248234565","geometry":{"type":"Polygon","coordinates":[[[-73.9989375,40.7294213],[-73.9989998,40.7294518],[-73.9991662,40.7295332],[-73.999239,40.7295688],[-73.9994076,40.7293693],[-73.9994304,40.7293423],[-73.9994558,40.7293123],[-73.9994174,40.7292936],[-73.999335,40.7292533],[-73.9992377,40.7292056],[-73.9991543,40.7291648],[-73.9989375,40.7294213]]]},"properties":{"addr:housenumber":"221","addr:street":"Thompson Street","building":"commercial","height":"19.8","id":"way/248234565"}},{"type":"Feature","id":"way/248234566","geometry":{"type":"Polygon","coordinates":[[[-73.9988591,40.7291487],[-73.9988394,40.7291719],[-73.9989061,40.7292046],[-73.9990035,40.7290896],[-73.9989352,40.7290561],[-73.9989182,40.7290762],[-73.9989006,40.7290798],[-73.998835,40.7290476],[-73.9988418,40.7290323],[-73.9988557,40.7290159],[-73.9987861,40.7289818],[-73.9986898,40.7290956],[-73.9987562,40.7291281],[-73.9987718,40.7291096],[-73.9987898,40.7291054],[-73.9988517,40.7291358],[-73.9988591,40.7291487]]]},"properties":{"building":"yes","height":"20.1","id":"way/248234566"}},{"type":"Feature","id":"way/248234567","geometry":{"type":"Polygon","coordinates":[[[-73.9995967,40.729535],[-73.9995989,40.7295453],[-73.9996621,40.7295763],[-73.9997114,40.729518],[-73.9996482,40.729487],[-73.9996356,40.729489],[-73.9995165,40.7294308],[-73.9995147,40.7294218],[-73.9994545,40.7293923],[-73.9994052,40.7294506],[-73.9994654,40.7294801],[-73.9994777,40.7294768],[-73.9995967,40.729535]]]},"properties":{"addr:housenumber":"223","addr:street":"Sullivan Street","building":"yes","height":"17.0","id":"way/248234567"}},{"type":"Feature","id":"way/248234568","geometry":{"type":"Polygon","coordinates":[[[-73.9995474,40.7295933],[-73.9995496,40.7296037],[-73.9996128,40.7296346],[-73.9996621,40.7295763],[-73.9995989,40.7295453],[-73.9995863,40.7295473],[-73.9994672,40.7294891],[-73.9994654,40.7294801],[-73.9994052,40.7294506],[-73.999356,40.7295089],[-73.9994161,40.7295384],[-73.9994284,40.7295351],[-73.9995474,40.7295933]]]},"properties":{"addr:housenumber":"225","addr:street":"Sullivan Street","building":"yes","height":"17.1","id":"way/248234568"}},{"type":"Feature","id":"way/248234569","geometry":{"type":"Polygon","coordinates":[[[-73.9986324,40.7290899],[-73.9985961,40.7291328],[-73.9988583,40.7292612],[-73.9989061,40.7292046],[-73.9988394,40.7291719],[-73.9988227,40.7291917],[-73.9988076,40.7291843],[-73.9988128,40.7291783],[-73.9986324,40.7290899]]]},"properties":{"addr:housenumber":"226","addr:street":"Thompson Street","building":"yes","height":"20.2","id":"way/248234569"}},{"type":"Feature","id":"way/248234570","geometry":{"type":"Polygon","coordinates":[[[-73.9994981,40.7296516],[-73.9995003,40.729662],[-73.9995635,40.7296929],[-73.9996128,40.7296346],[-73.9995496,40.7296037],[-73.999537,40.7296056],[-73.9994179,40.7295474],[-73.9994161,40.7295384],[-73.999356,40.7295089],[-73.9993067,40.7295673],[-73.9993669,40.7295967],[-73.9993791,40.7295934],[-73.9994981,40.7296516]]]},"properties":{"addr:housenumber":"227","addr:street":"Sullivan Street","building":"yes","height":"17.0","id":"way/248234570"}},{"type":"Feature","id":"way/248234571","geometry":{"type":"Polygon","coordinates":[[[-73.9985254,40.72918],[-73.9985498,40.7291919],[-73.9987419,40.7292861],[-73.9988093,40.7293191],[-73.9988583,40.7292612],[-73.9985961,40.7291328],[-73.9985744,40.7291221],[-73.9985565,40.7291432],[-73.9985906,40.7291599],[-73.9985803,40.7291722],[-73.9985462,40.7291555],[-73.9985254,40.72918]]]},"properties":{"addr:housenumber":"228","addr:street":"Thompson Street","building":"yes","height":"17.5","id":"way/248234571"}},{"type":"Feature","id":"way/248234572","geometry":{"type":"Polygon","coordinates":[[[-73.9994496,40.729709],[-73.9994519,40.7297192],[-73.9995151,40.7297502],[-73.9995635,40.7296929],[-73.9995003,40.729662],[-73.9994877,40.7296639],[-73.9993687,40.7296057],[-73.9993669,40.7295967],[-73.9993067,40.7295673],[-73.9992582,40.7296245],[-73.9993184,40.729654],[-73.9993306,40.7296508],[-73.9994496,40.729709]]]},"properties":{"addr:housenumber":"229","addr:street":"Sullivan Street","building":"yes","height":"17.0","id":"way/248234572"}},{"type":"Feature","id":"way/248234573","geometry":{"type":"Polygon","coordinates":[[[-73.9986316,40.7294186],[-73.998638,40.7294218],[-73.9986976,40.729451],[-73.9988093,40.7293191],[-73.9987419,40.7292861],[-73.9987251,40.729306],[-73.9987049,40.7293167],[-73.9986881,40.7293084],[-73.9986912,40.7293047],[-73.998646,40.7292826],[-73.9986435,40.7292659],[-73.9986587,40.7292479],[-73.9986197,40.7292288],[-73.9985097,40.7293589],[-73.9985515,40.7293794],[-73.9985709,40.7293565],[-73.9985931,40.7293558],[-73.9986485,40.729383],[-73.9986523,40.7293942],[-73.9986316,40.7294186]]]},"properties":{"addr:housenumber":"230","addr:street":"Thompson Street","building":"yes","height":"21.3","id":"way/248234573"}},{"type":"Feature","id":"way/248234574","geometry":{"type":"Polygon","coordinates":[[[-73.9992882,40.7296881],[-73.9993361,40.7297115],[-73.9994859,40.7297848],[-73.9995151,40.7297502],[-73.9994519,40.7297192],[-73.9993303,40.7296598],[-73.9993157,40.7296771],[-73.9993028,40.7296708],[-73.9992882,40.7296881]]]},"properties":{"addr:housenumber":"231","addr:street":"Sullivan Street","building":"yes","height":"17.0","id":"way/248234574"}},{"type":"Feature","id":"way/248234575","geometry":{"type":"Polygon","coordinates":[[[-73.9988901,40.7294774],[-73.9989524,40.7295078],[-73.9989663,40.7295081],[-73.9990186,40.7295337],[-73.9990217,40.7295418],[-73.9990855,40.7295729],[-73.9991258,40.7295252],[-73.9990521,40.7294892],[-73.9990471,40.7294952],[-73.9990281,40.7294859],[-73.9990331,40.7294799],[-73.9990027,40.729465],[-73.9989998,40.7294518],[-73.9989375,40.7294213],[-73.9988901,40.7294774]]]},"properties":{"addr:housenumber":"231","addr:street":"Thompson Street","building":"yes","building:levels":"6","height":"20.7","id":"way/248234575"}},{"type":"Feature","id":"way/248234576","geometry":{"type":"Polygon","coordinates":[[[-73.9993361,40.7297115],[-73.9992981,40.7297565],[-73.9994478,40.7298298],[-73.9994859,40.7297848],[-73.9993361,40.7297115]]]},"properties":{"addr:housenumber":"235","addr:street":"Sullivan Street","building":"yes","height":"16.4","id":"way/248234576"}},{"type":"Feature","id":"way/248234577","geometry":{"type":"Polygon","coordinates":[[[-73.9988173,40.7284237],[-73.9987663,40.728484],[-73.9989658,40.7285817],[-73.9990169,40.7285215],[-73.9990031,40.7285147],[-73.9989655,40.7284963],[-73.9989139,40.728471],[-73.9988173,40.7284237]]]},"properties":{"addr:housenumber":"526","addr:street":"La Guardia Place","building":"yes","height":"17.2","id":"way/248234577"}},{"type":"Feature","id":"way/248234578","geometry":{"type":"Polygon","coordinates":[[[-73.9986712,40.7285963],[-73.9988608,40.7286892],[-73.9988708,40.728694],[-73.9989658,40.7285817],[-73.9987663,40.728484],[-73.9986712,40.7285963]]]},"properties":{"addr:housenumber":"530","addr:street":"La Guardia Place","building":"yes","height":"20.9","id":"way/248234578"}},{"type":"Feature","id":"way/248234579","geometry":{"type":"Polygon","coordinates":[[[-73.9986712,40.7285963],[-73.9986214,40.7286551],[-73.998811,40.728748],[-73.9988608,40.7286892],[-73.9986712,40.7285963]]]},"properties":{"addr:housenumber":"532","addr:street":"La Guardia Place","building":"yes","height":"17.6","id":"way/248234579"}},{"type":"Feature","id":"way/248234580","geometry":{"type":"Polygon","coordinates":[[[-73.9984963,40.7288029],[-73.9985555,40.7288319],[-73.9986563,40.7288813],[-73.9987517,40.7289281],[-73.998825,40.7288415],[-73.9987791,40.728819],[-73.998831,40.7287578],[-73.998811,40.728748],[-73.9986214,40.7286551],[-73.9984963,40.7288029]]]},"properties":{"addr:housenumber":"534","addr:street":"La Guardia Place","building":"yes","height":"31.8","id":"way/248234580"}},{"type":"Feature","id":"way/248234581","geometry":{"type":"Polygon","coordinates":[[[-73.9984963,40.7288029],[-73.9984517,40.7288556],[-73.9985107,40.7288848],[-73.9985555,40.7288319],[-73.9984963,40.7288029]]]},"properties":{"addr:housenumber":"540","addr:street":"La Guardia Place","building":"yes","height":"16.2","id":"way/248234581"}},{"type":"Feature","id":"way/248234582","geometry":{"type":"Polygon","coordinates":[[[-73.9983687,40.7289528],[-73.998499,40.7290172],[-73.9985421,40.7290385],[-73.9985868,40.7290605],[-73.9985977,40.7290478],[-73.9986344,40.7290659],[-73.9987065,40.7289815],[-73.9986113,40.7289345],[-73.9985107,40.7288848],[-73.9984517,40.7288556],[-73.9983687,40.7289528]]]},"properties":{"addr:housenumber":"542","addr:street":"La Guardia Place","building":"yes","height":"27.3","id":"way/248234582"}},{"type":"Feature","id":"way/248234583","geometry":{"type":"Polygon","coordinates":[[[-73.9983253,40.7290037],[-73.9982836,40.7290525],[-73.9984516,40.7291355],[-73.9984814,40.7291006],[-73.9984437,40.729082],[-73.9984556,40.7290681],[-73.9983253,40.7290037]]]},"properties":{"addr:housenumber":"548","addr:street":"La Guardia Place","building":"yes","height":"14.8","id":"way/248234583"}},{"type":"Feature","id":"way/248234584","geometry":{"type":"Polygon","coordinates":[[[-73.9982457,40.7290969],[-73.9983983,40.7291722],[-73.9984137,40.7291799],[-73.9984516,40.7291355],[-73.9982836,40.7290525],[-73.9982457,40.7290969]]]},"properties":{"addr:housenumber":"550","addr:street":"La Guardia Place","building":"yes","height":"14.6","id":"way/248234584"}},{"type":"Feature","id":"way/248234585","geometry":{"type":"Polygon","coordinates":[[[-73.9983777,40.7291963],[-73.9982027,40.7294013],[-73.998277,40.729438],[-73.9983199,40.7293878],[-73.9983189,40.7293732],[-73.998413,40.7292631],[-73.9984287,40.7292604],[-73.9984709,40.7292109],[-73.9984121,40.7291819],[-73.9983933,40.729204],[-73.9983777,40.7291963]]]},"properties":{"addr:housenumber":"68","addr:street":"West 3rd Street","building":"yes","height":"17.5","id":"way/248234585"}},{"type":"Feature","id":"way/248234586","geometry":{"type":"Polygon","coordinates":[[[-73.9985056,40.7291703],[-73.9984709,40.7292109],[-73.9984287,40.7292604],[-73.9983199,40.7293878],[-73.998277,40.729438],[-73.998356,40.729477],[-73.9985771,40.7292179],[-73.9985423,40.7292007],[-73.9985498,40.7291919],[-73.9985254,40.72918],[-73.9985056,40.7291703]]]},"properties":{"addr:housenumber":"70","addr:street":"West 3rd Street","building":"yes","height":"17.2","id":"way/248234586"}},{"type":"Feature","id":"way/248234587","geometry":{"type":"Polygon","coordinates":[[[-73.9968104,40.7283574],[-73.996673,40.7282898],[-73.9965975,40.7282513],[-73.9963931,40.728152],[-73.9964044,40.7281387],[-73.9962398,40.7280576],[-73.9962285,40.7280709],[-73.9961004,40.7280078],[-73.9960683,40.7280456],[-73.9960517,40.7280375],[-73.9959927,40.7281069],[-73.9960092,40.728115],[-73.9959786,40.728151],[-73.9961062,40.7282138],[-73.9960962,40.7282255],[-73.9962636,40.728308],[-73.9962735,40.7282962],[-73.9963995,40.7283583],[-73.9964107,40.7283452],[-73.9964854,40.7283843],[-73.9965641,40.7284207],[-73.9965536,40.7284331],[-73.9967425,40.7285261],[-73.9967324,40.728538],[-73.9968452,40.7285938],[-73.9969888,40.7284259],[-73.9968223,40.7283435],[-73.9968104,40.7283574]]]},"properties":{"addr:housenumber":"2","addr:street":"Washington Square Village","building":"yes","building:levels":"17","height":"47.7","id":"way/248234587"}},{"type":"Feature","id":"way/248234588","geometry":{"type":"Polygon","coordinates":[[[-73.9989547,40.7295296],[-73.99881,40.7297007],[-73.9988886,40.7297392],[-73.9990333,40.729568],[-73.9989547,40.7295296]]]},"properties":{"addr:housenumber":"80","addr:street":"West 3rd Street","building":"yes","height":"14.5","id":"way/248234588"}},{"type":"Feature","id":"way/248234589","geometry":{"type":"Polygon","coordinates":[[[-73.9990333,40.729568],[-73.9988886,40.7297392],[-73.9989615,40.7297748],[-73.9991061,40.7296037],[-73.9990333,40.729568]]]},"properties":{"addr:housenumber":"82","addr:street":"West 3rd Street","building":"yes","height":"15.1","id":"way/248234589"}},{"type":"Feature","id":"way/248234590","geometry":{"type":"Polygon","coordinates":[[[-73.9991241,40.7295824],[-73.9991061,40.7296037],[-73.9989615,40.7297748],[-73.9990345,40.7298105],[-73.9991752,40.7296441],[-73.9991972,40.7296181],[-73.9991241,40.7295824]]]},"properties":{"addr:housenumber":"84","addr:street":"West 3rd Street","building":"yes","height":"18.2","id":"way/248234590"}},{"type":"Feature","id":"way/248234591","geometry":{"type":"Polygon","coordinates":[[[-73.9991752,40.7296441],[-73.9990345,40.7298105],[-73.9991137,40.7298493],[-73.9991517,40.7298043],[-73.9992544,40.7296828],[-73.9991752,40.7296441]]]},"properties":{"addr:housenumber":"86","addr:street":"West 3rd Street","building":"yes","height":"14.7","id":"way/248234591"}},{"type":"Feature","id":"way/248234592","geometry":{"type":"Polygon","coordinates":[[[-73.9991517,40.7298043],[-73.9991137,40.7298493],[-73.9991886,40.7298859],[-73.9992267,40.7298409],[-73.9992262,40.72983],[-73.9993091,40.7297319],[-73.9992492,40.7297026],[-73.9991663,40.7298007],[-73.9991517,40.7298043]]]},"properties":{"addr:housenumber":"88","addr:street":"West 3rd Street","building":"yes","height":"17.1","id":"way/248234592"}},{"type":"Feature","id":"way/248234593","geometry":{"type":"Polygon","coordinates":[[[-73.9992869,40.7285029],[-73.9993043,40.7285114],[-73.9993755,40.7285463],[-73.9994377,40.7285768],[-73.9994796,40.7285272],[-73.9994402,40.7285079],[-73.9994369,40.7285004],[-73.9994512,40.7284835],[-73.9994599,40.7284817],[-73.999501,40.7285019],[-73.9995416,40.728454],[-73.9993672,40.7283685],[-73.9993601,40.7283769],[-73.9993258,40.7284174],[-73.999377,40.7284425],[-73.999362,40.7284603],[-73.9993519,40.7284624],[-73.9993302,40.7284518],[-73.9992869,40.7285029]]]},"properties":{"building":"yes","height":"20.5","id":"way/248234593"}},{"type":"Feature","id":"way/248234594","geometry":{"type":"Polygon","coordinates":[[[-73.9976843,40.728664],[-73.997926,40.7287806],[-73.9980522,40.7286303],[-73.9980749,40.7286413],[-73.9980995,40.728612],[-73.998079,40.7286021],[-73.9983436,40.728287],[-73.9981036,40.7281713],[-73.9979109,40.7284008],[-73.9978953,40.7283933],[-73.9978405,40.7284585],[-73.9978126,40.7284451],[-73.9977712,40.7284943],[-73.9978109,40.7285134],[-73.9976843,40.728664]]]},"properties":{"building":"yes","height":"4.8","id":"way/248234594"}},{"type":"Feature","id":"way/248234595","geometry":{"type":"Polygon","coordinates":[[[-73.9985592,40.7293832],[-73.9985515,40.7293794],[-73.9985097,40.7293589],[-73.9984913,40.7293805],[-73.9984763,40.7293731],[-73.9983795,40.7294874],[-73.9983871,40.7294959],[-73.9984137,40.7295089],[-73.9984165,40.7295056],[-73.998552,40.7295719],[-73.9985489,40.7295755],[-73.9985751,40.7295884],[-73.9985839,40.7295853],[-73.9986976,40.729451],[-73.998638,40.7294218],[-73.998621,40.729442],[-73.9986107,40.7294456],[-73.9985906,40.7294693],[-73.9985784,40.7294707],[-73.9985501,40.7294569],[-73.9985388,40.7294702],[-73.9985139,40.729458],[-73.9985478,40.7294178],[-73.9985408,40.7294049],[-73.9985592,40.7293832]]]},"properties":{"building":"yes","height":"21.3","id":"way/248234595"}},{"type":"Feature","id":"way/248234597","geometry":{"type":"Polygon","coordinates":[[[-73.9977269,40.7278352],[-73.9978812,40.7279112],[-73.9979512,40.7279445],[-73.9981426,40.72804],[-73.9981306,40.7280541],[-73.998296,40.7281356],[-73.998308,40.7281214],[-73.9984381,40.7281855],[-73.9984712,40.7281465],[-73.9984881,40.7281549],[-73.9985462,40.7280866],[-73.9985293,40.7280783],[-73.9985624,40.7280394],[-73.9984291,40.7279738],[-73.9984412,40.7279595],[-73.9982842,40.7278822],[-73.9982721,40.7278965],[-73.998139,40.7278309],[-73.9981301,40.7278413],[-73.9980654,40.7278112],[-73.9979768,40.7277658],[-73.9979862,40.7277548],[-73.9977949,40.7276606],[-73.9978057,40.7276479],[-73.9977117,40.7276016],[-73.9975654,40.7277735],[-73.9977163,40.7278477],[-73.9977269,40.7278352]]]},"properties":{"addr:housenumber":"3","addr:street":"Washington Square Village","building":"yes","building:levels":"17","height":"48.3","id":"way/248234597"}},{"type":"Feature","id":"way/248234598","geometry":{"type":"Polygon","coordinates":[[[-73.9969888,40.7284259],[-73.9968452,40.7285938],[-73.9969595,40.72865],[-73.9969691,40.7286388],[-73.9971577,40.7287316],[-73.9971689,40.7287185],[-73.9972527,40.7287597],[-73.9973208,40.7287932],[-73.9973103,40.7288055],[-73.9974408,40.7288697],[-73.9974301,40.7288822],[-73.9975934,40.7289625],[-73.9976041,40.7289499],[-73.9977329,40.7290132],[-73.9977662,40.7289742],[-73.9977833,40.7289826],[-73.9978397,40.7289166],[-73.9978228,40.7289082],[-73.9978545,40.7288712],[-73.9977271,40.7288086],[-73.997739,40.7287947],[-73.9975707,40.728712],[-73.9975588,40.7287259],[-73.9973638,40.72863],[-73.9972974,40.7285974],[-73.9971412,40.7285206],[-73.9971531,40.7285067],[-73.9969888,40.7284259]]]},"properties":{"addr:housenumber":"1","addr:street":"Washington Square Village","building":"yes","building:levels":"17","height":"48.6","id":"way/248234598"}},{"type":"Feature","id":"way/248234600","geometry":{"type":"Polygon","coordinates":[[[-73.9986563,40.7288813],[-73.9986113,40.7289345],[-73.9987065,40.7289815],[-73.9987517,40.7289281],[-73.9986563,40.7288813]]]},"properties":{"building":"yes","height":"16.7","id":"way/248234600"}},{"type":"Feature","id":"way/248234601","geometry":{"type":"Polygon","coordinates":[[[-73.999239,40.7295688],[-73.9991662,40.7295332],[-73.9991427,40.729561],[-73.9992155,40.7295966],[-73.999239,40.7295688]]]},"properties":{"building":"yes","height":"7.9","id":"way/248234601"}},{"type":"Feature","id":"way/248234602","geometry":{"type":"Polygon","coordinates":[[[-73.9983687,40.7289528],[-73.9983253,40.7290037],[-73.9984556,40.7290681],[-73.998499,40.7290172],[-73.9983687,40.7289528]]]},"properties":{"building":"yes","height":"16.2","id":"way/248234602"}},{"type":"Feature","id":"way/248234603","geometry":{"type":"Polygon","coordinates":[[[-73.9996908,40.7285302],[-73.9994962,40.7287604],[-73.99957,40.7287965],[-73.9995749,40.7287907],[-73.9997646,40.7285663],[-73.9996908,40.7285302]]]},"properties":{"building":"yes","height":"17.8","id":"way/248234603"}},{"type":"Feature","id":"way/248234604","geometry":{"type":"Polygon","coordinates":[[[-73.9983983,40.7291722],[-73.9982457,40.7290969],[-73.9980502,40.7293259],[-73.9982027,40.7294013],[-73.9983777,40.7291963],[-73.9983983,40.7291722]]]},"properties":{"building":"yes","height":"39.3","id":"way/248234604"}},{"type":"Feature","id":"way/248234605","geometry":{"type":"Polygon","coordinates":[[[-73.9990115,40.7281943],[-73.9988173,40.7284237],[-73.9989139,40.728471],[-73.999101,40.72825],[-73.9991081,40.7282416],[-73.9990115,40.7281943]]]},"properties":{"building":"yes","height":"27.5","id":"way/248234605"}},{"type":"Feature","id":"way/248234606","geometry":{"type":"Polygon","coordinates":[[[-73.9992981,40.7297565],[-73.9992267,40.7298409],[-73.9991886,40.7298859],[-73.9993384,40.7299592],[-73.9994478,40.7298298],[-73.9992981,40.7297565]]]},"properties":{"building":"yes","height":"13.0","id":"way/248234606"}},{"type":"Feature","id":"way/248234607","geometry":{"type":"Polygon","coordinates":[[[-74.0000256,40.7290213],[-74.0000389,40.7290278],[-74.0001005,40.7290579],[-74.0002961,40.7288263],[-74.0002213,40.7287897],[-74.0000619,40.7289783],[-74.0000256,40.7290213]]]},"properties":{"building":"yes","height":"18.4","id":"way/248234607"}},{"type":"Feature","id":"way/248234608","geometry":{"type":"Polygon","coordinates":[[[-73.998967,40.729515],[-73.9989524,40.7295078],[-73.9988901,40.7294774],[-73.9987331,40.7296631],[-73.99881,40.7297007],[-73.9989547,40.7295296],[-73.998967,40.729515]]]},"properties":{"building":"yes","height":"10.3","id":"way/248234608"}},{"type":"Feature","id":"way/248234609","geometry":{"type":"Polygon","coordinates":[[[-73.9985952,40.7290647],[-73.9985868,40.7290605],[-73.9985421,40.7290385],[-73.9984712,40.7291216],[-73.9985046,40.7291381],[-73.9984973,40.7291466],[-73.9985136,40.7291602],[-73.9985952,40.7290647]]]},"properties":{"building":"yes","height":"12.5","id":"way/248234609"}},{"type":"Feature","id":"way/248754480","geometry":{"type":"Polygon","coordinates":[[[-73.9967708,40.7329641],[-73.9966877,40.733078],[-73.9967704,40.7331129],[-73.9968159,40.7330505],[-73.9968531,40.7329994],[-73.9968756,40.7329686],[-73.9968458,40.732956],[-73.9968237,40.7329864],[-73.9967708,40.7329641]]]},"properties":{"addr:housenumber":"10","addr:street":"West 9th Street","building":"apartments","height":"18.3","id":"way/248754480"}},{"type":"Feature","id":"way/248754481","geometry":{"type":"Polygon","coordinates":[[[-73.9971082,40.7326666],[-73.996968,40.7328585],[-73.9972006,40.732956],[-73.9973356,40.7327713],[-73.9973408,40.7327642],[-73.9971082,40.7326666]]]},"properties":{"building":"apartments","height":"19.9","id":"way/248754481"}},{"type":"Feature","id":"way/248754482","geometry":{"type":"Polygon","coordinates":[[[-73.9963578,40.7325223],[-73.9966393,40.7326404],[-73.9966612,40.7326496],[-73.9966953,40.7326029],[-73.9964593,40.7325039],[-73.9964716,40.732487],[-73.996404,40.7324586],[-73.9963578,40.7325223]]]},"properties":{"addr:housenumber":"12","addr:street":"5th Avenue","building":"yes","height":"34.9","id":"way/248754482"}},{"type":"Feature","id":"way/248754483","geometry":{"type":"Polygon","coordinates":[[[-73.9968159,40.7330505],[-73.9967704,40.7331129],[-73.99687,40.7331549],[-73.9970011,40.7329751],[-73.9970067,40.7329674],[-73.9969071,40.7329254],[-73.9968756,40.7329686],[-73.9968531,40.7329994],[-73.9968703,40.7330066],[-73.9968585,40.7330228],[-73.9968545,40.7330211],[-73.9968291,40.733056],[-73.9968159,40.7330505]]]},"properties":{"addr:housenumber":"12","addr:street":"West 9th Street","building":"apartments","height":"18.4","id":"way/248754483"}},{"type":"Feature","id":"way/248754485","geometry":{"type":"Polygon","coordinates":[[[-73.996266,40.7326488],[-73.9964242,40.7327152],[-73.9965011,40.7327474],[-73.9965554,40.7326732],[-73.9966013,40.7326924],[-73.9966393,40.7326404],[-73.9963578,40.7325223],[-73.996266,40.7326488]]]},"properties":{"addr:housenumber":"14","addr:street":"5th Avenue","building":"yes","height":"18.9","id":"way/248754485"}},{"type":"Feature","id":"way/248754486","geometry":{"type":"Polygon","coordinates":[[[-73.9970011,40.7329751],[-73.99687,40.7331549],[-73.9969446,40.7331864],[-73.9970316,40.7330672],[-73.997,40.7330539],[-73.9970058,40.733046],[-73.9970178,40.7330449],[-73.9970528,40.7329969],[-73.9970011,40.7329751]]]},"properties":{"addr:housenumber":"14","addr:street":"West 9th Street","building":"apartments","height":"17.1","id":"way/248754486"}},{"type":"Feature","id":"way/248754487","geometry":{"type":"Polygon","coordinates":[[[-73.9970316,40.7330672],[-73.9969446,40.7331864],[-73.9970128,40.7332151],[-73.9970984,40.7330976],[-73.9971344,40.7330484],[-73.9971105,40.7330383],[-73.9970758,40.7330858],[-73.9970316,40.7330672]]]},"properties":{"addr:housenumber":"16","addr:street":"West 9th Street","building":"apartments","height":"17.2","id":"way/248754487"}},{"type":"Feature","id":"way/248754488","geometry":{"type":"Polygon","coordinates":[[[-73.9973356,40.7327713],[-73.9972006,40.732956],[-73.9972667,40.7329838],[-73.9973215,40.7329089],[-73.9973338,40.732914],[-73.997414,40.7328042],[-73.9973356,40.7327713]]]},"properties":{"addr:housenumber":"17","addr:street":"West 8th Street","building":"yes","height":"17.5","id":"way/248754488"}},{"type":"Feature","id":"way/248754490","geometry":{"type":"Polygon","coordinates":[[[-73.9970984,40.7330976],[-73.9970128,40.7332151],[-73.9970912,40.7332482],[-73.9971769,40.7331307],[-73.9970984,40.7330976]]]},"properties":{"addr:housenumber":"18","addr:street":"West 9th Street","building":"apartments","height":"17.5","id":"way/248754490"}},{"type":"Feature","id":"way/248754492","geometry":{"type":"Polygon","coordinates":[[[-73.997414,40.7328042],[-73.9973338,40.732914],[-73.9972538,40.7330235],[-73.9973339,40.7330571],[-73.9973755,40.7330001],[-73.9974818,40.7328546],[-73.9974993,40.7328307],[-73.9974192,40.7327971],[-73.997414,40.7328042]]]},"properties":{"addr:housenumber":"19","addr:street":"West 8th Street","building":"yes","height":"17.5","id":"way/248754492"}},{"type":"Feature","id":"way/248754493","geometry":{"type":"Polygon","coordinates":[[[-73.9964242,40.7327152],[-73.996266,40.7326488],[-73.9962209,40.7327109],[-73.9962267,40.7327237],[-73.9962356,40.7327275],[-73.9962119,40.73276],[-73.996203,40.7327562],[-73.9961859,40.732759],[-73.9961263,40.7328411],[-73.9962447,40.7328911],[-73.9962621,40.7328887],[-73.996266,40.7328832],[-73.9963441,40.7329162],[-73.9963401,40.7329216],[-73.9963454,40.7329336],[-73.9964859,40.7329929],[-73.9965541,40.7328993],[-73.9965117,40.7328814],[-73.9965465,40.7328336],[-73.9964335,40.7327859],[-73.9964298,40.732791],[-73.9963834,40.7327714],[-73.9964242,40.7327152]]]},"properties":{"addr:housenumber":"20","addr:street":"5th Avenue","building":"apartments","height":"59.5","id":"way/248754493"}},{"type":"Feature","id":"way/248754494","geometry":{"type":"Polygon","coordinates":[[[-73.9971956,40.7331051],[-73.9971769,40.7331307],[-73.9970912,40.7332482],[-73.9971699,40.7332814],[-73.9972743,40.7331383],[-73.9971956,40.7331051]]]},"properties":{"addr:housenumber":"20","addr:street":"West 9th Street","building":"apartments","height":"16.8","id":"way/248754494"}},{"type":"Feature","id":"way/248754495","geometry":{"type":"Polygon","coordinates":[[[-73.9974993,40.7328307],[-73.9974818,40.7328546],[-73.9973755,40.7330001],[-73.9974562,40.733034],[-73.9975044,40.732968],[-73.9974897,40.7329619],[-73.997512,40.7329313],[-73.9975267,40.7329375],[-73.99758,40.7328646],[-73.9974993,40.7328307]]]},"properties":{"addr:housenumber":"21","addr:street":"West 8th Street","building":"yes","height":"17.0","id":"way/248754495"}},{"type":"Feature","id":"way/248754496","geometry":{"type":"Polygon","coordinates":[[[-73.9973012,40.7331013],[-73.9972743,40.7331383],[-73.9971699,40.7332814],[-73.9972521,40.7333161],[-73.9972953,40.7332569],[-73.9973509,40.7331806],[-73.9973835,40.733136],[-73.9973012,40.7331013]]]},"properties":{"addr:housenumber":"22","addr:street":"West 9th Street","building":"apartments","height":"19.9","id":"way/248754496"}},{"type":"Feature","id":"way/248754497","geometry":{"type":"Polygon","coordinates":[[[-73.9975044,40.732968],[-73.9974562,40.733034],[-73.9974146,40.7330909],[-73.9974927,40.7331237],[-73.9976581,40.7328973],[-73.99758,40.7328646],[-73.9975267,40.7329375],[-73.9975513,40.7329478],[-73.997529,40.7329783],[-73.9975044,40.732968]]]},"properties":{"addr:housenumber":"23","addr:street":"West 8th Street","building":"yes","height":"16.8","id":"way/248754497"}},{"type":"Feature","id":"way/248754498","geometry":{"type":"Polygon","coordinates":[[[-73.9976581,40.7328973],[-73.9974927,40.7331237],[-73.997527,40.7331381],[-73.9975731,40.7330749],[-73.9976184,40.7330939],[-73.9976514,40.7330488],[-73.9977325,40.7329378],[-73.9977377,40.7329307],[-73.9976581,40.7328973]]]},"properties":{"addr:housenumber":"25","addr:street":"West 8th Street","building":"yes","height":"16.4","id":"way/248754498"}},{"type":"Feature","id":"way/248754499","geometry":{"type":"Polygon","coordinates":[[[-73.9972953,40.7332569],[-73.9972521,40.7333161],[-73.9974877,40.7334155],[-73.9975373,40.7333475],[-73.9975264,40.7333429],[-73.9975204,40.7333511],[-73.99748,40.733334],[-73.9975194,40.7332801],[-73.9975247,40.7332823],[-73.9975408,40.7332602],[-73.9975868,40.7332796],[-73.9976235,40.7332293],[-73.9973879,40.7331299],[-73.9973835,40.733136],[-73.9973509,40.7331806],[-73.9973939,40.7331987],[-73.997377,40.733222],[-73.9973844,40.7332251],[-73.9973457,40.7332781],[-73.9972953,40.7332569]]]},"properties":{"addr:housenumber":"26","addr:street":"West 9th Street","building":"apartments","height":"31.2","id":"way/248754499"}},{"type":"Feature","id":"way/248754500","geometry":{"type":"Polygon","coordinates":[[[-73.9977325,40.7329378],[-73.9976514,40.7330488],[-73.9977313,40.7330823],[-73.9978124,40.7329713],[-73.9977325,40.7329378]]]},"properties":{"addr:housenumber":"27","addr:street":"West 8th Street","building":"yes","height":"16.8","id":"way/248754500"}},{"type":"Feature","id":"way/248754501","geometry":{"type":"Polygon","coordinates":[[[-73.9978124,40.7329713],[-73.9977313,40.7330823],[-73.9977005,40.7331245],[-73.9977779,40.7331569],[-73.997895,40.7329967],[-73.9978292,40.7329691],[-73.997824,40.7329762],[-73.9978124,40.7329713]]]},"properties":{"addr:housenumber":"29","addr:street":"West 8th Street","building":"yes","height":"17.7","id":"way/248754501"}},{"type":"Feature","id":"way/248754502","geometry":{"type":"Polygon","coordinates":[[[-73.997895,40.7329967],[-73.9977779,40.7331569],[-73.997768,40.7331705],[-73.9978499,40.7332049],[-73.9979769,40.7330311],[-73.997895,40.7329967]]]},"properties":{"addr:housenumber":"31","addr:street":"West 8th Street","building":"yes","height":"16.4","id":"way/248754502"}},{"type":"Feature","id":"way/248754503","geometry":{"type":"Polygon","coordinates":[[[-73.9979769,40.7330311],[-73.9978499,40.7332049],[-73.99783,40.7332322],[-73.9979073,40.7332646],[-73.9980542,40.7330635],[-73.9979769,40.7330311]]]},"properties":{"addr:housenumber":"33","addr:street":"West 8th Street","building":"yes","height":"16.7","id":"way/248754503"}},{"type":"Feature","id":"way/248754505","geometry":{"type":"Polygon","coordinates":[[[-73.9980542,40.7330635],[-73.9979073,40.7332646],[-73.9979853,40.7332974],[-73.9981323,40.7330962],[-73.9980542,40.7330635]]]},"properties":{"addr:housenumber":"35","addr:street":"West 8th Street","building":"yes","height":"16.6","id":"way/248754505"}},{"type":"Feature","id":"way/248754507","geometry":{"type":"Polygon","coordinates":[[[-73.9981323,40.7330962],[-73.9979853,40.7332974],[-73.9979741,40.7333127],[-73.9980522,40.7333454],[-73.9982104,40.733129],[-73.9981323,40.7330962]]]},"properties":{"addr:housenumber":"37","addr:street":"West 8th Street","building":"yes","height":"16.9","id":"way/248754507"}},{"type":"Feature","id":"way/248754509","geometry":{"type":"Polygon","coordinates":[[[-73.9982104,40.733129],[-73.9980522,40.7333454],[-73.9980449,40.7333554],[-73.9981169,40.7333856],[-73.9982785,40.7331644],[-73.9982823,40.7331592],[-73.9982104,40.733129]]]},"properties":{"addr:housenumber":"39","addr:street":"West 8th Street","building":"yes","height":"30.5","id":"way/248754509"}},{"type":"Feature","id":"way/248754513","geometry":{"type":"Polygon","coordinates":[[[-73.9982785,40.7331644],[-73.9981169,40.7333856],[-73.9981866,40.7334148],[-73.9983482,40.7331936],[-73.9983308,40.7331863],[-73.9983322,40.7331844],[-73.9982974,40.7331698],[-73.998296,40.7331717],[-73.9982785,40.7331644]]]},"properties":{"addr:housenumber":"41","addr:street":"West 8th Street","building":"yes","height":"16.9","id":"way/248754513"}},{"type":"Feature","id":"way/248754516","geometry":{"type":"Polygon","coordinates":[[[-73.9983616,40.7331992],[-73.9983482,40.7331936],[-73.9981866,40.7334148],[-73.998258,40.7334448],[-73.9983151,40.7333667],[-73.9984174,40.7332267],[-73.9984219,40.7332205],[-73.9983638,40.7331961],[-73.9983616,40.7331992]]]},"properties":{"addr:housenumber":"43","addr:street":"West 8th Street","building":"yes","height":"16.1","id":"way/248754516"}},{"type":"Feature","id":"way/248754517","geometry":{"type":"Polygon","coordinates":[[[-73.9984174,40.7332267],[-73.9983151,40.7333667],[-73.9983889,40.7333977],[-73.9984912,40.7332576],[-73.9984957,40.7332515],[-73.9984412,40.7332286],[-73.9984367,40.7332348],[-73.9984174,40.7332267]]]},"properties":{"addr:housenumber":"45","addr:street":"West 8th Street","building":"yes","height":"16.1","id":"way/248754517"}},{"type":"Feature","id":"way/248754518","geometry":{"type":"Polygon","coordinates":[[[-73.9985695,40.7332824],[-73.9985129,40.7332587],[-73.9985084,40.7332649],[-73.9984912,40.7332576],[-73.9983889,40.7333977],[-73.9984627,40.7334287],[-73.9985695,40.7332824]]]},"properties":{"addr:housenumber":"47","addr:street":"West 8th Street","building":"yes","height":"16.9","id":"way/248754518"}},{"type":"Feature","id":"way/248754519","geometry":{"type":"Polygon","coordinates":[[[-73.9985695,40.7332824],[-73.9984627,40.7334287],[-73.9984159,40.7334928],[-73.9984875,40.7335229],[-73.9985103,40.7334918],[-73.9986412,40.7333125],[-73.9985695,40.7332824]]]},"properties":{"addr:housenumber":"49","addr:street":"West 8th Street","building":"yes","height":"16.3","id":"way/248754519"}},{"type":"Feature","id":"way/248754520","geometry":{"type":"Polygon","coordinates":[[[-73.9967705,40.7325249],[-73.9967216,40.7325919],[-73.9967468,40.7326025],[-73.9967499,40.7326107],[-73.9967439,40.7326188],[-73.9967242,40.7326105],[-73.9966428,40.732722],[-73.9967942,40.7327855],[-73.9968757,40.7326741],[-73.9968566,40.7326661],[-73.9968625,40.732658],[-73.9968732,40.7326555],[-73.9969,40.7326667],[-73.996949,40.7325998],[-73.9967705,40.7325249]]]},"properties":{"addr:housenumber":"5","addr:street":"West 8th Street","building":"hotel","height":"29.5","id":"way/248754520"}},{"type":"Feature","id":"way/248754530","geometry":{"type":"Polygon","coordinates":[[[-73.9965862,40.7330352],[-73.9966693,40.7329212],[-73.9966908,40.7328917],[-73.9966247,40.7328639],[-73.9965202,40.7330073],[-73.9965862,40.7330352]]]},"properties":{"addr:housenumber":"6","addr:street":"West 9th Street","building":"apartments","height":"14.9","id":"way/248754530"}},{"type":"Feature","id":"way/248754536","geometry":{"type":"Polygon","coordinates":[[[-73.9970287,40.7326332],[-73.996949,40.7325998],[-73.9969,40.7326667],[-73.9968029,40.7327996],[-73.9968827,40.7328331],[-73.9970287,40.7326332]]]},"properties":{"addr:housenumber":"7","addr:street":"West 8th Street","building":"yes","height":"17.7","id":"way/248754536"}},{"type":"Feature","id":"way/248754537","geometry":{"type":"Polygon","coordinates":[[[-73.9966693,40.7329212],[-73.9965862,40.7330352],[-73.9966877,40.733078],[-73.9967708,40.7329641],[-73.9966693,40.7329212]]]},"properties":{"addr:housenumber":"8","addr:street":"West 9th Street","building":"apartments","height":"15.5","id":"way/248754537"}},{"type":"Feature","id":"way/248754538","geometry":{"type":"Polygon","coordinates":[[[-73.9970287,40.7326332],[-73.9968827,40.7328331],[-73.9969622,40.7328664],[-73.996968,40.7328585],[-73.9971082,40.7326666],[-73.9970287,40.7326332]]]},"properties":{"addr:housenumber":"9","addr:street":"West 8th Street","building":"yes","height":"18.6","id":"way/248754538"}},{"type":"Feature","id":"way/248754540","geometry":{"type":"Polygon","coordinates":[[[-73.9975759,40.7332946],[-73.9975373,40.7333475],[-73.9974877,40.7334155],[-73.9975687,40.7334497],[-73.9975768,40.7334386],[-73.9976554,40.7334718],[-73.99777,40.7333145],[-73.9977887,40.7332889],[-73.9977102,40.7332557],[-73.9976569,40.7333288],[-73.9975759,40.7332946]]]},"properties":{"building":"apartments","height":"17.5","id":"way/248754540"}},{"type":"Feature","id":"way/248754542","geometry":{"type":"Polygon","coordinates":[[[-73.996404,40.7324586],[-73.9964716,40.732487],[-73.9967216,40.7325919],[-73.9967705,40.7325249],[-73.9967728,40.7325217],[-73.996455,40.7323884],[-73.996404,40.7324586]]]},"properties":{"building":"yes","height":"19.0","id":"way/248754542"}},{"type":"Feature","id":"way/248755456","geometry":{"type":"Polygon","coordinates":[[[-73.9960211,40.733276],[-73.9958603,40.7332082],[-73.9956996,40.7334288],[-73.9961427,40.7336157],[-73.996228,40.7334987],[-73.9961933,40.7334841],[-73.9962131,40.733457],[-73.99622,40.7334599],[-73.9962751,40.7333842],[-73.9961364,40.7333257],[-73.9961226,40.7333199],[-73.9960681,40.7333947],[-73.9961076,40.7334113],[-73.996084,40.7334438],[-73.9959108,40.7333708],[-73.9959309,40.7333433],[-73.9959624,40.7333566],[-73.9960211,40.733276]]]},"properties":{"building":"apartments","building:levels":"25","height":"55.3","id":"way/248755456"}},{"type":"Feature","id":"way/248755458","geometry":{"type":"Polygon","coordinates":[[[-73.9965291,40.7334913],[-73.99658,40.7334216],[-73.9966015,40.733392],[-73.9966286,40.7333865],[-73.9966675,40.733403],[-73.9967397,40.7333039],[-73.996747,40.7332939],[-73.996021,40.7329878],[-73.9958603,40.7332082],[-73.9960211,40.733276],[-73.9960688,40.7332106],[-73.9961118,40.733202],[-73.9961805,40.733231],[-73.9961872,40.7332561],[-73.9961364,40.7333257],[-73.9962751,40.7333842],[-73.9963273,40.7333165],[-73.9963582,40.7333052],[-73.996427,40.7333342],[-73.9964363,40.7333586],[-73.9963842,40.7334302],[-73.9965291,40.7334913]]]},"properties":{"building":"apartments","height":"68.5","id":"way/248755458"}},{"type":"Feature","id":"way/249663948","geometry":{"type":"Polygon","coordinates":[[[-74.0010829,40.7326969],[-74.0009508,40.7328514],[-74.0009863,40.7328689],[-74.0010228,40.7328262],[-74.0010628,40.732846],[-74.0011147,40.7327853],[-74.0011584,40.7327342],[-74.0010829,40.7326969]]]},"properties":{"addr:housenumber":"113","addr:street":"West Washington Place","building":"apartments","building:levels":"5","height":"17.2","roof:levels":"0","id":"way/249663948"}},{"type":"Feature","id":"way/249663949","geometry":{"type":"Polygon","coordinates":[[[-74.0012716,40.7327902],[-74.0012279,40.7328413],[-74.00124,40.7328473],[-74.0012425,40.7328593],[-74.0011288,40.7329923],[-74.0011999,40.7330275],[-74.0013133,40.7328948],[-74.0013288,40.7328912],[-74.0013398,40.7328967],[-74.0013836,40.7328456],[-74.0012716,40.7327902]]]},"properties":{"addr:housenumber":"119","addr:street":"West Washington Place","building":"apartments","building:levels":"6","height":"20.0","roof:levels":"0","id":"way/249663949"}},{"type":"Feature","id":"way/249663961","geometry":{"type":"Polygon","coordinates":[[[-74.0007218,40.7330301],[-74.000807,40.7329305],[-74.0008116,40.7329251],[-74.00078,40.7329095],[-74.0007588,40.7329342],[-74.0007235,40.7329167],[-74.0006788,40.7329689],[-74.0006996,40.7329792],[-74.0006723,40.7330111],[-74.0006516,40.7330008],[-74.0005821,40.7330822],[-74.000649,40.7331153],[-74.000703,40.7330521],[-74.0006956,40.7330417],[-74.0007046,40.7330312],[-74.0007218,40.7330301]]]},"properties":{"addr:housenumber":"138","addr:street":"Waverly Place","building":"yes","height":"19.7","id":"way/249663961"}},{"type":"Feature","id":"way/249663963","geometry":{"type":"Polygon","coordinates":[[[-74.000807,40.7329305],[-74.0007218,40.7330301],[-74.000703,40.7330521],[-74.000649,40.7331153],[-74.0007345,40.7331576],[-74.0007874,40.7330956],[-74.0007655,40.7330848],[-74.0007611,40.7330697],[-74.0007706,40.7330585],[-74.0007845,40.7330653],[-74.0008722,40.7329627],[-74.000807,40.7329305]]]},"properties":{"addr:housenumber":"140","addr:street":"Waverly Place","building":"yes","height":"20.6","id":"way/249663963"}},{"type":"Feature","id":"way/249663966","geometry":{"type":"Polygon","coordinates":[[[-74.000847,40.7330259],[-74.0007874,40.7330956],[-74.0007345,40.7331576],[-74.0008025,40.7331912],[-74.000915,40.7330595],[-74.0009067,40.7330554],[-74.0009252,40.7330338],[-74.0008805,40.7330116],[-74.000862,40.7330333],[-74.000847,40.7330259]]]},"properties":{"addr:housenumber":"144","addr:street":"Waverly Place","building":"yes","height":"16.4","id":"way/249663966"}},{"type":"Feature","id":"way/249663968","geometry":{"type":"Polygon","coordinates":[[[-74.000915,40.7330595],[-74.0008025,40.7331912],[-74.0008698,40.7332245],[-74.0009824,40.7330928],[-74.000915,40.7330595]]]},"properties":{"addr:housenumber":"146","addr:street":"Waverly Place","building":"yes","height":"16.5","id":"way/249663968"}},{"type":"Feature","id":"way/249663970","geometry":{"type":"Polygon","coordinates":[[[-74.0009824,40.7330928],[-74.0008698,40.7332245],[-74.0010054,40.7332916],[-74.001118,40.7331599],[-74.0009824,40.7330928]]]},"properties":{"addr:housenumber":"148","addr:street":"Waverly Place","building":"yes","height":"16.6","id":"way/249663970"}},{"type":"Feature","id":"way/249663974","geometry":{"type":"Polygon","coordinates":[[[-74.001118,40.7331599],[-74.0010054,40.7332916],[-74.0010718,40.7333244],[-74.0011843,40.7331927],[-74.001118,40.7331599]]]},"properties":{"addr:housenumber":"152","addr:street":"Waverly Place","building":"yes","height":"16.6","id":"way/249663974"}},{"type":"Feature","id":"way/249663975","geometry":{"type":"Polygon","coordinates":[[[-74.0011843,40.7331927],[-74.0010718,40.7333244],[-74.0011433,40.7333597],[-74.0012558,40.7332281],[-74.0012267,40.7332137],[-74.0012254,40.7331997],[-74.0012026,40.7331884],[-74.0011843,40.7331927]]]},"properties":{"addr:housenumber":"154","addr:street":"Waverly Place","building":"yes","height":"16.8","id":"way/249663975"}},{"type":"Feature","id":"way/249663976","geometry":{"type":"Polygon","coordinates":[[[-74.0012558,40.7332281],[-74.0011433,40.7333597],[-74.0012083,40.7333919],[-74.0012516,40.7333413],[-74.0012752,40.7333137],[-74.0013066,40.733277],[-74.0013209,40.7332603],[-74.0012558,40.7332281]]]},"properties":{"addr:housenumber":"156","addr:street":"Waverly Place","building":"yes","height":"16.3","id":"way/249663976"}},{"type":"Feature","id":"way/249664000","geometry":{"type":"Polygon","coordinates":[[[-74.0004249,40.7327149],[-74.0006402,40.7328214],[-74.0006739,40.7328381],[-74.0006335,40.7328854],[-74.0007005,40.7329185],[-74.0007414,40.7328706],[-74.0006931,40.7328468],[-74.0007723,40.7327541],[-74.0007143,40.7327254],[-74.000683,40.732762],[-74.0005454,40.7326939],[-74.0005766,40.7326574],[-74.0004947,40.7326168],[-74.0004249,40.7327149]]]},"properties":{"addr:housenumber":"371","addr:street":"6th Avenue","building":"yes","height":"19.3","id":"way/249664000"}},{"type":"Feature","id":"way/249664001","geometry":{"type":"Polygon","coordinates":[[[-74.000387,40.732768],[-74.0004908,40.7328193],[-74.0005551,40.7328512],[-74.0005646,40.73284],[-74.0006066,40.7328608],[-74.0006402,40.7328214],[-74.0004249,40.7327149],[-74.000387,40.732768]]]},"properties":{"addr:housenumber":"373","addr:street":"6th Avenue","building":"yes","height":"16.1","id":"way/249664001"}},{"type":"Feature","id":"way/249664015","geometry":{"type":"Polygon","coordinates":[[[-74.0011584,40.7327342],[-74.0011147,40.7327853],[-74.0011258,40.7327908],[-74.0011296,40.7328034],[-74.0010159,40.7329365],[-74.0010848,40.7329705],[-74.0011985,40.7328375],[-74.0012164,40.7328356],[-74.0012279,40.7328413],[-74.0012716,40.7327902],[-74.0011584,40.7327342]]]},"properties":{"building":"apartments","building:levels":"6","height":"20.3","roof:levels":"0","id":"way/249664015"}},{"type":"Feature","id":"way/249664022","geometry":{"type":"Polygon","coordinates":[[[-74.0012253,40.7330336],[-74.0011969,40.7330668],[-74.0012626,40.7330993],[-74.001291,40.7330661],[-74.0012253,40.7330336]]]},"properties":{"building":"yes","height":"5.7","id":"way/249664022"}},{"type":"Feature","id":"way/249664033","geometry":{"type":"Polygon","coordinates":[[[-74.0004947,40.7326168],[-74.0005766,40.7326574],[-74.0007143,40.7327254],[-74.0007723,40.7327541],[-74.0008083,40.7327719],[-74.0009233,40.7326118],[-74.000609,40.7324563],[-74.0005498,40.7325394],[-74.0004947,40.7326168]]]},"properties":{"addr:housenumber":"365","addr:street":"6th Avenue","building":"church","building:colour":"#BAB494","height":"14.9","name":"Saint Joseph Catholic Church","roof:colour":"#8B8E7D","roof:height":"3","roof:material":"roof_tiles","roof:shape":"gabled","id":"way/249664033"}},{"type":"Feature","id":"way/249664036","geometry":{"type":"Polygon","coordinates":[[[-74.0004908,40.7328193],[-74.000387,40.732768],[-74.0002724,40.732929],[-74.0005502,40.7330664],[-74.0006462,40.7329542],[-74.0006151,40.7329388],[-74.000629,40.7329225],[-74.0004699,40.7328438],[-74.0004908,40.7328193]]]},"properties":{"building":"yes","height":"50.0","id":"way/249664036"}},{"type":"Feature","id":"way/249664083","geometry":{"type":"Polygon","coordinates":[[[-74.001037,40.7323443],[-74.0010039,40.7323836],[-74.0009588,40.732437],[-74.0010227,40.7324681],[-74.0011008,40.7323755],[-74.001037,40.7323443]]]},"properties":{"addr:housenumber":"106","addr:street":"West Washington Place","building":"yes","height":"12.2","id":"way/249664083"}},{"type":"Feature","id":"way/249664084","geometry":{"type":"Polygon","coordinates":[[[-74.0011008,40.7323755],[-74.0010227,40.7324681],[-74.0010856,40.7324988],[-74.0011637,40.7324061],[-74.0011008,40.7323755]]]},"properties":{"addr:housenumber":"108","addr:street":"West Washington Place","building":"yes","height":"15.1","id":"way/249664084"}},{"type":"Feature","id":"way/249664085","geometry":{"type":"Polygon","coordinates":[[[-74.0011637,40.7324061],[-74.0010856,40.7324988],[-74.0011498,40.7325302],[-74.001228,40.7324375],[-74.0011637,40.7324061]]]},"properties":{"addr:housenumber":"110","addr:street":"West Washington Place","building":"yes","height":"12.4","id":"way/249664085"}},{"type":"Feature","id":"way/249664086","geometry":{"type":"Polygon","coordinates":[[[-74.001228,40.7324375],[-74.0011498,40.7325302],[-74.0012137,40.7325613],[-74.0012918,40.7324687],[-74.001228,40.7324375]]]},"properties":{"addr:housenumber":"112","addr:street":"West Washington Place","building":"house","building:levels":"3","height":"11.5","roof:levels":"0","roof:shape":"flat","id":"way/249664086"}},{"type":"Feature","id":"way/249664100","geometry":{"type":"Polygon","coordinates":[[[-74.0011609,40.7320698],[-74.0011528,40.7320857],[-74.0011856,40.7321229],[-74.0013141,40.7320573],[-74.0013208,40.7320538],[-74.0012848,40.7319988],[-74.0011721,40.732064],[-74.0011609,40.7320698]]]},"properties":{"addr:housenumber":"161","addr:street":"West 4th Street","building":"yes","height":"14.0","id":"way/249664100"}},{"type":"Feature","id":"way/249664103","geometry":{"type":"Polygon","coordinates":[[[-74.0013141,40.7320573],[-74.0011856,40.7321229],[-74.0011775,40.732127],[-74.0012179,40.7321728],[-74.001286,40.732138],[-74.0013545,40.732103],[-74.0013141,40.7320573]]]},"properties":{"addr:housenumber":"163","addr:street":"West 4th Street","building":"yes","height":"14.2","id":"way/249664103"}},{"type":"Feature","id":"way/249664116","geometry":{"type":"Polygon","coordinates":[[[-74.0009275,40.7320128],[-74.0010943,40.7320932],[-74.001109,40.7320762],[-74.0011455,40.7320924],[-74.0011528,40.7320857],[-74.0011609,40.7320698],[-74.0011721,40.732064],[-74.0009685,40.7319597],[-74.0009275,40.7320128]]]},"properties":{"addr:housenumber":"349","addr:street":"6th Avenue","building":"yes","building:colour":"#A17163","building:levels":"4","building:material":"brick","height":"13.1","roof:material":"concrete","roof:shape":"flat","id":"way/249664116"}},{"type":"Feature","id":"way/249664117","geometry":{"type":"Polygon","coordinates":[[[-74.0009275,40.7320128],[-74.0008913,40.7320588],[-74.0010856,40.7321552],[-74.0011232,40.7321062],[-74.0010943,40.7320932],[-74.0009275,40.7320128]]]},"properties":{"addr:housenumber":"351","addr:street":"6th Avenue","building":"yes","building:colour":"#C5BDA7","building:levels":"4","building:material":"brick","height":"14.4","roof:material":"concrete","roof:shape":"flat","id":"way/249664117"}},{"type":"Feature","id":"way/249664118","geometry":{"type":"Polygon","coordinates":[[[-74.0008485,40.7321106],[-74.0010293,40.7322002],[-74.0010654,40.7322178],[-74.0011062,40.7321695],[-74.0010856,40.7321552],[-74.0008913,40.7320588],[-74.0008485,40.7321106]]]},"properties":{"addr:housenumber":"353","addr:street":"6th Avenue","building":"yes","building:colour":"#CD806D","building:levels":"4","building:material":"brick","height":"13.2","roof:material":"concrete","roof:shape":"flat","id":"way/249664118"}},{"type":"Feature","id":"way/249664119","geometry":{"type":"Polygon","coordinates":[[[-74.0008485,40.7321106],[-74.0008143,40.7321594],[-74.000991,40.7322456],[-74.0010293,40.7322002],[-74.0008485,40.7321106]]]},"properties":{"addr:housenumber":"355","addr:street":"6th Avenue","building":"yes","building:colour":"#CCA993","building:levels":"4","building:material":"brick","height":"13.5","roof:material":"concrete","roof:shape":"flat","id":"way/249664119"}},{"type":"Feature","id":"way/249664120","geometry":{"type":"Polygon","coordinates":[[[-74.0008143,40.7321594],[-74.0007761,40.7322108],[-74.001031,40.7323339],[-74.0010721,40.7322851],[-74.000991,40.7322456],[-74.0008143,40.7321594]]]},"properties":{"addr:housenumber":"357","addr:street":"6th Avenue","building":"yes","building:colour":"#D7816D","building:levels":"4","building:material":"brick","height":"13.6","roof:material":"concrete","roof:shape":"flat","id":"way/249664120"}},{"type":"Feature","id":"way/249664121","geometry":{"type":"Polygon","coordinates":[[[-74.0007761,40.7322108],[-74.0007047,40.7323107],[-74.0009588,40.732437],[-74.0010039,40.7323836],[-74.001037,40.7323443],[-74.0010415,40.732339],[-74.001031,40.7323339],[-74.0007761,40.7322108]]]},"properties":{"addr:housenumber":"359","addr:street":"6th Avenue","building":"apartments","building:colour":"#D3816D","building:levels":"4","building:material":"brick","height":"12.4","roof:material":"concrete","roof:shape":"flat","id":"way/249664121"}},{"type":"Feature","id":"way/249664127","geometry":{"type":"Polygon","coordinates":[[[-74.0013626,40.7320989],[-74.0013545,40.732103],[-74.001286,40.732138],[-74.0013038,40.7321582],[-74.0013051,40.732172],[-74.0012335,40.7322086],[-74.0012172,40.732203],[-74.0011991,40.7321824],[-74.0011527,40.7322061],[-74.0011445,40.7322234],[-74.0011661,40.7322479],[-74.001293,40.7323147],[-74.0013398,40.7322908],[-74.0013301,40.7322798],[-74.0013337,40.7322683],[-74.0013767,40.7322464],[-74.001394,40.7322517],[-74.0014158,40.7322763],[-74.001425,40.7322716],[-74.0014871,40.7322399],[-74.0013626,40.7320989]]]},"properties":{"building":"yes","height":"20.4","id":"way/249664127"}},{"type":"Feature","id":"way/249664137","geometry":{"type":"Polygon","coordinates":[[[-74.0010514,40.7318414],[-74.0009685,40.7319597],[-74.0011721,40.732064],[-74.0012848,40.7319988],[-74.0012307,40.7319346],[-74.0012101,40.7319244],[-74.0012129,40.7319197],[-74.0010514,40.7318414]]]},"properties":{"building":"yes","building:colour":"#A17163","building:levels":"4","building:material":"brick","height":"14.2","roof:material":"concrete","roof:shape":"flat","id":"way/249664137"}},{"type":"Feature","id":"way/249665346","geometry":{"type":"Polygon","coordinates":[[[-74.0015479,40.7314908],[-74.001373,40.7314176],[-74.00119,40.7316707],[-74.0012061,40.7316829],[-74.001582,40.7315507],[-74.0015479,40.7314908]]]},"properties":{"building":"yes","building:colour":"#D2C8AC","building:levels":"12","building:material":"brick","height":"48.8","roof:colour":"#AB9F85","roof:material":"concrete","roof:shape":"flat","id":"way/249665346"}},{"type":"Feature","id":"way/311397982","geometry":{"type":"Polygon","coordinates":[[[-73.9949593,40.7321124],[-73.9950315,40.7320151],[-73.9949655,40.731987],[-73.9949805,40.7319667],[-73.9948797,40.7319238],[-73.9948647,40.731944],[-73.9948352,40.7319315],[-73.9948233,40.7319475],[-73.9947731,40.7320153],[-73.994763,40.7320288],[-73.9947925,40.7320414],[-73.9947758,40.7320639],[-73.9948766,40.7321068],[-73.9948933,40.7320843],[-73.9949593,40.7321124]]]},"properties":{"building:colour":"#DED2C0","building:part":"yes","height":"74.7","roof:material":"concrete","roof:shape":"flat","id":"way/311397982"}},{"type":"Feature","id":"way/311419137","geometry":{"type":"Polygon","coordinates":[[[-73.9950846,40.7318979],[-73.9951059,40.731869],[-73.995084,40.7318597],[-73.9950941,40.7318461],[-73.9949669,40.731792],[-73.9949609,40.7318],[-73.9949473,40.7318185],[-73.994884,40.7317916],[-73.9948795,40.7317976],[-73.994837,40.7317795],[-73.9948051,40.7317659],[-73.9947311,40.7318657],[-73.9947597,40.7318778],[-73.9947411,40.7319029],[-73.994804,40.7319292],[-73.9948429,40.7318768],[-73.9948566,40.7318826],[-73.9949027,40.7318205],[-73.9950846,40.7318979]]]},"properties":{"building:colour":"#DED2C0","building:part":"yes","height":"33","roof:material":"concrete","roof:shape":"flat","id":"way/311419137"}},{"type":"Feature","id":"way/311419138","geometry":{"type":"Polygon","coordinates":[[[-73.9948535,40.73221],[-73.9946714,40.7321328],[-73.9947173,40.7320707],[-73.9947035,40.7320649],[-73.9947422,40.7320124],[-73.9946798,40.7319854],[-73.9946612,40.7320105],[-73.9946327,40.7319984],[-73.9945591,40.7320983],[-73.9945909,40.7321119],[-73.9946335,40.7321299],[-73.9946291,40.7321359],[-73.9946924,40.7321628],[-73.9946788,40.7321812],[-73.9946728,40.7321893],[-73.9948001,40.7322432],[-73.9948102,40.7322296],[-73.9948322,40.7322389],[-73.9948535,40.73221]]]},"properties":{"building:colour":"#DED2C0","building:part":"yes","height":"33","roof:material":"concrete","roof:shape":"flat","id":"way/311419138"}},{"type":"Feature","id":"way/311419140","geometry":{"type":"Polygon","coordinates":[[[-73.9949593,40.7321124],[-73.9950315,40.7320151],[-73.9950576,40.73198],[-73.9950645,40.7319706],[-73.9950388,40.7319596],[-73.9950846,40.7318979],[-73.9949027,40.7318205],[-73.9948566,40.7318826],[-73.9948429,40.7318768],[-73.994804,40.7319292],[-73.9947983,40.7319369],[-73.9948233,40.7319475],[-73.9947731,40.7320153],[-73.9947479,40.7320046],[-73.9947422,40.7320124],[-73.9947035,40.7320649],[-73.9947173,40.7320707],[-73.9946714,40.7321328],[-73.9948535,40.73221],[-73.9948991,40.7321483],[-73.9949252,40.7321593],[-73.9949365,40.7321439],[-73.9949593,40.7321124]]]},"properties":{"building:colour":"#DED2C0","building:part":"yes","height":"66","roof:material":"concrete","roof:shape":"flat","id":"way/311419140"}},{"type":"Feature","id":"way/311419141","geometry":{"type":"Polygon","coordinates":[[[-73.9951737,40.7323693],[-73.9951607,40.7323717],[-73.9951681,40.7323755],[-73.9951737,40.7323693]]]},"properties":{"building:colour":"#DED2C0","building:part":"yes","height":"24","roof:material":"concrete","roof:shape":"flat","id":"way/311419141"}},{"type":"Feature","id":"way/311419142","geometry":{"type":"Polygon","coordinates":[[[-73.9951709,40.7320272],[-73.9950576,40.73198],[-73.9950315,40.7320151],[-73.9949593,40.7321124],[-73.9949365,40.7321439],[-73.9950378,40.732187],[-73.995027,40.7322018],[-73.9950488,40.7322111],[-73.9950217,40.7322477],[-73.9950249,40.7322609],[-73.9950451,40.7322704],[-73.9950293,40.7322881],[-73.9950342,40.7323071],[-73.9951327,40.7323502],[-73.9951593,40.7323472],[-73.9951698,40.7323349],[-73.995188,40.732343],[-73.9951991,40.7323414],[-73.995217,40.732319],[-73.9952173,40.7323112],[-73.9952463,40.7322754],[-73.9952018,40.7322568],[-73.9951902,40.732252],[-73.9953123,40.7320875],[-73.9953238,40.7320924],[-73.9953756,40.7321144],[-73.9954384,40.7320298],[-73.995411,40.7320182],[-73.9954207,40.7320051],[-73.9954253,40.731999],[-73.9952956,40.7319437],[-73.9952868,40.7319556],[-73.9952601,40.7319442],[-73.995205,40.7320185],[-73.9951839,40.7320096],[-73.9951709,40.7320272]]]},"properties":{"building:colour":"#DED2C0","building:part":"yes","height":"33","roof:material":"concrete","roof:shape":"flat","id":"way/311419142"}},{"type":"Feature","id":"way/311419143","geometry":{"type":"Polygon","coordinates":[[[-73.9945909,40.7321119],[-73.9945591,40.7320983],[-73.994541,40.7321228],[-73.9945729,40.7321363],[-73.9945909,40.7321119]]]},"properties":{"building:colour":"#DED2C0","building:part":"yes","height":"26","roof:material":"concrete","roof:shape":"flat","id":"way/311419143"}},{"type":"Feature","id":"way/311419144","geometry":{"type":"Polygon","coordinates":[[[-73.9953238,40.7320924],[-73.9953123,40.7320875],[-73.9951902,40.732252],[-73.9952018,40.7322568],[-73.9953238,40.7320924]]]},"properties":{"building:colour":"#DED2C0","building:part":"yes","height":"30","roof:material":"concrete","roof:shape":"flat","id":"way/311419144"}},{"type":"Feature","id":"way/311419145","geometry":{"type":"Polygon","coordinates":[[[-73.9954253,40.731999],[-73.9954351,40.7319857],[-73.9953055,40.7319305],[-73.9952956,40.7319437],[-73.9954253,40.731999]]]},"properties":{"building:colour":"#DED2C0","building:part":"yes","height":"30","roof:material":"concrete","roof:shape":"flat","id":"way/311419145"}},{"type":"Feature","id":"way/311419146","geometry":{"type":"Polygon","coordinates":[[[-73.9951786,40.7321796],[-73.9952291,40.7321099],[-73.9951374,40.7320717],[-73.9950868,40.7321414],[-73.9951786,40.7321796]]]},"properties":{"building:colour":"#DED2C0","building:part":"yes","height":"36","roof:material":"concrete","roof:shape":"flat","id":"way/311419146"}},{"type":"Feature","id":"way/311419147","geometry":{"type":"Polygon","coordinates":[[[-73.9952956,40.7319437],[-73.9952689,40.7319324],[-73.9952601,40.7319442],[-73.9952868,40.7319556],[-73.9952956,40.7319437]]]},"properties":{"building:colour":"#DED2C0","building:part":"yes","height":"30","roof:material":"concrete","roof:shape":"flat","id":"way/311419147"}},{"type":"Feature","id":"way/311419148","geometry":{"type":"Polygon","coordinates":[[[-73.9954384,40.7320298],[-73.9954481,40.7320168],[-73.9954207,40.7320051],[-73.995411,40.7320182],[-73.9954384,40.7320298]]]},"properties":{"building:colour":"#DED2C0","building:part":"yes","height":"30","roof:material":"concrete","roof:shape":"flat","id":"way/311419148"}},{"type":"Feature","id":"way/311419149","geometry":{"type":"Polygon","coordinates":[[[-73.994837,40.7317795],[-73.9948551,40.731755],[-73.9948234,40.7317416],[-73.9948051,40.7317659],[-73.994837,40.7317795]]]},"properties":{"building:colour":"#DED2C0","building:part":"yes","height":"26","roof:material":"concrete","roof:shape":"flat","id":"way/311419149"}},{"type":"Feature","id":"way/311419150","geometry":{"type":"Polygon","coordinates":[[[-73.9946798,40.7319854],[-73.9946512,40.7319733],[-73.9946327,40.7319984],[-73.9946612,40.7320105],[-73.9946798,40.7319854]]]},"properties":{"building:colour":"#DED2C0","building:part":"yes","height":"26","roof:material":"concrete","roof:shape":"flat","id":"way/311419150"}},{"type":"Feature","id":"way/311419151","geometry":{"type":"Polygon","coordinates":[[[-73.9947597,40.7318778],[-73.9947311,40.7318657],[-73.9947126,40.7318908],[-73.9947411,40.7319029],[-73.9947597,40.7318778]]]},"properties":{"building:colour":"#DED2C0","building:part":"yes","height":"26","roof:material":"concrete","roof:shape":"flat","id":"way/311419151"}},{"type":"Feature","id":"way/311419152","geometry":{"type":"Polygon","coordinates":[[[-73.9954207,40.7320051],[-73.9954481,40.7320168],[-73.9954625,40.7319973],[-73.9954351,40.7319857],[-73.9954253,40.731999],[-73.9954207,40.7320051]]]},"properties":{"building:colour":"#DED2C0","building:part":"yes","height":"27","roof:material":"concrete","roof:shape":"flat","id":"way/311419152"}},{"type":"Feature","id":"way/311419153","geometry":{"type":"Polygon","coordinates":[[[-73.9950124,40.732278],[-73.9950095,40.7322644],[-73.9949967,40.7322817],[-73.9949986,40.7322964],[-73.9950147,40.7323049],[-73.9950293,40.7322881],[-73.9950124,40.732278]]]},"properties":{"building:colour":"#DED2C0","building:part":"yes","height":"27","roof:material":"concrete","roof:shape":"flat","id":"way/311419153"}},{"type":"Feature","id":"way/311419154","geometry":{"type":"Polygon","coordinates":[[[-73.9951991,40.7323414],[-73.995188,40.732343],[-73.9951698,40.7323349],[-73.9951593,40.7323472],[-73.9951737,40.7323542],[-73.9951903,40.7323503],[-73.9951991,40.7323414]]]},"properties":{"building:colour":"#DED2C0","building:part":"yes","height":"30","roof:material":"concrete","roof:shape":"flat","id":"way/311419154"}},{"type":"Feature","id":"way/311419155","geometry":{"type":"Polygon","coordinates":[[[-73.9949609,40.7318],[-73.9948551,40.731755],[-73.994837,40.7317795],[-73.9948795,40.7317976],[-73.994884,40.7317916],[-73.9949473,40.7318185],[-73.9949609,40.7318]]]},"properties":{"building:colour":"#DED2C0","building:part":"yes","height":"30","roof:material":"concrete","roof:shape":"flat","id":"way/311419155"}},{"type":"Feature","id":"way/311419156","geometry":{"type":"Polygon","coordinates":[[[-73.9946788,40.7321812],[-73.9946924,40.7321628],[-73.9946291,40.7321359],[-73.9946335,40.7321299],[-73.9945909,40.7321119],[-73.9945729,40.7321363],[-73.9946788,40.7321812]]]},"properties":{"building:colour":"#DED2C0","building:part":"yes","height":"30","roof:material":"concrete","roof:shape":"flat","id":"way/311419156"}},{"type":"Feature","id":"way/311419157","geometry":{"type":"Polygon","coordinates":[[[-73.9950217,40.7322477],[-73.9950095,40.7322644],[-73.9950124,40.732278],[-73.9950293,40.7322881],[-73.9950451,40.7322704],[-73.9950249,40.7322609],[-73.9950217,40.7322477]]]},"properties":{"building:colour":"#DED2C0","building:part":"yes","height":"30","roof:material":"concrete","roof:shape":"flat","id":"way/311419157"}},{"type":"Feature","id":"way/311419158","geometry":{"type":"Polygon","coordinates":[[[-73.9951455,40.732364],[-73.9951607,40.7323717],[-73.9951737,40.7323693],[-73.9951903,40.7323503],[-73.9951737,40.7323542],[-73.9951593,40.7323472],[-73.9951455,40.732364]]]},"properties":{"building:colour":"#DED2C0","building:part":"yes","height":"27","roof:material":"concrete","roof:shape":"flat","id":"way/311419158"}},{"type":"Feature","id":"way/311419159","geometry":{"type":"Polygon","coordinates":[[[-73.9949967,40.7322817],[-73.9949852,40.7322974],[-73.9950115,40.7323087],[-73.9950029,40.7323204],[-73.9950199,40.7323276],[-73.9950147,40.7323049],[-73.9949986,40.7322964],[-73.9949967,40.7322817]]]},"properties":{"building:colour":"#DED2C0","building:part":"yes","height":"24","roof:material":"concrete","roof:shape":"flat","id":"way/311419159"}},{"type":"Feature","id":"way/311419160","geometry":{"type":"Polygon","coordinates":[[[-73.9951169,40.732369],[-73.9951455,40.732364],[-73.9951593,40.7323472],[-73.9951327,40.7323502],[-73.9950342,40.7323071],[-73.9950293,40.7322881],[-73.9950147,40.7323049],[-73.9950199,40.7323276],[-73.9951169,40.732369]]]},"properties":{"building:colour":"#DED2C0","building:part":"yes","height":"27","roof:material":"concrete","roof:shape":"flat","id":"way/311419160"}},{"type":"Feature","id":"way/322221829","geometry":{"type":"Polygon","coordinates":[[[-73.9972731,40.7297178],[-73.9973037,40.7296816],[-73.9973963,40.7295725],[-73.9975065,40.7294425],[-73.9974521,40.729416],[-73.9974086,40.7294673],[-73.9970538,40.7292946],[-73.9969691,40.7293945],[-73.9968948,40.7294821],[-73.9968639,40.7295186],[-73.99693,40.7295507],[-73.9970794,40.7296234],[-73.9971992,40.7296818],[-73.9972731,40.7297178]]]},"properties":{"building:colour":"#C89B7E","building:part":"yes","height":"45.5","min_height":"43","roof:colour":"#858178","roof:material":"concrete","roof:shape":"flat","id":"way/322221829"}},{"type":"Feature","id":"way/322221831","geometry":{"type":"Polygon","coordinates":[[[-73.9971691,40.7292782],[-73.9972383,40.7291967],[-73.9971655,40.7291612],[-73.9970963,40.7292428],[-73.9971691,40.7292782]]]},"properties":{"building:colour":"#C89B7E","building:part":"yes","height":"44.5","min_height":"43","roof:colour":"#858178","roof:material":"concrete","roof:shape":"flat","id":"way/322221831"}},{"type":"Feature","id":"way/322221834","geometry":{"type":"Polygon","coordinates":[[[-73.9975027,40.7293247],[-73.9975761,40.7293604],[-73.997606,40.729375],[-73.9976397,40.7293352],[-73.9975364,40.7292849],[-73.9975027,40.7293247]]]},"properties":{"building:colour":"#C89B7E","building:part":"yes","height":"44","min_height":"43","roof:colour":"#858178","roof:material":"concrete","roof:shape":"flat","id":"way/322221834"}},{"type":"Feature","id":"way/322221836","geometry":{"type":"Polygon","coordinates":[[[-73.9975065,40.7294425],[-73.9975761,40.7293604],[-73.9975027,40.7293247],[-73.9974331,40.7294068],[-73.9974521,40.729416],[-73.9975065,40.7294425]]]},"properties":{"building:colour":"#C89B7E","building:part":"yes","height":"44.5","min_height":"43","roof:colour":"#858178","roof:material":"concrete","roof:shape":"flat","id":"way/322221836"}},{"type":"Feature","id":"way/322221837","geometry":{"type":"Polygon","coordinates":[[[-73.9971348,40.7291463],[-73.9971655,40.7291612],[-73.9972383,40.7291967],[-73.9972723,40.7291566],[-73.9971688,40.7291062],[-73.9971348,40.7291463]]]},"properties":{"building:colour":"#C89B7E","building:part":"yes","height":"44","min_height":"43","roof:colour":"#858178","roof:material":"concrete","roof:shape":"flat","id":"way/322221837"}},{"type":"Feature","id":"way/322221838","geometry":{"type":"Polygon","coordinates":[[[-73.99693,40.7295507],[-73.9968639,40.7295186],[-73.9968948,40.7294821],[-73.9968335,40.7294523],[-73.996789,40.7295047],[-73.9969164,40.7295667],[-73.99693,40.7295507]]]},"properties":{"building:colour":"#C89B7E","building:part":"yes","height":"44","min_height":"43","roof:colour":"#858178","roof:material":"concrete","roof:shape":"flat","id":"way/322221838"}},{"type":"Feature","id":"way/322221839","geometry":{"type":"Polygon","coordinates":[[[-73.9973037,40.7296816],[-73.9972731,40.7297178],[-73.9971992,40.7296818],[-73.9971861,40.7296973],[-73.9973142,40.7297597],[-73.997358,40.729708],[-73.9973037,40.7296816]]]},"properties":{"building:colour":"#C89B7E","building:part":"yes","height":"44","min_height":"43","roof:colour":"#858178","roof:material":"concrete","roof:shape":"flat","id":"way/322221839"}},{"type":"Feature","id":"way/322221840","geometry":{"type":"Polygon","coordinates":[[[-73.9974086,40.7294673],[-73.9974521,40.729416],[-73.9974331,40.7294068],[-73.9971691,40.7292782],[-73.9970963,40.7292428],[-73.9970707,40.7292303],[-73.9970272,40.7292816],[-73.9970538,40.7292946],[-73.9974086,40.7294673]]]},"properties":{"building:colour":"#C89B7E","building:levels":"12","building:part":"yes","height":"47.4","min_height":"43","roof:colour":"#858178","roof:material":"concrete","roof:shape":"flat","id":"way/322221840"}},{"type":"Feature","id":"way/377589641","geometry":{"type":"Polygon","coordinates":[[[-73.9943731,40.7318819],[-73.9944582,40.7317641],[-73.9943531,40.7317205],[-73.9943,40.7317121],[-73.994302,40.7316993],[-73.9941706,40.7316449],[-73.9941553,40.7316661],[-73.994171,40.7316727],[-73.9941182,40.7317458],[-73.9941022,40.7317391],[-73.9940853,40.7317625],[-73.994215,40.7318163],[-73.9942287,40.7318051],[-73.9942686,40.7318385],[-73.9943731,40.7318819]]]},"properties":{"building:colour":"#A07751","building:levels":"1","building:material":"brick","building:part":"yes","height":"5","roof:colour":"#A8A89C","roof:material":"concrete","roof:shape":"flat","id":"way/377589641"}},{"type":"Feature","id":"way/377589643","geometry":{"type":"Polygon","coordinates":[[[-73.9943757,40.7315162],[-73.9943123,40.7314895],[-73.9942924,40.7315163],[-73.9942998,40.7315194],[-73.9942774,40.7315496],[-73.9943268,40.7315707],[-73.9943492,40.7315405],[-73.9943556,40.7315432],[-73.9943757,40.7315162]]]},"properties":{"building:colour":"#A07751","building:levels":"1","building:material":"brick","building:part":"yes","height":"5","roof:colour":"#A8A89C","roof:material":"concrete","roof:shape":"flat","id":"way/377589643"}},{"type":"Feature","id":"way/377589647","geometry":{"type":"Polygon","coordinates":[[[-73.99393,40.731329],[-73.9938103,40.7314974],[-73.9938393,40.7315096],[-73.9938754,40.7315369],[-73.9938871,40.7315285],[-73.9939173,40.7315544],[-73.9939307,40.7315457],[-73.9940154,40.7315813],[-73.9940191,40.7315761],[-73.9940356,40.7315831],[-73.9940305,40.7315902],[-73.994054,40.7316001],[-73.993972,40.7317129],[-73.993948,40.7317028],[-73.9939433,40.7317093],[-73.9939318,40.7317044],[-73.9939254,40.7316965],[-73.9938476,40.7316637],[-73.9938462,40.7316462],[-73.9938008,40.7316417],[-73.9938071,40.7316331],[-73.9937554,40.7316255],[-73.9937248,40.7316126],[-73.9936675,40.7316915],[-73.9936068,40.731775],[-73.9937819,40.7318486],[-73.9938021,40.7318218],[-73.9938085,40.7318245],[-73.993831,40.7317944],[-73.9938803,40.7318156],[-73.9938578,40.7318457],[-73.9938651,40.7318489],[-73.9938453,40.7318753],[-73.9939896,40.731936],[-73.9940095,40.7319094],[-73.9940159,40.7319121],[-73.9940384,40.731882],[-73.9940877,40.7319032],[-73.9940652,40.7319333],[-73.9940725,40.7319365],[-73.994053,40.7319626],[-73.9942437,40.7320428],[-73.994294,40.7319735],[-73.9942818,40.7319683],[-73.9943016,40.731941],[-73.9943237,40.7319503],[-73.9943731,40.7318819],[-73.9942686,40.7318385],[-73.9942287,40.7318051],[-73.994215,40.7318163],[-73.9940853,40.7317625],[-73.9941022,40.7317391],[-73.9941182,40.7317458],[-73.994171,40.7316727],[-73.9941553,40.7316661],[-73.9941706,40.7316449],[-73.994302,40.7316993],[-73.9943,40.7317121],[-73.9943531,40.7317205],[-73.9944582,40.7317641],[-73.9945029,40.731704],[-73.9944795,40.7316942],[-73.9945014,40.7316641],[-73.9945148,40.7316697],[-73.9945676,40.7315971],[-73.9943757,40.7315162],[-73.9943556,40.7315432],[-73.9943492,40.7315405],[-73.9943268,40.7315707],[-73.9942774,40.7315496],[-73.9942998,40.7315194],[-73.9942924,40.7315163],[-73.9943123,40.7314895],[-73.994168,40.7314289],[-73.9941478,40.7314561],[-73.9941414,40.7314534],[-73.994119,40.7314836],[-73.9940696,40.7314625],[-73.994092,40.7314323],[-73.9940846,40.7314292],[-73.9941046,40.7314023],[-73.99393,40.731329]]]},"properties":{"building:colour":"#A07751","building:levels":"6","building:material":"brick","building:part":"yes","height":"18","roof:colour":"#A8A89C","roof:material":"concrete","roof:shape":"flat","id":"way/377589647"}},{"type":"Feature","id":"way/381826085","geometry":{"type":"Polygon","coordinates":[[[-74.0006083,40.7318362],[-74.0005048,40.7317919],[-74.0004822,40.7318176],[-74.0004928,40.7318233],[-74.0004603,40.7318634],[-74.0004716,40.7318697],[-74.0003862,40.7319705],[-74.0002979,40.73193],[-74.0002812,40.7319224],[-74.0002221,40.7319916],[-74.0002021,40.7320153],[-74.0004051,40.7321125],[-74.0006083,40.7318362]]]},"properties":{"building:colour":"#C3A173","building:levels":"6","building:material":"brick","building:part":"yes","height":"19.5","roof:material":"concrete","roof:shape":"flat","id":"way/381826085"}},{"type":"Feature","id":"way/381826086","geometry":{"type":"Polygon","coordinates":[[[-74.0005048,40.7317919],[-74.0004313,40.7317605],[-74.0004215,40.7317564],[-74.0004093,40.7317708],[-74.0003624,40.7318261],[-74.0003329,40.7318609],[-74.0002812,40.7319224],[-74.0002979,40.73193],[-74.0003862,40.7319705],[-74.0004716,40.7318697],[-74.0004603,40.7318634],[-74.0004928,40.7318233],[-74.0004822,40.7318176],[-74.0005048,40.7317919]]]},"properties":{"building:colour":"#C3A173","building:levels":"1","building:material":"brick","building:part":"yes","height":"3.25","roof:material":"concrete","roof:shape":"flat","id":"way/381826086"}},{"type":"Feature","id":"way/381826087","geometry":{"type":"Polygon","coordinates":[[[-74.0003862,40.7319705],[-74.0002979,40.73193],[-74.0002792,40.7319534],[-74.0003676,40.7319938],[-74.0003862,40.7319705]]]},"properties":{"building:colour":"#C3A173","building:levels":"7","building:material":"brick","building:min_level":"6","building:part":"yes","height":"22","min_height":"19.5","roof:material":"concrete","roof:shape":"flat","id":"way/381826087"}},{"type":"Feature","id":"way/381826088","geometry":{"type":"Polygon","coordinates":[[[-74.0006083,40.7318362],[-74.0004051,40.7321125],[-74.0002021,40.7320153],[-74.0001738,40.7320486],[-74.0004117,40.7321653],[-74.0006412,40.7318503],[-74.0006083,40.7318362]]]},"properties":{"building:colour":"#C3A173","building:levels":"5","building:material":"brick","building:part":"yes","height":"16.25","roof:material":"concrete","roof:shape":"flat","id":"way/381826088"}},{"type":"Feature","id":"way/440055120","geometry":{"type":"Polygon","coordinates":[[[-74.0008568,40.731576],[-74.00125,40.7310651],[-74.0009297,40.7309212],[-74.00072,40.7311892],[-74.0007913,40.7312212],[-74.000718,40.7313149],[-74.0007973,40.7313542],[-74.0006708,40.7314898],[-74.0008568,40.731576]]]},"properties":{"leisure":"park","name":"West Fourth Street Courts","id":"way/440055120"}},{"type":"Feature","id":"way/464974864","geometry":{"type":"Polygon","coordinates":[[[-73.9938819,40.7279838],[-73.994285,40.7281817],[-73.9943928,40.7280556],[-73.9939897,40.7278577],[-73.9938819,40.7279838]]]},"properties":{"addr:housenumber":"688","addr:street":"Broadway","building":"yes","height":"47.0","id":"way/464974864"}},{"type":"Feature","id":"way/481655771","geometry":{"type":"Polygon","coordinates":[[[-73.9961648,40.729263],[-73.9961785,40.7292459],[-73.996256,40.7291493],[-73.9962294,40.7291315],[-73.9962119,40.7291081],[-73.9962066,40.7290856],[-73.9962085,40.7290615],[-73.9962225,40.7290367],[-73.9962365,40.7290212],[-73.9962613,40.7290094],[-73.9962948,40.7290007],[-73.9963302,40.7290009],[-73.9963556,40.7290069],[-73.9963712,40.7290135],[-73.9964066,40.7289716],[-73.9959166,40.7287313],[-73.9960357,40.7285907],[-73.9960547,40.7285653],[-73.9960365,40.7285559],[-73.9960182,40.7285478],[-73.9960437,40.7285174],[-73.9959462,40.7284696],[-73.9959388,40.7284784],[-73.9959461,40.7284819],[-73.9959617,40.7285105],[-73.995928,40.7285507],[-73.9958824,40.7285487],[-73.9958798,40.7285517],[-73.9959068,40.7285648],[-73.9956521,40.7288685],[-73.9956164,40.7288512],[-73.9956141,40.7288539],[-73.9956358,40.7288963],[-73.9955987,40.7289405],[-73.9955596,40.7289387],[-73.995554,40.7289359],[-73.9955459,40.7289456],[-73.9956167,40.7289819],[-73.9956498,40.7290067],[-73.9958371,40.7291007],[-73.9958481,40.7290863],[-73.9958788,40.7291011],[-73.9960289,40.7291742],[-73.9960164,40.72919],[-73.9961648,40.729263]]]},"properties":{"highway":"pedestrian","name":"Gould Plaza","id":"way/481655771"}},{"type":"Feature","id":"way/690622135","geometry":{"type":"Polygon","coordinates":[[[-73.9984777,40.729722],[-73.9982422,40.7296005],[-73.998067,40.7298133],[-73.9981385,40.7298479],[-73.9980842,40.7299072],[-73.9980585,40.7298981],[-73.9979737,40.7300026],[-73.9979911,40.7300127],[-73.997922,40.7300928],[-73.9979126,40.7301174],[-73.9980611,40.7301906],[-73.9984777,40.729722]]]},"properties":{"addr:housenumber":"238","addr:street":"Thompson Street","building":"university","building:levels":"5","name":"Global Center for Academic and Spiritual Life","roof:shape":"flat","id":"way/690622135"}},{"type":"Feature","id":"way/877846420","geometry":{"type":"Polygon","coordinates":[[[-73.9997639,40.7293251],[-73.9998762,40.7293792],[-73.9999321,40.7293126],[-73.9998602,40.7292779],[-73.9999055,40.7292239],[-73.9999756,40.7292577],[-74.0000313,40.7291914],[-73.9999679,40.7291608],[-74.0000197,40.7290991],[-73.9999327,40.7290572],[-73.9998493,40.7290169],[-73.9996238,40.7292853],[-73.9996663,40.7293058],[-73.9996459,40.7293302],[-73.9997269,40.7293692],[-73.9997639,40.7293251]]]},"properties":{"addr:housenumber":"215","addr:street":"Sullivan Street","building":"yes","id":"way/877846420"}},{"type":"Feature","id":"way/959615847","geometry":{"type":"Polygon","coordinates":[[[-73.9984637,40.7330483],[-73.9985381,40.7329461],[-73.9982284,40.7327944],[-73.9981319,40.7329084],[-73.9984637,40.7330483]]]},"properties":{"landuse":"construction","id":"way/959615847"}},{"type":"Feature","id":"way/959929617","geometry":{"type":"Polygon","coordinates":[[[-73.997448,40.7309279],[-73.9974824,40.7309253],[-73.9975149,40.7309164],[-73.9975435,40.7309017],[-73.9975664,40.7308821],[-73.9975823,40.7308588],[-73.99759,40.7308333],[-73.9975892,40.7308071],[-73.9975799,40.7307818],[-73.9975627,40.7307591],[-73.9975386,40.7307403],[-73.9975092,40.7307266],[-73.9974762,40.7307189],[-73.9974381,40.7307177],[-73.9974012,40.7307244],[-73.9973679,40.7307384],[-73.997341,40.7307588],[-73.9973223,40.7307839],[-73.9973133,40.7308119],[-73.9973147,40.7308407],[-73.9973263,40.7308681],[-73.9973473,40.7308922],[-73.9973761,40.730911],[-73.9974105,40.7309232],[-73.997448,40.7309279]]]},"properties":{"name":"Washington Square Fountain","natural":"water","id":"way/959929617"}},{"type":"Feature","id":"way/1084139384","geometry":{"type":"Polygon","coordinates":[[[-73.9974323,40.7279967],[-73.9974784,40.7279417],[-73.9973696,40.7278892],[-73.9973235,40.7279441],[-73.9974323,40.7279967]]]},"properties":{"natural":"water","water":"reflecting_pool","id":"way/1084139384"}},{"type":"Feature","id":"way/1084139394","geometry":{"type":"Polygon","coordinates":[[[-73.9981357,40.7280884],[-73.9979749,40.7280093],[-73.9976684,40.7283674],[-73.9978291,40.7284464],[-73.9981357,40.7280884]]]},"properties":{"landuse":"grass","name":"The Backyard","id":"way/1084139394"}},{"type":"Feature","id":"way/1084139400","geometry":{"type":"Polygon","coordinates":[[[-73.9976282,40.728682],[-73.997779,40.7285038],[-73.9976234,40.7284282],[-73.9974726,40.7286064],[-73.9976282,40.728682]]]},"properties":{"landuse":"grass","id":"way/1084139400"}},{"type":"Feature","id":"way/1107861968","geometry":{"type":"Polygon","coordinates":[[[-73.9979974,40.7288313],[-73.9979865,40.728845],[-73.9980198,40.7288714],[-73.9980387,40.7289021],[-73.9980466,40.7289318],[-73.9980466,40.7289543],[-73.9980524,40.7289592],[-73.9981082,40.7288928],[-73.9980778,40.7288994],[-73.9980604,40.7288955],[-73.998043,40.7288823],[-73.9980408,40.7288675],[-73.9980488,40.7288543],[-73.9979974,40.7288313]]]},"properties":{"landuse":"grass","id":"way/1107861968"}},{"type":"Feature","id":"way/1107861969","geometry":{"type":"Polygon","coordinates":[[[-73.9981531,40.7288401],[-73.9982024,40.7287885],[-73.998222,40.7287643],[-73.9982213,40.7287451],[-73.9982089,40.7287253],[-73.9981742,40.7287231],[-73.998156,40.728727],[-73.9981162,40.7287226],[-73.9980959,40.728722],[-73.9980814,40.7287314],[-73.9980387,40.7287835],[-73.9981531,40.7288401]]]},"properties":{"landuse":"grass","id":"way/1107861969"}},{"type":"Feature","id":"way/1107861971","geometry":{"type":"Polygon","coordinates":[[[-73.9977742,40.7290965],[-73.997817,40.7291014],[-73.997859,40.729091],[-73.9979017,40.7290767],[-73.9979456,40.729066],[-73.9979706,40.7290679],[-73.9980365,40.7289937],[-73.9980278,40.7289883],[-73.9979995,40.728985],[-73.9979778,40.7289762],[-73.997964,40.728957],[-73.9979604,40.7289395],[-73.9979858,40.7289142],[-73.9980068,40.7289049],[-73.9979872,40.7288752],[-73.9979691,40.7288631],[-73.9977742,40.7290965]]]},"properties":{"landuse":"grass","id":"way/1107861971"}},{"type":"Feature","id":"way/1107861972","geometry":{"type":"Polygon","coordinates":[[[-73.9978785,40.7291805],[-73.9979496,40.7290926],[-73.9978648,40.7291124],[-73.9977894,40.7291393],[-73.9978785,40.7291805]]]},"properties":{"landuse":"grass","id":"way/1107861972"}},{"type":"Feature","id":"way/1151272583","geometry":{"type":"Polygon","coordinates":[[[-73.999534,40.7331429],[-73.9994902,40.7331245],[-73.9994669,40.7331564],[-73.9994541,40.733151],[-73.9994282,40.7331866],[-73.9994848,40.7332104],[-73.999534,40.7331429]]]},"properties":{"building:part":"yes","height":"18.7","id":"way/1151272583"}},{"type":"Feature","id":"way/1151272584","geometry":{"type":"Polygon","coordinates":[[[-73.999541,40.7333626],[-73.9996618,40.7331968],[-73.999534,40.7331429],[-73.9994848,40.7332104],[-73.9994967,40.7332154],[-73.999425,40.7333137],[-73.999541,40.7333626]]]},"properties":{"building:part":"yes","height":"15","id":"way/1151272584"}},{"type":"Feature","id":"way/1232773490","geometry":{"type":"Polygon","coordinates":[[[-73.998525,40.7318546],[-73.9985265,40.7318473],[-73.9985247,40.73184],[-73.9985198,40.7318337],[-73.9985123,40.7318289],[-73.9985032,40.7318263],[-73.9984935,40.7318262],[-73.9984847,40.7318283],[-73.9984773,40.7318325],[-73.9984719,40.7318382],[-73.9984693,40.7318449],[-73.9984696,40.7318519],[-73.9984729,40.7318585],[-73.9984787,40.7318639],[-73.9984865,40.7318677],[-73.9984955,40.7318694],[-73.9985047,40.7318688],[-73.9985132,40.731866],[-73.9985204,40.731861],[-73.998525,40.7318546]]]},"properties":{"landuse":"flowerbed","id":"way/1232773490"}},{"type":"Feature","id":"way/1232773502","geometry":{"type":"Polygon","coordinates":[[[-73.9991326,40.7311215],[-73.9991341,40.7311143],[-73.9991323,40.731107],[-73.9991274,40.7311007],[-73.99912,40.7310959],[-73.9991109,40.7310933],[-73.9991012,40.7310931],[-73.9990924,40.7310953],[-73.9990849,40.7310994],[-73.9990796,40.7311052],[-73.9990769,40.7311119],[-73.9990773,40.7311189],[-73.9990805,40.7311255],[-73.9990863,40.7311309],[-73.9990942,40.7311347],[-73.9991031,40.7311363],[-73.9991124,40.7311358],[-73.9991209,40.731133],[-73.9991281,40.731128],[-73.9991326,40.7311215]]]},"properties":{"landuse":"flowerbed","id":"way/1232773502"}},{"type":"Feature","id":"way/1232773518","geometry":{"type":"Polygon","coordinates":[[[-73.9990633,40.7309937],[-73.9990932,40.7309932],[-73.999125,40.7309866],[-73.9991527,40.7309738],[-73.9991642,40.7309568],[-73.9991711,40.7309352],[-73.9990218,40.7308617],[-73.9990018,40.7308685],[-73.9989814,40.7308813],[-73.998971,40.7308975],[-73.9989678,40.7309168],[-73.999009,40.7309444],[-73.9990376,40.7309693],[-73.9990633,40.7309937]]]},"properties":{"landuse":"grass","id":"way/1232773518"}},{"type":"Feature","id":"way/1232795397","geometry":{"type":"Polygon","coordinates":[[[-73.9989298,40.7311525],[-73.9984408,40.7311992],[-73.9984375,40.7312187],[-73.998428,40.7312457],[-73.9984154,40.7312662],[-73.9985855,40.7313487],[-73.9986028,40.7313453],[-73.9986312,40.7313461],[-73.9986624,40.7313547],[-73.9986937,40.7313708],[-73.9987136,40.7313893],[-73.9987256,40.731411],[-73.9988647,40.7314806],[-73.9988903,40.7314913],[-73.9989081,40.7314938],[-73.9989251,40.7314916],[-73.9989417,40.7314819],[-73.9989599,40.7314643],[-73.9989884,40.7314336],[-73.9990124,40.7313994],[-73.9990336,40.7313661],[-73.9990493,40.731336],[-73.9990687,40.7312899],[-73.9990804,40.7312617],[-73.9990329,40.7312488],[-73.9989889,40.7312303],[-73.9989597,40.7312096],[-73.9989369,40.7311796],[-73.9989298,40.7311525]]]},"properties":{"landuse":"grass","id":"way/1232795397"}},{"type":"Feature","id":"way/1232795401","geometry":{"type":"Polygon","coordinates":[[[-73.998674,40.7317709],[-73.998703,40.7317532],[-73.9987304,40.7317313],[-73.998758,40.7317043],[-73.9987791,40.7316765],[-73.9987924,40.7316573],[-73.9987747,40.7315987],[-73.9987508,40.7315699],[-73.9987204,40.7315438],[-73.9987046,40.7315278],[-73.9986946,40.7315065],[-73.9986923,40.7314844],[-73.9986917,40.73146],[-73.998668,40.7314629],[-73.9986402,40.7314619],[-73.9986152,40.7314559],[-73.9985889,40.7314432],[-73.998565,40.731427],[-73.9985331,40.7314325],[-73.9984861,40.7314431],[-73.9984397,40.7314624],[-73.9983968,40.7314903],[-73.9984514,40.731636],[-73.998472,40.7316344],[-73.9984948,40.7316436],[-73.9985138,40.731659],[-73.9985408,40.7316676],[-73.9985744,40.7316782],[-73.9986037,40.731691],[-73.9986342,40.731711],[-73.9986576,40.7317349],[-73.9986705,40.7317549],[-73.998674,40.7317709]]]},"properties":{"landuse":"grass","id":"way/1232795401"}},{"type":"Feature","id":"way/1232795411","geometry":{"type":"Polygon","coordinates":[[[-73.9983963,40.7316531],[-73.9983407,40.7315065],[-73.9983281,40.7315066],[-73.9983068,40.7314978],[-73.9982872,40.7314778],[-73.9982644,40.7314572],[-73.9982317,40.7314448],[-73.9981834,40.7314292],[-73.9981291,40.7314062],[-73.9980848,40.7313805],[-73.9980569,40.7313585],[-73.9980353,40.7313258],[-73.998019,40.7313051],[-73.9979966,40.7312856],[-73.9979674,40.7312627],[-73.9979447,40.7312313],[-73.9979276,40.7311944],[-73.9979237,40.7311689],[-73.9979256,40.7311529],[-73.99793,40.73114],[-73.9977335,40.7310449],[-73.9977082,40.7310617],[-73.997674,40.7310804],[-73.9976393,40.7310956],[-73.9976055,40.7311073],[-73.9975672,40.7311173],[-73.9975256,40.7311247],[-73.9974768,40.7311291],[-73.9974346,40.7311293],[-73.9974094,40.7311278],[-73.9973406,40.731201],[-73.997364,40.7312108],[-73.9973954,40.7312255],[-73.9974184,40.7312436],[-73.9974414,40.7312645],[-73.9974654,40.7312806],[-73.9974902,40.7313015],[-73.99751,40.7313322],[-73.9975146,40.7313609],[-73.9975119,40.7313888],[-73.9975525,40.7313988],[-73.9976021,40.7314156],[-73.997654,40.7314364],[-73.9976933,40.7314568],[-73.9977259,40.7314761],[-73.9977575,40.7315047],[-73.9977835,40.7315366],[-73.9977996,40.7315602],[-73.9978166,40.7315806],[-73.9978322,40.7315991],[-73.9978592,40.7315962],[-73.9978831,40.7315977],[-73.997905,40.7316084],[-73.9979348,40.731632],[-73.9979587,40.7316627],[-73.997989,40.7316853],[-73.9980304,40.7317064],[-73.9980724,40.7317197],[-73.9981192,40.7317274],[-73.9981514,40.73173],[-73.9981963,40.7317274],[-73.9982383,40.7317186],[-73.9982915,40.7317019],[-73.9983398,40.7316831],[-73.9983724,40.7316653],[-73.9983963,40.7316531]]]},"properties":{"landuse":"grass","id":"way/1232795411"}},{"type":"Feature","id":"way/1232818457","geometry":{"type":"Polygon","coordinates":[[[-73.9970573,40.7307535],[-73.9970281,40.7307476],[-73.996984,40.7307499],[-73.9969451,40.7307744],[-73.9969238,40.7308178],[-73.996926,40.7308707],[-73.9969583,40.7309219],[-73.9970053,40.7309731],[-73.9970509,40.731001],[-73.9970759,40.7310154],[-73.9971059,40.7309811],[-73.9970872,40.7309549],[-73.9970701,40.7309236],[-73.997055,40.7308819],[-73.997048,40.7308408],[-73.9970488,40.7307943],[-73.9970573,40.7307535]]]},"properties":{"landuse":"grass","id":"way/1232818457"}},{"type":"Feature","id":"way/1232818493","geometry":{"type":"Polygon","coordinates":[[[-73.9989299,40.7309459],[-73.9988953,40.7309218],[-73.9988437,40.7308936],[-73.998787,40.7308719],[-73.998732,40.73086],[-73.9987335,40.7308733],[-73.9987281,40.7308849],[-73.9987163,40.7308916],[-73.9986711,40.7308975],[-73.9986142,40.7308994],[-73.9985302,40.7309061],[-73.998486,40.730915],[-73.9984536,40.7309206],[-73.9983962,40.7309228],[-73.9983372,40.7309191],[-73.9983039,40.7309076],[-73.9982867,40.7308938],[-73.9982867,40.7308812],[-73.9982935,40.730867],[-73.9983009,40.7308501],[-73.9982753,40.7308407],[-73.9982475,40.7308261],[-73.9982269,40.7308102],[-73.9982017,40.7307882],[-73.9981815,40.7307691],[-73.9981609,40.730742],[-73.9981479,40.7307191],[-73.9981386,40.7307018],[-73.9981139,40.7306561],[-73.998088,40.7306266],[-73.9980621,40.7306208],[-73.9980329,40.7306289],[-73.9980106,40.7306486],[-73.9979787,40.7306658],[-73.9979499,40.730676],[-73.9979169,40.7306732],[-73.9978948,40.7306574],[-73.9978801,40.730637],[-73.9978801,40.7306138],[-73.9978728,40.7305943],[-73.9978483,40.730566],[-73.9978238,40.7305479],[-73.9977932,40.7305238],[-73.9977671,40.7305372],[-73.9977343,40.7305601],[-73.9977116,40.7305837],[-73.9977284,40.7305948],[-73.9977518,40.7306124],[-73.9977761,40.7306343],[-73.9977983,40.7306585],[-73.9978184,40.7306859],[-73.9978354,40.7307162],[-73.9978464,40.7307426],[-73.9978544,40.7307707],[-73.9978591,40.7308015],[-73.9978597,40.7308335],[-73.9978563,40.7308627],[-73.9978488,40.7308935],[-73.9978342,40.7309295],[-73.9979783,40.7309979],[-73.9979882,40.7309885],[-73.9980011,40.7309763],[-73.9980177,40.7309674],[-73.9980381,40.7309682],[-73.9980639,40.7309714],[-73.9981025,40.7309832],[-73.998161,40.730997],[-73.9982017,40.7309978],[-73.9982382,40.7309901],[-73.998276,40.7309905],[-73.9983155,40.7310011],[-73.9983648,40.731019],[-73.998412,40.7310389],[-73.9984426,40.7310641],[-73.9984603,40.7310881],[-73.998494,40.7311053],[-73.9985234,40.7311169],[-73.9985407,40.7311299],[-73.9985476,40.7311442],[-73.9988534,40.7311172],[-73.9988573,40.7311045],[-73.9988745,40.7310912],[-73.9988916,40.7310827],[-73.9988656,40.7310815],[-73.9988418,40.7310749],[-73.9988088,40.7310732],[-73.998792,40.7310777],[-73.9987795,40.7310899],[-73.9987553,40.7310993],[-73.9987377,40.7311021],[-73.9987121,40.7311015],[-73.9986996,40.7310965],[-73.998685,40.7310888],[-73.9986571,40.7310838],[-73.9986337,40.7310793],[-73.9986183,40.7310693],[-73.9986073,40.731046],[-73.9985999,40.7310188],[-73.9985985,40.7309977],[-73.998608,40.7309821],[-73.9986249,40.7309716],[-73.9986395,40.7309677],[-73.9986608,40.7309688],[-73.9987004,40.7309855],[-73.9987436,40.7309927],[-73.9987685,40.7309877],[-73.9987824,40.730981],[-73.998803,40.7309699],[-73.9988301,40.7309599],[-73.998874,40.7309577],[-73.9989187,40.7309655],[-73.9989407,40.7309766],[-73.9989309,40.7309578],[-73.9989299,40.7309459]]]},"properties":{"landuse":"grass","id":"way/1232818493"}},{"type":"Feature","id":"way/1232818496","geometry":{"type":"Polygon","coordinates":[[[-73.9960787,40.7306556],[-73.9960802,40.7306483],[-73.9960784,40.730641],[-73.9960735,40.7306347],[-73.996066,40.7306299],[-73.9960569,40.7306273],[-73.9960472,40.7306272],[-73.9960384,40.7306293],[-73.996031,40.7306335],[-73.9960256,40.7306392],[-73.996023,40.7306459],[-73.9960233,40.7306529],[-73.9960266,40.7306595],[-73.9960324,40.7306649],[-73.9960402,40.7306687],[-73.9960492,40.7306704],[-73.9960584,40.7306698],[-73.9960669,40.730667],[-73.9960741,40.730662],[-73.9960787,40.7306556]]]},"properties":{"landuse":"flowerbed","id":"way/1232818496"}},{"type":"Feature","id":"way/1232818498","geometry":{"type":"Polygon","coordinates":[[[-73.9966806,40.7299194],[-73.9966772,40.7299105],[-73.9966706,40.7299012],[-73.9966628,40.7298903],[-73.9966574,40.7298865],[-73.9966525,40.7298864],[-73.9966485,40.7298885],[-73.9966466,40.7298931],[-73.9966461,40.7299054],[-73.9966464,40.7299156],[-73.9966482,40.7299254],[-73.9966535,40.7299375],[-73.996658,40.7299459],[-73.9966646,40.7299543],[-73.9966704,40.7299585],[-73.996675,40.7299586],[-73.9966791,40.7299563],[-73.9966817,40.7299508],[-73.9966833,40.7299404],[-73.996683,40.7299283],[-73.9966806,40.7299194]]]},"properties":{"landuse":"flowerbed","id":"way/1232818498"}},{"type":"Feature","id":"way/1232818502","geometry":{"type":"Polygon","coordinates":[[[-73.9977413,40.7304677],[-73.9977251,40.730442],[-73.9977004,40.7304188],[-73.997663,40.7304036],[-73.997633,40.7304005],[-73.9975922,40.7303966],[-73.9975662,40.7303887],[-73.9975559,40.7303787],[-73.9975442,40.7303841],[-73.9975232,40.7303859],[-73.9975045,40.7303793],[-73.9974825,40.7303657],[-73.9974488,40.7303522],[-73.9974138,40.7303456],[-73.9973917,40.7303395],[-73.9973807,40.7303277],[-73.99738,40.7303158],[-73.997389,40.7302916],[-73.9974056,40.7302715],[-73.9974413,40.7302452],[-73.9974167,40.730231],[-73.997394,40.7302504],[-73.9973536,40.7302672],[-73.9973048,40.7302736],[-73.9972595,40.7302672],[-73.997224,40.7302508],[-73.9972047,40.7302385],[-73.9971924,40.7302729],[-73.9971851,40.7303099],[-73.9971824,40.7303519],[-73.9971835,40.7303863],[-73.9971851,40.7304091],[-73.9972071,40.7304135],[-73.9972208,40.7304215],[-73.9972344,40.7304363],[-73.9972431,40.7304509],[-73.9972502,40.7304626],[-73.9972633,40.7304793],[-73.9972757,40.7304937],[-73.9972853,40.7305075],[-73.9972899,40.7305259],[-73.9972935,40.7305386],[-73.9973251,40.7305295],[-73.9973627,40.7305215],[-73.9974118,40.7305153],[-73.997465,40.7305138],[-73.9975155,40.7305173],[-73.997558,40.730524],[-73.9976068,40.7305364],[-73.9976383,40.7305473],[-73.9976632,40.7305198],[-73.997687,40.7305009],[-73.9977169,40.7304803],[-73.9977413,40.7304677]]]},"properties":{"landuse":"grass","id":"way/1232818502"}},{"type":"Feature","id":"way/1232818520","geometry":{"type":"Polygon","coordinates":[[[-73.9969086,40.7299781],[-73.9968725,40.7300022],[-73.9968522,40.7300218],[-73.9968467,40.730036],[-73.9968416,40.7300533],[-73.9968274,40.730071],[-73.9968107,40.7300771],[-73.9967929,40.7300821],[-73.9967828,40.7300917],[-73.9967671,40.7301033],[-73.9967468,40.7301063],[-73.996817,40.7303364],[-73.996826,40.7303447],[-73.9968571,40.7303565],[-73.996892,40.7303599],[-73.9969417,40.7303555],[-73.9969953,40.7303521],[-73.9970367,40.7303628],[-73.9970897,40.7303868],[-73.9971214,40.7304089],[-73.9971169,40.730361],[-73.9971188,40.7303226],[-73.997124,40.730283],[-73.9971343,40.7302438],[-73.997147,40.7302075],[-73.9971689,40.7301717],[-73.9971425,40.7301558],[-73.9971202,40.7301358],[-73.9971087,40.7301004],[-73.9971019,40.7300809],[-73.997083,40.7300594],[-73.9970647,40.7300429],[-73.9970546,40.7300255],[-73.9970505,40.7300045],[-73.9969745,40.7299874],[-73.9969086,40.7299781]]]},"properties":{"landuse":"grass","id":"way/1232818520"}},{"type":"Feature","id":"way/1232818522","geometry":{"type":"Polygon","coordinates":[[[-73.9970674,40.7299621],[-73.9970703,40.7299399],[-73.9970599,40.7299151],[-73.9970428,40.7298904],[-73.9969638,40.7298545],[-73.9969463,40.7298664],[-73.9969402,40.7298829],[-73.9969444,40.7298912],[-73.9969502,40.729897],[-73.9969535,40.7299038],[-73.996954,40.7299092],[-73.996953,40.7299146],[-73.9969508,40.729919],[-73.9969475,40.7299231],[-73.996941,40.7299279],[-73.9969328,40.7299312],[-73.9969298,40.7299374],[-73.9969979,40.7299463],[-73.9970674,40.7299621]]]},"properties":{"landuse":"grass","id":"way/1232818522"}},{"type":"Feature","id":"way/1232833534","geometry":{"type":"Polygon","coordinates":[[[-73.9966385,40.7308965],[-73.996605,40.7309343],[-73.9966617,40.7309682],[-73.9967092,40.7310012],[-73.9967651,40.731043],[-73.9968272,40.7310916],[-73.9968413,40.7310739],[-73.9968462,40.7310433],[-73.9968357,40.7310038],[-73.9968184,40.7309797],[-73.9968123,40.7309778],[-73.9967917,40.7309644],[-73.9967586,40.7309422],[-73.9967144,40.7309232],[-73.9966661,40.7309062],[-73.9966385,40.7308965]]]},"properties":{"landuse":"grass","id":"way/1232833534"}},{"type":"Feature","id":"way/1232833536","geometry":{"type":"Polygon","coordinates":[[[-73.9965806,40.7310375],[-73.9965969,40.731054],[-73.9966087,40.7310887],[-73.9966149,40.7311213],[-73.9966287,40.7311447],[-73.9967094,40.7311852],[-73.9967391,40.7311638],[-73.9967607,40.7311369],[-73.9967735,40.7311054],[-73.996716,40.7310661],[-73.9966405,40.731017],[-73.9965715,40.7309709],[-73.9965602,40.7309834],[-73.9965602,40.730988],[-73.9965731,40.7309998],[-73.9965831,40.7310118],[-73.996584,40.7310244],[-73.9965841,40.7310263],[-73.9965806,40.7310375]]]},"properties":{"landuse":"grass","id":"way/1232833536"}},{"type":"Feature","id":"way/1232833538","geometry":{"type":"Polygon","coordinates":[[[-73.9965372,40.7309535],[-73.9965005,40.7309333],[-73.9964403,40.7309068],[-73.9963887,40.7308879],[-73.9963783,40.7309068],[-73.9963769,40.7309233],[-73.9963976,40.7309373],[-73.9964318,40.7309481],[-73.9964645,40.7309554],[-73.9964827,40.7309638],[-73.9965048,40.7309651],[-73.9965187,40.7309697],[-73.9965265,40.7309678],[-73.9965372,40.7309535]]]},"properties":{"landuse":"grass","id":"way/1232833538"}},{"type":"Feature","id":"way/1232833540","geometry":{"type":"Polygon","coordinates":[[[-73.9966024,40.7308823],[-73.9965536,40.7308555],[-73.9964919,40.7308191],[-73.9964679,40.7308074],[-73.9964447,40.7308135],[-73.9964126,40.7308258],[-73.9963835,40.7308436],[-73.9964298,40.7308555],[-73.9964752,40.7308726],[-73.9965302,40.7308961],[-73.9965723,40.7309167],[-73.9966024,40.7308823]]]},"properties":{"landuse":"grass","id":"way/1232833540"}},{"type":"Feature","id":"way/1232833563","geometry":{"type":"Polygon","coordinates":[[[-73.9965304,40.7306105],[-73.9964455,40.7306209],[-73.996376,40.7306274],[-73.9963087,40.7306354],[-73.996308,40.730666],[-73.9962924,40.730687],[-73.9962626,40.7307176],[-73.9962605,40.7307455],[-73.9962853,40.7307611],[-73.9963293,40.7307584],[-73.9963562,40.7307504],[-73.9963654,40.7307316],[-73.996381,40.730702],[-73.9964023,40.7306859],[-73.9964391,40.73068],[-73.9964636,40.7306921],[-73.9964948,40.7306827],[-73.9965005,40.7306594],[-73.9965094,40.7306316],[-73.9965304,40.7306105]]]},"properties":{"landuse":"grass","id":"way/1232833563"}},{"type":"Feature","id":"way/1232833566","geometry":{"type":"Polygon","coordinates":[[[-73.9965046,40.7304105],[-73.9964781,40.7304032],[-73.9964504,40.7303912],[-73.9964282,40.7303731],[-73.9963964,40.730371],[-73.9963517,40.7303763],[-73.9963043,40.7303853],[-73.9962743,40.7303975],[-73.9962519,40.7304117],[-73.9962289,40.7304186],[-73.9962031,40.730416],[-73.9961877,40.7304107],[-73.9961741,40.7304368],[-73.9961633,40.7304613],[-73.9961574,40.7304839],[-73.996179,40.730515],[-73.9962041,40.7305417],[-73.9962451,40.7305671],[-73.9962769,40.7305835],[-73.9963077,40.7305942],[-73.9965316,40.7305665],[-73.9965465,40.7305533],[-73.9965573,40.7305403],[-73.9965706,40.7305154],[-73.9965702,40.7304968],[-73.9965583,40.7304679],[-73.9965353,40.7304353],[-73.9965046,40.7304105]]]},"properties":{"landuse":"grass","id":"way/1232833566"}},{"type":"Feature","id":"way/1232833569","geometry":{"type":"Polygon","coordinates":[[[-73.9967419,40.7303214],[-73.9966806,40.730097],[-73.9966447,40.730088],[-73.9966034,40.7300712],[-73.9965729,40.7300553],[-73.9965436,40.7300508],[-73.9965117,40.7300479],[-73.9964929,40.7300599],[-73.9964822,40.7300667],[-73.9964564,40.7300831],[-73.9964646,40.730107],[-73.996467,40.7301437],[-73.9964556,40.7301832],[-73.9964538,40.7302113],[-73.9964664,40.7302362],[-73.9964712,40.7302661],[-73.99648,40.7302972],[-73.9965042,40.7303009],[-73.9965392,40.7303118],[-73.9965861,40.730325],[-73.9966368,40.7303381],[-73.9966795,40.7303446],[-73.9967054,40.73034],[-73.9967242,40.7303331],[-73.9967419,40.7303214]]]},"properties":{"landuse":"grass","id":"way/1232833569"}},{"type":"Feature","id":"way/1232833573","geometry":{"type":"Polygon","coordinates":[[[-73.9964598,40.7298277],[-73.9964045,40.7298917],[-73.99642,40.7299195],[-73.9964424,40.7299361],[-73.9964768,40.7299657],[-73.9964975,40.7299835],[-73.9965136,40.7299939],[-73.9965365,40.7299839],[-73.996544,40.7299648],[-73.996544,40.7299435],[-73.9965469,40.7299121],[-73.9965561,40.7298899],[-73.9965549,40.7298712],[-73.9965302,40.729846],[-73.9965044,40.7298308],[-73.9964598,40.7298277]]]},"properties":{"landuse":"grass","id":"way/1232833573"}},{"type":"Feature","id":"way/1243061342","geometry":{"type":"Polygon","coordinates":[[[-73.9978767,40.7291914],[-73.9988002,40.7281035],[-73.9966907,40.7270506],[-73.9957577,40.7281482],[-73.9978767,40.7291914]]]},"properties":{"landuse":"residential","name":"Washington Square Village","id":"way/1243061342"}},{"type":"Feature","id":"way/1296083553","geometry":{"type":"Polygon","coordinates":[[[-73.9978671,40.72922],[-73.9972186,40.7289033],[-73.9971556,40.7288729],[-73.9963944,40.7284923],[-73.9957322,40.728168],[-73.9957218,40.7281596],[-73.995717,40.7281455],[-73.9956902,40.7281854],[-73.9956901,40.7281996],[-73.9956946,40.7282068],[-73.995704,40.7282148],[-73.99574,40.7282324],[-73.9957825,40.7282309],[-73.9963717,40.7285192],[-73.9971366,40.7288951],[-73.9972006,40.7289272],[-73.9977004,40.7291739],[-73.9977108,40.729221],[-73.9978096,40.7292696],[-73.9978231,40.7292747],[-73.9978338,40.7292773],[-73.9978543,40.7292758],[-73.997869,40.7292695],[-73.9979088,40.7292238],[-73.997889,40.7292251],[-73.9978671,40.72922]]]},"properties":{"highway":"pedestrian","surface":"asphalt","id":"way/1296083553"}},{"type":"Feature","id":"way/1296083556","geometry":{"type":"Polygon","coordinates":[[[-73.995717,40.7281455],[-73.9957218,40.7281596],[-73.9957322,40.728168],[-73.9963944,40.7284923],[-73.9971556,40.7288729],[-73.9972186,40.7289033],[-73.9978671,40.72922],[-73.9979088,40.7292238],[-73.997882,40.7292042],[-73.9972248,40.728881],[-73.9971712,40.7288547],[-73.9971185,40.7288287],[-73.996406,40.7284785],[-73.9957324,40.7281472],[-73.995717,40.7281455]]]},"properties":{"highway":"pedestrian","surface":"concrete","id":"way/1296083556"}},{"type":"Feature","id":"way/1417216042","geometry":{"type":"Polygon","coordinates":[[[-74.0009078,40.7289326],[-74.0009979,40.7288252],[-74.0010245,40.7287935],[-74.000959,40.728762],[-74.0009327,40.7287933],[-74.0008423,40.728901],[-74.0009078,40.7289326]]]},"properties":{"addr:housenumber":"178","addr:street":"Bleecker Street","building":"yes","id":"way/1417216042"}},{"type":"Feature","id":"way/5668989","geometry":{"type":"LineString","coordinates":[[-73.9959296,40.7328696],[-73.9960197,40.7329068],[-73.9987019,40.7340344]]},"properties":{"highway":"residential","lanes":"1","name":"West 9th Street","surface":"asphalt","id":"way/5668989"}},{"type":"Feature","id":"way/5669842","geometry":{"type":"LineString","coordinates":[[-74.0029381,40.7311376],[-74.0029063,40.7311489],[-74.0028868,40.7311559],[-74.001221,40.7317509],[-74.0012171,40.7317529],[-74.0011515,40.7317982]]},"properties":{"highway":"residential","name":"Cornelia Street","surface":"asphalt","id":"way/5669842"}},{"type":"Feature","id":"way/5669962","geometry":{"type":"LineString","coordinates":[[-73.9955159,40.7334463],[-73.9953848,40.7333931],[-73.9939718,40.7327975],[-73.9939004,40.7327674],[-73.9938168,40.7327322],[-73.9937257,40.732694],[-73.9916472,40.7318214],[-73.9916098,40.7318058],[-73.9915724,40.7317902],[-73.9914641,40.7317437],[-73.9913567,40.7316983],[-73.9910925,40.7315866],[-73.9907476,40.7314421],[-73.9905928,40.7313768],[-73.9905383,40.7313539],[-73.990388,40.7312878]]},"properties":{"highway":"residential","lanes":"1","name":"East 10th Street","surface":"asphalt","id":"way/5669962"}},{"type":"Feature","id":"way/5669978","geometry":{"type":"LineString","coordinates":[[-73.9931487,40.7270546],[-73.9934518,40.727206],[-73.9934856,40.7272225],[-73.9935369,40.7272475],[-73.9936231,40.7272894],[-73.9937447,40.7273488],[-73.9941899,40.7275705],[-73.994654,40.7278007],[-73.9947496,40.7278276]]},"properties":{"highway":"residential","lanes":"1","name":"Great Jones Street","surface":"asphalt","id":"way/5669978"}},{"type":"Feature","id":"way/5670171","geometry":{"type":"LineString","coordinates":[[-73.998616,40.732218],[-73.9986762,40.7322465],[-73.9999418,40.732868],[-74.000066,40.732929],[-74.0001914,40.7329901],[-74.0007095,40.7332427],[-74.001103,40.733439],[-74.001563,40.7336782],[-74.001613,40.733706]]},"properties":{"highway":"residential","name":"Waverly Place","surface":"asphalt","id":"way/5670171"}},{"type":"Feature","id":"way/5670172","geometry":{"type":"LineString","coordinates":[[-73.9955665,40.730721],[-73.9954828,40.730678],[-73.9949391,40.7304082],[-73.994877,40.7303784],[-73.9948305,40.7303546],[-73.9947701,40.7303245],[-73.9941135,40.7300023],[-73.994064,40.729978]]},"properties":{"highway":"residential","name":"Waverly Place","surface":"asphalt","id":"way/5670172"}},{"type":"Feature","id":"way/5670178","geometry":{"type":"LineString","coordinates":[[-73.9966562,40.7318643],[-73.9965575,40.7318223],[-73.9964577,40.7317788],[-73.9952332,40.7312576]]},"properties":{"highway":"residential","name":"Washington Mews","surface":"sand","id":"way/5670178"}},{"type":"Feature","id":"way/5670488","geometry":{"type":"LineString","coordinates":[[-73.9986042,40.729686],[-73.9986419,40.7296415],[-73.9996302,40.7284748],[-73.9996723,40.7284251]]},"properties":{"highway":"residential","name":"Thompson Street","surface":"asphalt","id":"way/5670488"}},{"type":"Feature","id":"way/5670498","geometry":{"type":"LineString","coordinates":[[-74.0021622,40.7297532],[-74.0021418,40.7297236],[-74.0021128,40.7297007],[-74.0020718,40.7296922],[-74.0020303,40.7296922],[-74.0013313,40.7298963],[-74.0010403,40.7302232],[-74.00102,40.730246]]},"properties":{"highway":"residential","lanes":"1","name":"Minetta Street","surface":"asphalt","id":"way/5670498"}},{"type":"Feature","id":"way/5670651","geometry":{"type":"LineString","coordinates":[[-73.9995234,40.7336634],[-73.9994926,40.7335959],[-73.9994842,40.7335851],[-73.9994654,40.7335709],[-73.9994428,40.7335594],[-73.9991482,40.7334308],[-73.9980602,40.732973],[-73.9980019,40.7329485],[-73.9979381,40.7329216],[-73.9969306,40.7324977],[-73.9965225,40.732326],[-73.9964504,40.7322957],[-73.9963683,40.7322611]]},"properties":{"highway":"secondary","lanes":"1","name":"West 8th Street","surface":"asphalt","id":"way/5670651"}},{"type":"Feature","id":"way/5670814","geometry":{"type":"LineString","coordinates":[[-74.0013516,40.7277329],[-74.0012878,40.7278068],[-74.0004784,40.7287453],[-74.0004308,40.7288005],[-74.0004148,40.7288194],[-74.0003895,40.7288493],[-73.999405,40.7300131],[-73.9993655,40.7300598],[-73.9993196,40.7301132],[-73.9988974,40.7306236],[-73.9988817,40.7306365],[-73.9988596,40.7306475],[-73.9988378,40.7306533],[-73.9988148,40.7306557]]},"properties":{"highway":"residential","lanes":"1","name":"Sullivan Street","surface":"asphalt","id":"way/5670814"}},{"type":"Feature","id":"way/5670897","geometry":{"type":"LineString","coordinates":[[-73.9947496,40.7278276],[-73.9948591,40.7278512],[-73.9948739,40.7278545],[-73.9955211,40.7281722],[-73.995585,40.7282036]]},"properties":{"highway":"residential","name":"West 3rd Street","surface":"asphalt","id":"way/5670897"}},{"type":"Feature","id":"way/5671663","geometry":{"type":"LineString","coordinates":[[-73.9919247,40.7311834],[-73.9920153,40.73122],[-73.9923638,40.7313679],[-73.993143,40.7316959],[-73.9934705,40.7318322],[-73.9941371,40.7321126],[-73.9941744,40.7321282],[-73.9942118,40.7321438],[-73.9943085,40.7321835],[-73.9943901,40.7322181],[-73.9957614,40.7327999],[-73.9958144,40.7328229],[-73.9959296,40.7328696]]},"properties":{"highway":"residential","lanes":"1","name":"East 9th Street","surface":"asphalt","id":"way/5671663"}},{"type":"Feature","id":"way/5671743","geometry":{"type":"LineString","coordinates":[[-73.9965723,40.7295644],[-73.9965229,40.7296172],[-73.9961203,40.7300937],[-73.9960614,40.7301561],[-73.9960307,40.730196],[-73.9956245,40.7306656],[-73.9955665,40.730721]]},"properties":{"highway":"residential","lanes":"1","name":"Washington Square East","surface":"asphalt","id":"way/5671743"}},{"type":"Feature","id":"way/5671754","geometry":{"type":"LineString","coordinates":[[-74.0018089,40.7329507],[-74.0006352,40.7323777],[-74.000511,40.732315],[-74.0004024,40.7322618],[-73.9992144,40.7316803],[-73.9991735,40.7316603],[-73.9991088,40.731625]]},"properties":{"highway":"residential","name":"West Washington Place","surface":"asphalt","id":"way/5671754"}},{"type":"Feature","id":"way/5671799","geometry":{"type":"LineString","coordinates":[[-73.9980019,40.7329485],[-73.9980399,40.7328975],[-73.9980627,40.7328682],[-73.9982834,40.7326143],[-73.9985736,40.7322763],[-73.998616,40.732218]]},"properties":{"highway":"residential","lanes":"1","name":"MacDougal Street","surface":"asphalt","id":"way/5671799"}},{"type":"Feature","id":"way/5672001","geometry":{"type":"LineString","coordinates":[[-74.0003725,40.7339795],[-74.0003601,40.7339262],[-74.0003264,40.7337951],[-74.0003266,40.7337653],[-74.000338,40.7337333],[-74.0006686,40.7332967],[-74.0007095,40.7332427]]},"properties":{"highway":"residential","name":"Gay Street","surface":"asphalt","id":"way/5672001"}},{"type":"Feature","id":"way/5672040","geometry":{"type":"LineString","coordinates":[[-73.9996039,40.7310432],[-73.9995479,40.7310158],[-73.9989118,40.7307045],[-73.9988148,40.7306557],[-73.9987885,40.7306425],[-73.9981425,40.7303229],[-73.9980762,40.7302937]]},"properties":{"highway":"residential","lanes":"1","name":"Washington Square South","surface":"asphalt","id":"way/5672040"}},{"type":"Feature","id":"way/5672138","geometry":{"type":"LineString","coordinates":[[-73.9998695,40.7270026],[-73.9998079,40.7270744],[-73.9990007,40.7280141],[-73.9989542,40.7280695],[-73.9989372,40.7280896],[-73.9989223,40.7281073],[-73.9989013,40.7281325],[-73.9984,40.728734],[-73.9979387,40.7292518],[-73.9978721,40.7293265]]},"properties":{"highway":"residential","lanes":"2","name":"LaGuardia Place","surface":"asphalt","id":"way/5672138"}},{"type":"Feature","id":"way/5672873","geometry":{"type":"LineString","coordinates":[[-73.99582,40.7291865],[-73.9957681,40.72925],[-73.995379,40.7297058],[-73.9953529,40.7297364],[-73.9953096,40.7297856],[-73.9952638,40.7298376],[-73.9948888,40.7302852]]},"properties":{"highway":"residential","name":"Greene Street","surface":"sett","id":"way/5672873"}},{"type":"Feature","id":"way/5672896","geometry":{"type":"LineString","coordinates":[[-73.994804,40.7316016],[-73.9947595,40.731655],[-73.9944004,40.7320896],[-73.9943712,40.7321249],[-73.9943085,40.7321835],[-73.9942614,40.7322288],[-73.9939015,40.7326409],[-73.9938636,40.7326843],[-73.9938168,40.7327322],[-73.993765,40.7327881],[-73.9933603,40.7332594],[-73.993322,40.733304]]},"properties":{"highway":"residential","name":"University Place","surface":"asphalt","id":"way/5672896"}},{"type":"Feature","id":"way/5672910","geometry":{"type":"LineString","coordinates":[[-73.9944988,40.729382],[-73.994547,40.729406],[-73.9946054,40.7294344],[-73.9952118,40.7297356],[-73.9952666,40.7297628],[-73.9953096,40.7297856]]},"properties":{"highway":"residential","name":"Washington Place","surface":"asphalt","id":"way/5672910"}},{"type":"Feature","id":"way/5673001","geometry":{"type":"LineString","coordinates":[[-73.9982834,40.7326143],[-73.9982266,40.7325897],[-73.9981989,40.7325778],[-73.997248,40.7321671]]},"properties":{"highway":"service","name":"MacDougal Alley","surface":"asphalt","id":"way/5673001"}},{"type":"Feature","id":"way/5673089","geometry":{"type":"LineString","coordinates":[[-73.994426,40.7314416],[-73.9941028,40.7313042],[-73.9940524,40.7312848],[-73.9939837,40.7312561],[-73.9933147,40.7309727],[-73.9932574,40.7309483]]},"properties":{"highway":"secondary","lanes":"1","name":"East 8th Street","surface":"asphalt","id":"way/5673089"}},{"type":"Feature","id":"way/5673309","geometry":{"type":"LineString","coordinates":[[-74.0004979,40.7299869],[-74.0005508,40.7300132],[-74.0009882,40.7302302],[-74.00102,40.730246],[-74.0010576,40.7302649],[-74.0015665,40.7305214],[-74.0017,40.7305503]]},"properties":{"highway":"residential","name":"Minetta Lane","surface":"asphalt","id":"way/5673309"}},{"type":"Feature","id":"way/5673614","geometry":{"type":"LineString","coordinates":[[-73.9965723,40.7295644],[-73.996507,40.7295314]]},"properties":{"highway":"residential","lanes":"1","name":"West 4th Street","surface":"asphalt","id":"way/5673614"}},{"type":"Feature","id":"way/5673619","geometry":{"type":"LineString","coordinates":[[-74.000954,40.731706],[-74.0008377,40.731649],[-74.0006446,40.7315541],[-73.9996702,40.7310757],[-73.9996039,40.7310432]]},"properties":{"highway":"residential","lanes":"1","name":"West 4th Street","surface":"asphalt","id":"way/5673619"}},{"type":"Feature","id":"way/24264070","geometry":{"type":"LineString","coordinates":[[-73.996981,40.7314217],[-73.9970706,40.7314642],[-73.9976165,40.7317294],[-73.9985511,40.7321855],[-73.998616,40.732218]]},"properties":{"highway":"residential","lanes":"1","name":"Washington Square North","surface":"asphalt","id":"way/24264070"}},{"type":"Feature","id":"way/25199402","geometry":{"type":"LineString","coordinates":[[-74.0025813,40.7333766],[-74.0025413,40.7333236],[-74.002124,40.732841],[-74.002093,40.732807],[-74.0017041,40.7323648],[-74.001663,40.732318],[-74.0012321,40.7318515],[-74.0011984,40.7318292],[-74.0011515,40.7317982],[-74.0010787,40.7317628],[-74.000954,40.731706]]},"properties":{"highway":"residential","name":"West 4th Street","surface":"asphalt","id":"way/25199402"}},{"type":"Feature","id":"way/25199883","geometry":{"type":"LineString","coordinates":[[-73.9932574,40.7309483],[-73.9933031,40.7308897],[-73.9939878,40.730078],[-73.9940184,40.7300364],[-73.994064,40.729978],[-73.9941095,40.7299242],[-73.9944949,40.7294677],[-73.994547,40.729406],[-73.9945987,40.7293461],[-73.9950131,40.7288655],[-73.9950197,40.7288579],[-73.995061,40.72881],[-73.9951024,40.7287621],[-73.9955393,40.7282565],[-73.995585,40.7282036],[-73.9956412,40.7281372],[-73.9966119,40.7269912],[-73.9966489,40.7269476],[-73.9966626,40.7269315],[-73.996707,40.7268798],[-73.9975089,40.7259465],[-73.9975736,40.7258712]]},"properties":{"highway":"residential","lanes":"1","name":"Mercer Street","surface":"asphalt","id":"way/25199883"}},{"type":"Feature","id":"way/44226058","geometry":{"type":"LineString","coordinates":[[-73.9975672,40.7306874],[-73.997658,40.730583],[-73.9976737,40.730565],[-73.9976975,40.7305411],[-73.9977321,40.7305151],[-73.997777,40.7304903],[-73.9978379,40.7304664],[-73.9979009,40.7304426],[-73.9979418,40.7304261],[-73.9979729,40.7304053],[-73.9979955,40.7303831],[-73.9980213,40.7303557]]},"properties":{"highway":"footway","surface":"paving_stones","id":"way/44226058"}},{"type":"Feature","id":"way/68674966","geometry":{"type":"LineString","coordinates":[[-73.9966562,40.7318643],[-73.9968539,40.7315898]]},"properties":{"highway":"residential","lanes":"2","name":"5th Avenue","surface":"asphalt","id":"way/68674966"}},{"type":"Feature","id":"way/157012386","geometry":{"type":"LineString","coordinates":[[-74.001188,40.7291698],[-74.0011344,40.7291437],[-74.0004872,40.728828],[-74.0004308,40.7288005],[-74.0003789,40.7287747],[-73.9997307,40.728454],[-73.9996723,40.7284251],[-73.999623,40.7284007],[-73.9990453,40.7281146],[-73.9989542,40.7280695],[-73.9988785,40.728032],[-73.9981746,40.7276837],[-73.9974022,40.7272964],[-73.996737,40.7269682],[-73.9966626,40.7269315],[-73.9966005,40.7269008],[-73.9963523,40.7267777],[-73.9959456,40.7265761],[-73.9958473,40.7265283],[-73.9957583,40.7264847],[-73.9950679,40.7261371],[-73.9948035,40.7260041],[-73.9947537,40.7259795],[-73.9946467,40.7259268],[-73.9945612,40.7258838],[-73.9945385,40.725873],[-73.9945095,40.7258602],[-73.9944754,40.7258473]]},"properties":{"highway":"residential","lanes":"1","name":"Bleecker Street","surface":"asphalt","id":"way/157012386"}},{"type":"Feature","id":"way/157012387","geometry":{"type":"LineString","coordinates":[[-73.9996039,40.7310432],[-73.9996477,40.7309915],[-74.0000873,40.7304729],[-74.0001225,40.7304314]]},"properties":{"highway":"residential","lanes":"1","name":"MacDougal Street","surface":"asphalt","id":"way/157012387"}},{"type":"Feature","id":"way/157012388","geometry":{"type":"LineString","coordinates":[[-73.9965975,40.7282513],[-73.9964854,40.7283843]]},"properties":{"highway":"service","id":"way/157012388"}},{"type":"Feature","id":"way/157012389","geometry":{"type":"LineString","coordinates":[[-73.9979512,40.7279445],[-73.9980654,40.7278112]]},"properties":{"highway":"service","surface":"asphalt","id":"way/157012389"}},{"type":"Feature","id":"way/157012390","geometry":{"type":"LineString","coordinates":[[-73.9964854,40.7283843],[-73.996406,40.7284785],[-73.9963944,40.7284923],[-73.9963717,40.7285192],[-73.9963296,40.7285692]]},"properties":{"highway":"service","surface":"asphalt","id":"way/157012390"}},{"type":"Feature","id":"way/157012391","geometry":{"type":"LineString","coordinates":[[-73.9972527,40.7287597],[-73.9973638,40.72863]]},"properties":{"highway":"service","surface":"asphalt","id":"way/157012391"}},{"type":"Feature","id":"way/157012393","geometry":{"type":"LineString","coordinates":[[-73.9980654,40.7278112],[-73.9981237,40.7277431],[-73.9981746,40.7276837]]},"properties":{"highway":"service","surface":"asphalt","id":"way/157012393"}},{"type":"Feature","id":"way/157012395","geometry":{"type":"LineString","coordinates":[[-73.9970942,40.7289446],[-73.9971366,40.7288951],[-73.9971556,40.7288729],[-73.9971712,40.7288547],[-73.9972527,40.7287597]]},"properties":{"highway":"service","surface":"asphalt","id":"way/157012395"}},{"type":"Feature","id":"way/157012396","geometry":{"type":"LineString","coordinates":[[-73.9971775,40.727563],[-73.9970559,40.7277074],[-73.9966986,40.7281313],[-73.9965975,40.7282513]]},"properties":{"highway":"service","surface":"asphalt","id":"way/157012396"}},{"type":"Feature","id":"way/157012397","geometry":{"type":"LineString","coordinates":[[-73.9973638,40.72863],[-73.9976208,40.72833],[-73.997648,40.7282983],[-73.9979512,40.7279445]]},"properties":{"highway":"service","surface":"asphalt","id":"way/157012397"}},{"type":"Feature","id":"way/157012398","geometry":{"type":"LineString","coordinates":[[-73.998616,40.732218],[-73.9986559,40.732163],[-73.9990639,40.7316792],[-73.9991088,40.731625],[-73.9991502,40.7315768],[-73.9995503,40.7311062],[-73.9996039,40.7310432]]},"properties":{"highway":"residential","lanes":"1","name":"Washington Square West","surface":"asphalt","id":"way/157012398"}},{"type":"Feature","id":"way/197100751","geometry":{"type":"LineString","coordinates":[[-73.9972344,40.730589],[-73.9972101,40.7305536],[-73.99718,40.7305006],[-73.9971588,40.730448],[-73.9971503,40.7304003],[-73.9971471,40.7303565],[-73.9971507,40.7303093],[-73.9971602,40.7302672],[-73.9971754,40.7302251],[-73.9972021,40.730173],[-73.9972353,40.7301199],[-73.9972753,40.7300743],[-73.9973285,40.730015]]},"properties":{"highway":"footway","surface":"paving_stones","id":"way/197100751"}},{"type":"Feature","id":"way/197582873","geometry":{"type":"LineString","coordinates":[[-73.9970942,40.7289446],[-73.997056,40.7289896],[-73.9966147,40.7295091]]},"properties":{"highway":"pedestrian","name":"Schwartz Plaza","surface":"paving_stones","id":"way/197582873"}},{"type":"Feature","id":"way/197582876","geometry":{"type":"LineString","coordinates":[[-73.9967134,40.7299573],[-73.9967726,40.7299532],[-73.9968365,40.7299517],[-73.9969108,40.7299567],[-73.9969863,40.7299673],[-73.9970721,40.7299872],[-73.9971439,40.7300147],[-73.9972259,40.7300508],[-73.9972753,40.7300743],[-73.9973087,40.7300964],[-73.9973446,40.7301311],[-73.9973755,40.7301632],[-73.9974162,40.7302011],[-73.9974538,40.7302278],[-73.9975041,40.7302515],[-73.9975595,40.7302729],[-73.9976269,40.7302934],[-73.9977104,40.7303204],[-73.9977833,40.7303498],[-73.9978661,40.7303896],[-73.9979418,40.7304261],[-73.9980338,40.7304848],[-73.9980702,40.7305122],[-73.9981036,40.730541],[-73.9981284,40.7305736],[-73.9981462,40.7306084],[-73.9981585,40.7306482],[-73.9981696,40.7306942],[-73.9981812,40.7307241],[-73.9982001,40.730754],[-73.9982329,40.7307841],[-73.9982603,40.7308041],[-73.998306,40.7308295],[-73.9983535,40.7308448],[-73.9983976,40.7308526],[-73.9984455,40.7308552],[-73.998491,40.7308534],[-73.9985336,40.7308483],[-73.9985841,40.7308421],[-73.9986399,40.7308363],[-73.9986914,40.7308349],[-73.9987419,40.7308398],[-73.9987854,40.7308481],[-73.998817,40.7308568],[-73.9988377,40.7308669],[-73.998879,40.730887],[-73.9989302,40.7309195],[-73.9989815,40.7309537],[-73.9990175,40.7309806],[-73.9990509,40.7310111],[-73.9990771,40.7310395],[-73.9990969,40.7310629]]},"properties":{"highway":"footway","surface":"paving_stones","id":"way/197582876"}},{"type":"Feature","id":"way/244978523","geometry":{"type":"LineString","coordinates":[[-74.0009543,40.7314888],[-74.0009008,40.7314983],[-74.0007715,40.7315214],[-74.0007456,40.7315257]]},"properties":{"highway":"footway","id":"way/244978523"}},{"type":"Feature","id":"way/352324949","geometry":{"type":"LineString","coordinates":[[-73.9990385,40.7311227],[-73.9982249,40.7312049],[-73.9981619,40.7311985],[-73.9981065,40.7311871],[-73.9980673,40.7311745],[-73.9979039,40.7310952],[-73.997733,40.7310135]]},"properties":{"highway":"footway","surface":"paving_stones","id":"way/352324949"}},{"type":"Feature","id":"way/352324950","geometry":{"type":"LineString","coordinates":[[-73.9977939,40.7309426],[-73.9979665,40.7310236],[-73.9981294,40.7311019],[-73.9981592,40.731125],[-73.9981921,40.7311643],[-73.9982249,40.7312049],[-73.9982803,40.7312754],[-73.9983028,40.731318],[-73.9984795,40.7318038]]},"properties":{"highway":"footway","surface":"paving_stones","id":"way/352324950"}},{"type":"Feature","id":"way/352324953","geometry":{"type":"LineString","coordinates":[[-73.9982249,40.7312049],[-73.9989171,40.7315416],[-73.9990476,40.7316045]]},"properties":{"highway":"footway","surface":"paving_stones","id":"way/352324953"}},{"type":"Feature","id":"way/352325850","geometry":{"type":"LineString","coordinates":[[-73.996885,40.7305429],[-73.9962748,40.7302448],[-73.9961415,40.7301796]]},"properties":{"highway":"footway","surface":"paving_stones","id":"way/352325850"}},{"type":"Feature","id":"way/352373006","geometry":{"type":"LineString","coordinates":[[-73.9984429,40.7318668],[-73.9983854,40.7318727],[-73.9983315,40.7318726],[-73.9982615,40.7318661],[-73.9982028,40.7318559],[-73.9981535,40.7318396],[-73.9980874,40.7318118],[-73.9980192,40.7317772],[-73.9979625,40.731747],[-73.997912,40.731713],[-73.9978655,40.7316732],[-73.9978289,40.7316366],[-73.9977928,40.731592],[-73.9977567,40.731544],[-73.9977274,40.7315123],[-73.9976876,40.7314812],[-73.9976454,40.7314583],[-73.9976281,40.7314514],[-73.997601,40.7314405],[-73.99754,40.7314225],[-73.9974726,40.7314057],[-73.9973973,40.7313861],[-73.9973317,40.7313684],[-73.9972842,40.7313526],[-73.9972383,40.7313339],[-73.997194,40.7313126]]},"properties":{"highway":"footway","surface":"paving_stones","id":"way/352373006"}},{"type":"Feature","id":"way/352373007","geometry":{"type":"LineString","coordinates":[[-73.9991287,40.731065],[-73.9991129,40.7310626],[-73.9990969,40.7310629],[-73.9990795,40.7310667],[-73.9990639,40.7310738],[-73.9990514,40.7310837],[-73.9990426,40.7310957],[-73.9990382,40.731109],[-73.9990385,40.7311227],[-73.9990421,40.7311333],[-73.9990485,40.731143],[-73.9990575,40.7311516],[-73.9990685,40.7311585],[-73.9990813,40.7311636],[-73.9990951,40.7311666],[-73.9991094,40.7311674],[-73.9991237,40.7311659],[-73.9991419,40.7311603],[-73.9991573,40.7311511],[-73.9991686,40.731139],[-73.9991751,40.731125],[-73.9991761,40.7311101],[-73.9991728,40.7310982],[-73.9991659,40.7310872],[-73.9991559,40.7310776],[-73.9991433,40.7310701],[-73.9991287,40.731065]]},"properties":{"highway":"footway","surface":"paving_stones","id":"way/352373007"}},{"type":"Feature","id":"way/352373008","geometry":{"type":"LineString","coordinates":[[-73.998817,40.7308568],[-73.9988818,40.7307787]]},"properties":{"highway":"footway","surface":"paving_stones","id":"way/352373008"}},{"type":"Feature","id":"way/352374625","geometry":{"type":"LineString","coordinates":[[-73.9985336,40.7308483],[-73.9985374,40.7308126]]},"properties":{"highway":"footway","surface":"paving_stones","id":"way/352374625"}},{"type":"Feature","id":"way/352705236","geometry":{"type":"LineString","coordinates":[[-73.9968302,40.7313454],[-73.9962598,40.7310629],[-73.9956403,40.7307561],[-73.9955665,40.730721]]},"properties":{"highway":"residential","lanes":"2","name":"Washington Square North","surface":"asphalt","id":"way/352705236"}},{"type":"Feature","id":"way/352705238","geometry":{"type":"LineString","coordinates":[[-73.996507,40.7295314],[-73.9959055,40.7292305],[-73.9958846,40.7292198],[-73.99582,40.7291865],[-73.9957621,40.7291577],[-73.9954637,40.7290097],[-73.9951294,40.7288437],[-73.9951205,40.7288393],[-73.995061,40.72881],[-73.9949978,40.7287789],[-73.9943408,40.7284557],[-73.994252,40.728413]]},"properties":{"highway":"residential","lanes":"1","name":"West 4th Street","surface":"asphalt","id":"way/352705238"}},{"type":"Feature","id":"way/352705240","geometry":{"type":"LineString","coordinates":[[-73.9969084,40.7313308],[-73.9968822,40.7313712],[-73.996855,40.7314106]]},"properties":{"highway":"footway","name":"Washington Square North","surface":"asphalt","id":"way/352705240"}},{"type":"Feature","id":"way/352705241","geometry":{"type":"LineString","coordinates":[[-73.9966028,40.7296321],[-73.9965871,40.7296512],[-73.9961892,40.7301228],[-73.9961415,40.7301796],[-73.9961126,40.7302119],[-73.9960686,40.7302629],[-73.9956912,40.7307027],[-73.9956733,40.7307221]]},"properties":{"highway":"footway","name":"Washington Square East","surface":"paving_stones","id":"way/352705241"}},{"type":"Feature","id":"way/352705242","geometry":{"type":"LineString","coordinates":[[-73.9955305,40.7306461],[-73.9954828,40.730678],[-73.995432,40.7307119]]},"properties":{"highway":"footway","name":"Washington Square East / University Place","surface":"asphalt","id":"way/352705242"}},{"type":"Feature","id":"way/352705244","geometry":{"type":"LineString","coordinates":[[-73.998529,40.732253],[-73.9985062,40.7322419],[-73.9975704,40.731786],[-73.9970381,40.7315251],[-73.997029,40.731521],[-73.996996,40.7315062]]},"properties":{"highway":"footway","name":"Washington Square North","surface":"concrete","id":"way/352705244"}},{"type":"Feature","id":"way/352705245","geometry":{"type":"LineString","coordinates":[[-73.9955629,40.730797],[-73.9955894,40.7308096],[-73.9968411,40.7314276],[-73.9968636,40.7314393]]},"properties":{"highway":"footway","name":"Washington Square North","surface":"concrete","id":"way/352705245"}},{"type":"Feature","id":"way/352705247","geometry":{"type":"LineString","coordinates":[[-73.9994946,40.7310799],[-73.9991761,40.7311101]]},"properties":{"highway":"footway","surface":"paving_stones","id":"way/352705247"}},{"type":"Feature","id":"way/352705249","geometry":{"type":"LineString","coordinates":[[-73.9995125,40.7310599],[-73.9995479,40.7310158],[-73.9995762,40.7309815]]},"properties":{"highway":"footway","name":"MacDougal Street / Washington Square West","surface":"asphalt","id":"way/352705249"}},{"type":"Feature","id":"way/352705250","geometry":{"type":"LineString","coordinates":[[-73.9971092,40.7307033],[-73.9969777,40.7306396],[-73.9969441,40.7306157],[-73.9969153,40.7305851],[-73.996885,40.7305429],[-73.9968339,40.7304722],[-73.9968126,40.730432],[-73.9967853,40.7303512],[-73.9967434,40.7302043],[-73.9967045,40.7300649],[-73.9966833,40.72999]]},"properties":{"highway":"footway","surface":"paving_stones","id":"way/352705250"}},{"type":"Feature","id":"way/352705251","geometry":{"type":"LineString","coordinates":[[-73.9975011,40.7299613],[-73.9974698,40.729998],[-73.997436,40.7300377]]},"properties":{"highway":"footway","name":"LaGuardia Place","surface":"asphalt","id":"way/352705251"}},{"type":"Feature","id":"way/352705252","geometry":{"type":"LineString","coordinates":[[-73.9988153,40.7306101],[-73.9987885,40.7306425],[-73.9987536,40.7306852]]},"properties":{"highway":"footway","name":"Sullivan Street","surface":"asphalt","id":"way/352705252"}},{"type":"Feature","id":"way/352705255","geometry":{"type":"LineString","coordinates":[[-73.9986075,40.7322939],[-73.9985736,40.7322763],[-73.998529,40.732253]]},"properties":{"highway":"footway","name":"Washington Square North","surface":"asphalt","id":"way/352705255"}},{"type":"Feature","id":"way/352705256","geometry":{"type":"LineString","coordinates":[[-73.9960879,40.730201],[-73.9960307,40.730196],[-73.99598,40.7301914]]},"properties":{"highway":"footway","name":"Washington Place","surface":"asphalt","id":"way/352705256"}},{"type":"Feature","id":"way/385103716","geometry":{"type":"LineString","coordinates":[[-73.9973032,40.730705],[-73.9972726,40.7307323],[-73.9972526,40.7307615],[-73.9972395,40.7307977],[-73.997238,40.7308353],[-73.9972479,40.7308721],[-73.9972689,40.7309062],[-73.9972997,40.7309356],[-73.9973387,40.7309588],[-73.9973817,40.7309741],[-73.997428,40.7309817],[-73.9974755,40.7309813],[-73.9975216,40.7309729],[-73.9975641,40.730957],[-73.9976009,40.7309344],[-73.9976283,40.7309075],[-73.9976465,40.7308817],[-73.9976571,40.7308555],[-73.9976617,40.7308284],[-73.9976601,40.7308011],[-73.9976525,40.7307743],[-73.997639,40.7307489],[-73.99762,40.7307257],[-73.9975961,40.7307052],[-73.9975672,40.7306874],[-73.9975319,40.7306733],[-73.9974928,40.7306641],[-73.9974521,40.7306607],[-73.9974113,40.7306633],[-73.9973719,40.7306718],[-73.9973354,40.7306859],[-73.9973032,40.730705]]},"properties":{"highway":"footway","surface":"paving_stones","id":"way/385103716"}},{"type":"Feature","id":"way/385103717","geometry":{"type":"LineString","coordinates":[[-73.9971371,40.730665],[-73.9972726,40.7307323]]},"properties":{"highway":"footway","surface":"paving_stones","id":"way/385103717"}},{"type":"Feature","id":"way/385103718","geometry":{"type":"LineString","coordinates":[[-73.9972489,40.7310632],[-73.997267,40.7311914],[-73.9972566,40.7312272],[-73.9972376,40.7312617],[-73.997194,40.7313126],[-73.9971162,40.7314034]]},"properties":{"highway":"footway","surface":"paving_stones","id":"way/385103718"}},{"type":"Feature","id":"way/385103719","geometry":{"type":"LineString","coordinates":[[-73.9972489,40.7310632],[-73.9970859,40.7311062],[-73.9970451,40.7311286],[-73.9970124,40.7311543],[-73.996969,40.7312053],[-73.99696,40.7312197],[-73.9969526,40.7312405],[-73.9969438,40.731277],[-73.9969355,40.7312961],[-73.9969266,40.7313099]]},"properties":{"highway":"footway","surface":"paving_stones","id":"way/385103719"}},{"type":"Feature","id":"way/386211349","geometry":{"type":"LineString","coordinates":[[-73.9980762,40.7302937],[-73.9981197,40.7302436],[-73.9985626,40.7297339],[-73.9986042,40.729686]]},"properties":{"highway":"residential","lanes":"1","name":"Thompson Street","surface":"asphalt","id":"way/386211349"}},{"type":"Feature","id":"way/431040797","geometry":{"type":"LineString","coordinates":[[-73.9966671,40.7295547],[-73.9966343,40.7295944],[-73.9966028,40.7296321]]},"properties":{"highway":"footway","name":"Schwartz Plaza / Washington Square East","surface":"asphalt","id":"way/431040797"}},{"type":"Feature","id":"way/431040798","geometry":{"type":"LineString","coordinates":[[-73.9981697,40.7302913],[-73.9981425,40.7303229],[-73.998105,40.7303665]]},"properties":{"highway":"footway","name":"Thompson Street","surface":"asphalt","id":"way/431040798"}},{"type":"Feature","id":"way/431040799","geometry":{"type":"LineString","coordinates":[[-73.9965667,40.7296414],[-73.9965229,40.7296172],[-73.9964852,40.7295964]]},"properties":{"highway":"footway","name":"Washington Square South / West 4th Street","surface":"asphalt","id":"way/431040799"}},{"type":"Feature","id":"way/431040800","geometry":{"type":"LineString","coordinates":[[-73.998616,40.7321423],[-73.9985945,40.7321306],[-73.9971162,40.7314034],[-73.9969266,40.7313099],[-73.9956912,40.7307027],[-73.995669,40.7306926]]},"properties":{"highway":"footway","name":"Washington Square North","surface":"paving_stones","id":"way/431040800"}},{"type":"Feature","id":"way/431040801","geometry":{"type":"LineString","coordinates":[[-73.9996129,40.7309744],[-73.9996477,40.7309915],[-73.9996949,40.7310148]]},"properties":{"highway":"footway","name":"West 4th Street / Washington Square South","surface":"asphalt","id":"way/431040801"}},{"type":"Feature","id":"way/431040802","geometry":{"type":"LineString","coordinates":[[-73.9973222,40.7298525],[-73.9974012,40.7298916],[-73.9974881,40.7299345]]},"properties":{"highway":"footway","name":"Washington Square South","surface":"asphalt","id":"way/431040802"}},{"type":"Feature","id":"way/431040803","geometry":{"type":"LineString","coordinates":[[-73.9989338,40.7306421],[-73.9989553,40.7306532],[-73.9995909,40.7309636],[-73.9996129,40.7309744]]},"properties":{"highway":"footway","name":"Washington Square South","surface":"concrete","id":"way/431040803"}},{"type":"Feature","id":"way/431040804","geometry":{"type":"LineString","coordinates":[[-73.99598,40.7301914],[-73.9960166,40.730133],[-73.9960464,40.7300854]]},"properties":{"highway":"footway","name":"Washington Square East","surface":"asphalt","id":"way/431040804"}},{"type":"Feature","id":"way/431040805","geometry":{"type":"LineString","coordinates":[[-73.9979786,40.7303043],[-73.9980152,40.7302615],[-73.9980454,40.7302262]]},"properties":{"highway":"footway","name":"Thompson Street","surface":"asphalt","id":"way/431040805"}},{"type":"Feature","id":"way/431040806","geometry":{"type":"LineString","coordinates":[[-73.9974881,40.7299345],[-73.9975133,40.7299467],[-73.9980585,40.7302127]]},"properties":{"highway":"footway","name":"Washington Square South","surface":"concrete","id":"way/431040806"}},{"type":"Feature","id":"way/431040807","geometry":{"type":"LineString","coordinates":[[-73.9985827,40.7321448],[-73.9985945,40.7321306],[-73.99861,40.7321162],[-73.9986483,40.7320831],[-73.9990161,40.7316425],[-73.9990476,40.7316045],[-73.9990925,40.7315504],[-73.9994946,40.7310799],[-73.9995125,40.7310599]]},"properties":{"highway":"footway","name":"Washington Square West","surface":"paving_stones","id":"way/431040807"}},{"type":"Feature","id":"way/431040808","geometry":{"type":"LineString","coordinates":[[-73.9988773,40.730746],[-73.9989118,40.7307045],[-73.998941,40.7306693]]},"properties":{"highway":"footway","name":"Sullivan Street","surface":"asphalt","id":"way/431040808"}},{"type":"Feature","id":"way/431040809","geometry":{"type":"LineString","coordinates":[[-73.9966147,40.7295091],[-73.9966799,40.72954],[-73.9973014,40.7298422],[-73.9973222,40.7298525]]},"properties":{"highway":"footway","name":"Washington Square South","surface":"concrete","id":"way/431040809"}},{"type":"Feature","id":"way/431040810","geometry":{"type":"LineString","coordinates":[[-73.9995164,40.7310906],[-73.9994946,40.7310799],[-73.9988818,40.7307787],[-73.9988593,40.7307677],[-73.9987355,40.7307068],[-73.9986343,40.7306571],[-73.9980867,40.7303878],[-73.9980213,40.7303557],[-73.9979607,40.730326],[-73.9974179,40.730059],[-73.9973285,40.730015],[-73.997205,40.7299541],[-73.9965871,40.7296512],[-73.9965667,40.7296414]]},"properties":{"highway":"footway","name":"Washington Square South","surface":"paving_stones","id":"way/431040810"}},{"type":"Feature","id":"way/431040811","geometry":{"type":"LineString","coordinates":[[-73.9980752,40.7302212],[-73.9981197,40.7302436],[-73.9981612,40.7302638]]},"properties":{"highway":"footway","name":"Washington Square South","surface":"asphalt","id":"way/431040811"}},{"type":"Feature","id":"way/431040812","geometry":{"type":"LineString","coordinates":[[-73.9981612,40.7302638],[-73.9981834,40.7302747],[-73.9988307,40.7305915],[-73.9988569,40.7306041]]},"properties":{"highway":"footway","name":"Washington Square South","surface":"concrete","id":"way/431040812"}},{"type":"Feature","id":"way/431040813","geometry":{"type":"LineString","coordinates":[[-73.9972229,40.729933],[-73.9972558,40.7298946],[-73.9972871,40.7298582]]},"properties":{"highway":"footway","name":"LaGuardia Place","surface":"asphalt","id":"way/431040813"}},{"type":"Feature","id":"way/431040814","geometry":{"type":"LineString","coordinates":[[-73.995669,40.7306926],[-73.9956245,40.7306656],[-73.9955989,40.7306502]]},"properties":{"highway":"footway","name":"Washington Square North / Waverly Place","surface":"asphalt","id":"way/431040814"}},{"type":"Feature","id":"way/431040815","geometry":{"type":"LineString","coordinates":[[-73.9954414,40.7307365],[-73.9955133,40.7307723],[-73.9955629,40.730797]]},"properties":{"highway":"footway","name":"Washington Square North / Waverly Place","surface":"asphalt","id":"way/431040815"}},{"type":"Feature","id":"way/431040816","geometry":{"type":"LineString","coordinates":[[-73.9988569,40.7306041],[-73.9988974,40.7306236],[-73.9989338,40.7306421]]},"properties":{"highway":"footway","name":"Washington Square South","surface":"asphalt","id":"way/431040816"}},{"type":"Feature","id":"way/431040817","geometry":{"type":"LineString","coordinates":[[-73.9985188,40.732227],[-73.9985511,40.7321855],[-73.9985827,40.7321448]]},"properties":{"highway":"footway","name":"MacDougal Street / Washington Square West","surface":"asphalt","id":"way/431040817"}},{"type":"Feature","id":"way/431040819","geometry":{"type":"LineString","coordinates":[[-73.9951787,40.728806],[-73.9955025,40.7289642],[-73.9958079,40.7291078],[-73.9958534,40.7291297],[-73.995928,40.7291672],[-73.9965507,40.7294788],[-73.9966147,40.7295091]]},"properties":{"highway":"footway","name":"West 4th Street","surface":"concrete","id":"way/431040819"}},{"type":"Feature","id":"way/431040820","geometry":{"type":"LineString","coordinates":[[-73.9970422,40.731503],[-73.9970706,40.7314642],[-73.9971013,40.7314233]]},"properties":{"highway":"footway","name":"Washington Square North","surface":"asphalt","id":"way/431040820"}},{"type":"Feature","id":"way/431040821","geometry":{"type":"LineString","coordinates":[[-73.998616,40.7321423],[-73.9986559,40.732163],[-73.9987009,40.7321863]]},"properties":{"highway":"footway","name":"Washington Square North","surface":"asphalt","id":"way/431040821"}},{"type":"Feature","id":"way/431040822","geometry":{"type":"LineString","coordinates":[[-73.9968636,40.7314393],[-73.9969364,40.7314772],[-73.996996,40.7315062]]},"properties":{"highway":"footway","name":"Washington Square North","surface":"asphalt","id":"way/431040822"}},{"type":"Feature","id":"way/431040823","geometry":{"type":"LineString","coordinates":[[-73.9964761,40.7295687],[-73.996507,40.7295314],[-73.9965383,40.7294937]]},"properties":{"highway":"footway","name":"Schwartz Plaza / Washington Square East","surface":"asphalt","id":"way/431040823"}},{"type":"Feature","id":"way/431040824","geometry":{"type":"LineString","coordinates":[[-73.9956026,40.730795],[-73.9956403,40.7307561],[-73.9956733,40.7307221]]},"properties":{"highway":"footway","name":"Washington Square East / University Place","surface":"asphalt","id":"way/431040824"}},{"type":"Feature","id":"way/431040825","geometry":{"type":"LineString","coordinates":[[-73.9960858,40.7300786],[-73.9961203,40.7300937],[-73.9961631,40.7301117]]},"properties":{"highway":"footway","name":"Washington Place","surface":"asphalt","id":"way/431040825"}},{"type":"Feature","id":"way/431042573","geometry":{"type":"LineString","coordinates":[[-73.9990348,40.7316563],[-73.9990639,40.7316792],[-73.9991014,40.7317079]]},"properties":{"highway":"footway","name":"West Washington Place","surface":"asphalt","id":"way/431042573"}},{"type":"Feature","id":"way/431042574","geometry":{"type":"LineString","coordinates":[[-73.9991151,40.731561],[-73.9991429,40.7315735],[-73.9991502,40.7315768],[-73.9991957,40.7315973]]},"properties":{"highway":"footway","name":"West Washington Place","surface":"asphalt","id":"way/431042574"}},{"type":"Feature","id":"way/431042575","geometry":{"type":"LineString","coordinates":[[-73.9997008,40.7310416],[-73.9996702,40.7310757],[-73.9996316,40.7311188]]},"properties":{"highway":"footway","name":"MacDougal Street / Washington Square West","surface":"asphalt","id":"way/431042575"}},{"type":"Feature","id":"way/431042576","geometry":{"type":"LineString","coordinates":[[-73.9992015,40.7316268],[-73.9991735,40.7316603],[-73.9991414,40.7316989]]},"properties":{"highway":"footway","name":"Washington Square West","surface":"asphalt","id":"way/431042576"}},{"type":"Feature","id":"way/431042577","geometry":{"type":"LineString","coordinates":[[-73.9987084,40.7322081],[-73.9986762,40.7322465],[-73.9986381,40.7322919]]},"properties":{"highway":"footway","name":"MacDougal Street / Washington Square West","surface":"asphalt","id":"way/431042577"}},{"type":"Feature","id":"way/431042578","geometry":{"type":"LineString","coordinates":[[-73.9995164,40.7310906],[-73.9995503,40.7311062],[-73.9995951,40.7311267]]},"properties":{"highway":"footway","name":"West 4th Street / Washington Square South","surface":"asphalt","id":"way/431042578"}},{"type":"Feature","id":"way/433124968","geometry":{"type":"LineString","coordinates":[[-74.0014113,40.7310625],[-74.0013653,40.73113],[-74.0012163,40.7313397],[-74.0009967,40.7316452],[-74.000954,40.731706],[-74.0009086,40.7317685],[-74.0008455,40.7318551],[-74.0005473,40.7322651],[-74.000511,40.732315],[-74.0004689,40.7323731],[-74.0001045,40.7328759],[-74.000066,40.732929],[-74.0000216,40.7329891],[-73.9998888,40.7331688],[-73.9998383,40.7332372]]},"properties":{"highway":"secondary","lanes":"3","name":"6th Avenue","surface":"asphalt","id":"way/433124968"}},{"type":"Feature","id":"way/433125684","geometry":{"type":"LineString","coordinates":[[-74.0012588,40.731074],[-74.0012426,40.7310971],[-74.001206,40.7311469],[-74.0009543,40.7314888],[-74.0008799,40.731591]]},"properties":{"highway":"footway","name":"6th Avenue","id":"way/433125684"}},{"type":"Feature","id":"way/433125687","geometry":{"type":"LineString","coordinates":[[-74.0008799,40.731591],[-74.0008377,40.731649],[-74.0007897,40.7317149]]},"properties":{"highway":"footway","name":"6th Avenue","surface":"asphalt","id":"way/433125687"}},{"type":"Feature","id":"way/439893165","geometry":{"type":"LineString","coordinates":[[-74.0011205,40.7317027],[-74.0009967,40.7316452],[-74.0008799,40.731591]]},"properties":{"highway":"footway","name":"West 4th Street","surface":"asphalt","id":"way/439893165"}},{"type":"Feature","id":"way/439893166","geometry":{"type":"LineString","coordinates":[[-74.0010351,40.7318256],[-74.0010787,40.7317628],[-74.0011205,40.7317027]]},"properties":{"highway":"footway","name":"6th Avenue","surface":"asphalt","id":"way/439893166"}},{"type":"Feature","id":"way/439893168","geometry":{"type":"LineString","coordinates":[[-74.0007897,40.7317149],[-74.0009086,40.7317685],[-74.0010351,40.7318256]]},"properties":{"highway":"footway","name":"West 4th Street","surface":"asphalt","id":"way/439893168"}},{"type":"Feature","id":"way/439933929","geometry":{"type":"LineString","coordinates":[[-73.9963683,40.7322611],[-73.9964172,40.7322044],[-73.9965503,40.7320189],[-73.9966562,40.7318643]]},"properties":{"highway":"residential","lanes":"1","name":"5th Avenue","surface":"asphalt","id":"way/439933929"}},{"type":"Feature","id":"way/464522037","geometry":{"type":"LineString","coordinates":[[-73.994252,40.728413],[-73.9942916,40.7283664],[-73.9946799,40.7279096],[-73.9947084,40.7278761],[-73.9947496,40.7278276],[-73.994802,40.7277659],[-73.9950852,40.7274327],[-73.9952205,40.7272711],[-73.99527,40.727212]]},"properties":{"highway":"primary","lanes":"2","name":"Broadway","surface":"asphalt","id":"way/464522037"}},{"type":"Feature","id":"way/481047237","geometry":{"type":"LineString","coordinates":[[-73.9978721,40.7293265],[-73.9978301,40.7293768],[-73.9974012,40.7298916],[-73.9973576,40.7299438]]},"properties":{"highway":"residential","lanes":"2","name":"LaGuardia Place","surface":"asphalt","id":"way/481047237"}},{"type":"Feature","id":"way/481403101","geometry":{"type":"LineString","coordinates":[[-73.9996723,40.7284251],[-73.9997193,40.7283696],[-74.0005179,40.7274266],[-74.0005803,40.7273529]]},"properties":{"highway":"residential","name":"Thompson Street","surface":"asphalt","id":"way/481403101"}},{"type":"Feature","id":"way/481655768","geometry":{"type":"LineString","coordinates":[[-73.9958534,40.7291297],[-73.9958676,40.729114]]},"properties":{"highway":"footway","surface":"paved","id":"way/481655768"}},{"type":"Feature","id":"way/481655770","geometry":{"type":"LineString","coordinates":[[-73.9958676,40.729114],[-73.9958788,40.7291011]]},"properties":{"highway":"steps","surface":"paved","id":"way/481655770"}},{"type":"Feature","id":"way/481655772","geometry":{"type":"LineString","coordinates":[[-73.9960365,40.7285559],[-73.9959864,40.7286147],[-73.9959453,40.7285954],[-73.9956219,40.7289758],[-73.9956167,40.7289819],[-73.9956073,40.728993]]},"properties":{"highway":"footway","surface":"paved","id":"way/481655772"}},{"type":"Feature","id":"way/481655774","geometry":{"type":"LineString","coordinates":[[-73.9960601,40.7285264],[-73.9960365,40.7285559]]},"properties":{"highway":"steps","surface":"paved","id":"way/481655774"}},{"type":"Feature","id":"way/481656174","geometry":{"type":"LineString","coordinates":[[-73.9956073,40.728993],[-73.9955148,40.7289497],[-73.9955025,40.7289642]]},"properties":{"highway":"footway","surface":"concrete","id":"way/481656174"}},{"type":"Feature","id":"way/522542482","geometry":{"type":"LineString","coordinates":[[-74.0003166,40.7339332],[-74.0002813,40.7337917],[-74.000281,40.7337679],[-74.000294,40.7337411],[-74.0006502,40.7332886],[-74.0002595,40.7330962],[-74.0001544,40.7330444],[-73.9996777,40.7337146]]},"properties":{"highway":"footway","surface":"concrete","id":"way/522542482"}},{"type":"Feature","id":"way/530542942","geometry":{"type":"LineString","coordinates":[[-74.0018353,40.730584],[-74.0018204,40.7306107],[-74.0015657,40.7310675],[-74.0014817,40.7311912],[-74.0011205,40.7317027]]},"properties":{"highway":"footway","id":"way/530542942"}},{"type":"Feature","id":"way/530547146","geometry":{"type":"LineString","coordinates":[[-73.9996949,40.7310148],[-73.9997157,40.731025],[-74.0007456,40.7315257],[-74.0008799,40.731591]]},"properties":{"highway":"footway","name":"West 4th Street","surface":"concrete","id":"way/530547146"}},{"type":"Feature","id":"way/530547147","geometry":{"type":"LineString","coordinates":[[-73.9995951,40.7311267],[-73.9996159,40.7311366],[-74.0007897,40.7317149]]},"properties":{"highway":"footway","name":"West 4th Street","surface":"concrete","id":"way/530547147"}},{"type":"Feature","id":"way/530547416","geometry":{"type":"LineString","coordinates":[[-73.9996316,40.7311188],[-73.9996159,40.7311366],[-73.9992168,40.7316081],[-73.9992015,40.7316268]]},"properties":{"highway":"footway","name":"Washington Square West","surface":"concrete","id":"way/530547416"}},{"type":"Feature","id":"way/530547417","geometry":{"type":"LineString","coordinates":[[-73.9991414,40.7316989],[-73.9991362,40.7317047],[-73.9991236,40.7317186],[-73.9987189,40.7321959],[-73.998713,40.7322028],[-73.9987084,40.7322081]]},"properties":{"highway":"footway","name":"Washington Square West","surface":"concrete","id":"way/530547417"}},{"type":"Feature","id":"way/530547418","geometry":{"type":"LineString","coordinates":[[-73.9960464,40.7300854],[-73.9960579,40.7300652],[-73.9964569,40.7295925],[-73.9964633,40.7295846],[-73.9964761,40.7295687]]},"properties":{"highway":"footway","name":"Washington Square East","surface":"concrete","id":"way/530547418"}},{"type":"Feature","id":"way/530547419","geometry":{"type":"LineString","coordinates":[[-73.9955838,40.7306427],[-73.9959608,40.7301945],[-73.99598,40.7301914]]},"properties":{"highway":"footway","name":"Washington Square East","surface":"concrete","id":"way/530547419"}},{"type":"Feature","id":"way/668045043","geometry":{"type":"LineString","coordinates":[[-73.9956705,40.7319678],[-73.9956271,40.7320225],[-73.9956142,40.7320387]]},"properties":{"highway":"service","id":"way/668045043"}},{"type":"Feature","id":"way/668045044","geometry":{"type":"LineString","coordinates":[[-73.9955426,40.7320082],[-73.995555,40.7319919],[-73.9955971,40.7319369]]},"properties":{"highway":"service","id":"way/668045044"}},{"type":"Feature","id":"way/676722335","geometry":{"type":"LineString","coordinates":[[-73.9966986,40.7281313],[-73.9962611,40.7279259]]},"properties":{"highway":"service","surface":"asphalt","id":"way/676722335"}},{"type":"Feature","id":"way/706833045","geometry":{"type":"LineString","coordinates":[[-73.9957862,40.7283024],[-73.9961129,40.7284628],[-73.9963296,40.7285692],[-73.9970942,40.7289446],[-73.9971591,40.7289764],[-73.9975197,40.7291535]]},"properties":{"highway":"residential","name":"West 3rd Street","surface":"asphalt","id":"way/706833045"}},{"type":"Feature","id":"way/706833046","geometry":{"type":"LineString","coordinates":[[-73.9978721,40.7293265],[-73.9979816,40.7293795],[-73.9985503,40.7296595],[-73.9986042,40.729686],[-73.9986558,40.7297113],[-73.999308,40.7300316],[-73.9993655,40.7300598],[-73.9994286,40.7300908],[-74.000059,40.7304002],[-74.0001225,40.7304314]]},"properties":{"highway":"residential","name":"West 3rd Street","surface":"asphalt","id":"way/706833046"}},{"type":"Feature","id":"way/706833047","geometry":{"type":"LineString","coordinates":[[-74.0001225,40.7304314],[-74.0001798,40.7304595],[-74.0011159,40.7309192],[-74.001299,40.731009],[-74.0014113,40.7310625]]},"properties":{"highway":"residential","lanes":"1","name":"West 3rd Street","surface":"asphalt","id":"way/706833047"}},{"type":"Feature","id":"way/727116513","geometry":{"type":"LineString","coordinates":[[-73.9994887,40.7334944],[-73.9997223,40.7331775],[-73.9998597,40.7329894],[-73.9998879,40.7329508],[-73.9998976,40.7329375]]},"properties":{"highway":"footway","surface":"concrete","id":"way/727116513"}},{"type":"Feature","id":"way/727644280","geometry":{"type":"LineString","coordinates":[[-73.9980762,40.7302937],[-73.9980152,40.7302615],[-73.9974698,40.729998],[-73.9973576,40.7299438]]},"properties":{"highway":"residential","lanes":"1","name":"Washington Square South","surface":"asphalt","id":"way/727644280"}},{"type":"Feature","id":"way/798212075","geometry":{"type":"LineString","coordinates":[[-73.998941,40.7306693],[-73.9989553,40.7306532],[-73.9993777,40.7301447],[-74.0000236,40.7304415]]},"properties":{"highway":"footway","name":"Sullivan Street","surface":"concrete","id":"way/798212075"}},{"type":"Feature","id":"way/798212176","geometry":{"type":"LineString","coordinates":[[-73.9988153,40.7306101],[-73.9988259,40.7305973],[-73.9988307,40.7305915],[-73.9992609,40.7300815]]},"properties":{"highway":"footway","name":"Sullivan Street","surface":"concrete","id":"way/798212176"}},{"type":"Feature","id":"way/798212282","geometry":{"type":"LineString","coordinates":[[-73.9980585,40.7302127],[-73.9985039,40.7297082],[-73.9979359,40.7294362],[-73.9975133,40.7299467],[-73.9975011,40.7299613]]},"properties":{"highway":"footway","name":"LaGuardia Place","surface":"concrete","id":"way/798212282"}},{"type":"Feature","id":"way/798212677","geometry":{"type":"LineString","coordinates":[[-73.9972871,40.7298582],[-73.9973014,40.7298422],[-73.9977518,40.7293231],[-73.9971216,40.7290212]]},"properties":{"highway":"footway","name":"LaGuardia Place","surface":"concrete","id":"way/798212677"}},{"type":"Feature","id":"way/810622797","geometry":{"type":"LineString","coordinates":[[-74.0002328,40.733101],[-74.0002491,40.7331087],[-74.0002595,40.7330962]]},"properties":{"highway":"footway","surface":"concrete","id":"way/810622797"}},{"type":"Feature","id":"way/810622798","geometry":{"type":"LineString","coordinates":[[-73.9996871,40.733162],[-73.9997223,40.7331775]]},"properties":{"highway":"footway","id":"way/810622798"}},{"type":"Feature","id":"way/810622799","geometry":{"type":"LineString","coordinates":[[-73.9998227,40.7329758],[-73.9998597,40.7329894]]},"properties":{"highway":"footway","id":"way/810622799"}},{"type":"Feature","id":"way/810622801","geometry":{"type":"LineString","coordinates":[[-74.001184,40.73112],[-74.0011741,40.7311329],[-74.001206,40.7311469]]},"properties":{"highway":"footway","id":"way/810622801"}},{"type":"Feature","id":"way/846137635","geometry":{"type":"LineString","coordinates":[[-74.0001225,40.7304314],[-74.0001623,40.7303843],[-74.0004757,40.7300132],[-74.0004979,40.7299869],[-74.0005167,40.7299648],[-74.0011439,40.7292217],[-74.001188,40.7291698]]},"properties":{"highway":"residential","lanes":"1","name":"MacDougal Street","surface":"asphalt","id":"way/846137635"}},{"type":"Feature","id":"way/848051758","geometry":{"type":"LineString","coordinates":[[-73.9953096,40.7297856],[-73.9953583,40.7298106],[-73.9959627,40.7301048],[-73.9960166,40.730133],[-73.9960614,40.7301561]]},"properties":{"highway":"residential","name":"Washington Place","surface":"asphalt","id":"way/848051758"}},{"type":"Feature","id":"way/885144345","geometry":{"type":"LineString","coordinates":[[-73.9969306,40.7324977],[-73.9969443,40.7324759]]},"properties":{"highway":"service","id":"way/885144345"}},{"type":"Feature","id":"way/885144346","geometry":{"type":"LineString","coordinates":[[-73.9970003,40.7324303],[-73.9969806,40.7324463],[-73.9969443,40.7324759]]},"properties":{"highway":"service","id":"way/885144346"}},{"type":"Feature","id":"way/885144347","geometry":{"type":"LineString","coordinates":[[-73.9969443,40.7324759],[-73.9969599,40.7324375],[-73.996968,40.7324177]]},"properties":{"highway":"service","id":"way/885144347"}},{"type":"Feature","id":"way/885144348","geometry":{"type":"LineString","coordinates":[[-73.9976165,40.7317294],[-73.9975704,40.731786],[-73.9975666,40.7317903]]},"properties":{"highway":"service","surface":"asphalt","id":"way/885144348"}},{"type":"Feature","id":"way/885144349","geometry":{"type":"LineString","coordinates":[[-73.9975666,40.7317903],[-73.9975431,40.7317988],[-73.9975352,40.7318078],[-73.9975291,40.7318128]]},"properties":{"highway":"service","surface":"concrete","id":"way/885144349"}},{"type":"Feature","id":"way/885144350","geometry":{"type":"LineString","coordinates":[[-73.997555,40.7318263],[-73.9975672,40.7318107],[-73.9975666,40.7317903]]},"properties":{"highway":"service","surface":"concrete","id":"way/885144350"}},{"type":"Feature","id":"way/885224917","geometry":{"type":"LineString","coordinates":[[-74.0002332,40.7329289],[-74.0001914,40.7329901],[-74.0001544,40.7330444],[-74.0000216,40.7329891],[-73.9998976,40.7329375],[-73.9999418,40.732868],[-73.9999715,40.7328212],[-74.0001045,40.7328759],[-74.0002332,40.7329289]]},"properties":{"highway":"footway","id":"way/885224917"}},{"type":"Feature","id":"way/885224918","geometry":{"type":"LineString","coordinates":[[-74.0006502,40.7332886],[-74.0006686,40.7332967],[-74.0007017,40.7333112]]},"properties":{"highway":"footway","id":"way/885224918"}},{"type":"Feature","id":"way/889114527","geometry":{"type":"LineString","coordinates":[[-73.9959296,40.7328696],[-73.9959703,40.7328024],[-73.9959844,40.732781],[-73.9961089,40.7326079],[-73.9961832,40.7325068],[-73.9962831,40.7323687],[-73.9963205,40.732317],[-73.9963683,40.7322611]]},"properties":{"highway":"secondary","lanes":"2","name":"5th Avenue","surface":"asphalt","id":"way/889114527"}},{"type":"Feature","id":"way/894035815","geometry":{"type":"LineString","coordinates":[[-74.0024398,40.7303963],[-74.0024512,40.730416],[-74.0027366,40.7309005],[-74.002865,40.731116],[-74.0012038,40.7317061],[-74.0011205,40.7317027]]},"properties":{"highway":"footway","surface":"concrete","id":"way/894035815"}},{"type":"Feature","id":"way/894035816","geometry":{"type":"LineString","coordinates":[[-74.0011205,40.7317027],[-74.0012171,40.7317529],[-74.0012547,40.7317725]]},"properties":{"highway":"footway","id":"way/894035816"}},{"type":"Feature","id":"way/894035820","geometry":{"type":"LineString","coordinates":[[-74.0020341,40.732825],[-74.0016469,40.7323866],[-74.0012378,40.7319234],[-74.0011506,40.7318813],[-74.0010351,40.7318256],[-74.0006733,40.7323247],[-74.0018262,40.7328992]]},"properties":{"highway":"footway","id":"way/894035820"}},{"type":"Feature","id":"way/894035821","geometry":{"type":"LineString","coordinates":[[-74.0017122,40.7329876],[-74.0005982,40.7324291],[-74.0005965,40.7324282],[-74.0002332,40.7329289],[-74.000745,40.7331942],[-74.0010776,40.7333666],[-74.001632,40.7336539]]},"properties":{"highway":"footway","id":"way/894035821"}},{"type":"Feature","id":"way/894035829","geometry":{"type":"LineString","coordinates":[[-74.0005982,40.7324291],[-74.0006352,40.7323777],[-74.0006733,40.7323247],[-74.0005473,40.7322651],[-74.0004394,40.7322142],[-74.0004024,40.7322618],[-74.0003561,40.7323187],[-74.0004689,40.7323731],[-74.0005965,40.7324282]]},"properties":{"highway":"footway","id":"way/894035829"}},{"type":"Feature","id":"way/894035830","geometry":{"type":"LineString","coordinates":[[-74.0004394,40.7322142],[-74.0007897,40.7317149]]},"properties":{"highway":"footway","id":"way/894035830"}},{"type":"Feature","id":"way/894035831","geometry":{"type":"LineString","coordinates":[[-74.0004394,40.7322142],[-73.9992168,40.7316081],[-73.9991957,40.7315973]]},"properties":{"highway":"footway","name":"West Washington Place","surface":"concrete","id":"way/894035831"}},{"type":"Feature","id":"way/894035832","geometry":{"type":"LineString","coordinates":[[-73.9991014,40.7317079],[-73.9991236,40.7317186],[-74.0003561,40.7323187],[-73.9999715,40.7328212],[-73.9987189,40.7321959],[-73.9987009,40.7321863]]},"properties":{"highway":"footway","name":"West Washington Place","surface":"concrete","id":"way/894035832"}},{"type":"Feature","id":"way/894035833","geometry":{"type":"LineString","coordinates":[[-73.9986075,40.7322939],[-73.9986283,40.7323035],[-73.9998976,40.7329375]]},"properties":{"highway":"footway","surface":"concrete","id":"way/894035833"}},{"type":"Feature","id":"way/894035834","geometry":{"type":"LineString","coordinates":[[-73.998099,40.7329201],[-73.9994887,40.7334944],[-73.9995409,40.7335168]]},"properties":{"highway":"footway","name":"MacDougal Street","surface":"concrete","id":"way/894035834"}},{"type":"Feature","id":"way/894035835","geometry":{"type":"LineString","coordinates":[[-73.9960646,40.7328451],[-73.9990521,40.7340987]]},"properties":{"highway":"footway","surface":"concrete","id":"way/894035835"}},{"type":"Feature","id":"way/894035836","geometry":{"type":"LineString","coordinates":[[-73.9979763,40.7328733],[-73.9979381,40.7329216],[-73.9978976,40.7329729]]},"properties":{"highway":"footway","id":"way/894035836"}},{"type":"Feature","id":"way/894035837","geometry":{"type":"LineString","coordinates":[[-73.9979763,40.7328733],[-73.9969806,40.7324463],[-73.9969599,40.7324375],[-73.9965024,40.7322403]]},"properties":{"highway":"footway","surface":"concrete","id":"way/894035837"}},{"type":"Feature","id":"way/894035838","geometry":{"type":"LineString","coordinates":[[-73.996855,40.7314106],[-73.9968411,40.7314276],[-73.9965782,40.7317843],[-73.9965859,40.7317962]]},"properties":{"highway":"footway","surface":"concrete","id":"way/894035838"}},{"type":"Feature","id":"way/894035839","geometry":{"type":"LineString","coordinates":[[-73.9965859,40.7317962],[-73.9965575,40.7318223],[-73.9965289,40.7318495]]},"properties":{"highway":"footway","surface":"asphalt","id":"way/894035839"}},{"type":"Feature","id":"way/894035840","geometry":{"type":"LineString","coordinates":[[-73.9963387,40.7321696],[-73.9963045,40.7321557],[-73.994913,40.7315878]]},"properties":{"highway":"footway","id":"way/894035840"}},{"type":"Feature","id":"way/894035841","geometry":{"type":"LineString","coordinates":[[-73.9941433,40.7312558],[-73.9948332,40.7304307]]},"properties":{"highway":"footway","surface":"concrete","id":"way/894035841"}},{"type":"Feature","id":"way/894035842","geometry":{"type":"LineString","coordinates":[[-73.9962961,40.7321762],[-73.9962671,40.7322185],[-73.9962252,40.7322767]]},"properties":{"highway":"footway","surface":"asphalt","id":"way/894035842"}},{"type":"Feature","id":"way/894035843","geometry":{"type":"LineString","coordinates":[[-73.995866,40.7327552],[-73.9944413,40.7321542]]},"properties":{"highway":"footway","surface":"concrete","id":"way/894035843"}},{"type":"Feature","id":"way/894035844","geometry":{"type":"LineString","coordinates":[[-73.9959879,40.7329506],[-73.9960197,40.7329068],[-73.9960646,40.7328451]]},"properties":{"highway":"footway","surface":"asphalt","id":"way/894035844"}},{"type":"Feature","id":"way/894035846","geometry":{"type":"LineString","coordinates":[[-73.9954254,40.7333395],[-73.9939423,40.7327197],[-73.9943519,40.7322657]]},"properties":{"highway":"footway","surface":"concrete","id":"way/894035846"}},{"type":"Feature","id":"way/894035847","geometry":{"type":"LineString","coordinates":[[-73.9944413,40.7321542],[-73.9943712,40.7321249],[-73.9942635,40.7320805]]},"properties":{"highway":"footway","surface":"asphalt","id":"way/894035847"}},{"type":"Feature","id":"way/894035848","geometry":{"type":"LineString","coordinates":[[-73.9940555,40.7313607],[-73.9939356,40.7313099],[-73.9932716,40.7310289],[-73.9931465,40.730976],[-73.9924687,40.7306891],[-73.9920641,40.7311615],[-73.9931942,40.7316286],[-73.9935202,40.7317667],[-73.9942635,40.7320805]]},"properties":{"highway":"footway","surface":"concrete","id":"way/894035848"}},{"type":"Feature","id":"way/894035849","geometry":{"type":"LineString","coordinates":[[-73.9946434,40.7316095],[-73.9947595,40.731655],[-73.9948306,40.7316841]]},"properties":{"highway":"footway","surface":"asphalt","id":"way/894035849"}},{"type":"Feature","id":"way/894035850","geometry":{"type":"LineString","coordinates":[[-73.9947985,40.7302877],[-73.9947701,40.7303245],[-73.9947343,40.7303719]]},"properties":{"highway":"footway","surface":"asphalt","id":"way/894035850"}},{"type":"Feature","id":"way/894035851","geometry":{"type":"LineString","coordinates":[[-73.9955838,40.7306427],[-73.9955782,40.7306451],[-73.995567,40.730646],[-73.9955555,40.7306425],[-73.9955403,40.7306352],[-73.9949353,40.7303312]]},"properties":{"highway":"footway","name":"Waverly Place","surface":"concrete","id":"way/894035851"}},{"type":"Feature","id":"way/894035852","geometry":{"type":"LineString","coordinates":[[-73.9964852,40.7295964],[-73.9964633,40.7295846],[-73.995835,40.7292794],[-73.9958152,40.7292711]]},"properties":{"highway":"footway","name":"West 4th Street","surface":"concrete","id":"way/894035852"}},{"type":"Feature","id":"way/894035853","geometry":{"type":"LineString","coordinates":[[-73.9957262,40.7291979],[-73.9957621,40.7291577],[-73.9957937,40.7291243]]},"properties":{"highway":"footway","surface":"asphalt","id":"way/894035853"}},{"type":"Feature","id":"way/894035854","geometry":{"type":"LineString","coordinates":[[-73.9946615,40.7293759],[-73.9950681,40.7288907],[-73.9957056,40.7292206],[-73.9957285,40.7292324]]},"properties":{"highway":"footway","surface":"concrete","id":"way/894035854"}},{"type":"Feature","id":"way/894035855","geometry":{"type":"LineString","coordinates":[[-73.9951787,40.728806],[-73.9951294,40.7288437],[-73.9950681,40.7288907],[-73.9950131,40.7288655],[-73.9949465,40.728835],[-73.9949978,40.7287789],[-73.995044,40.7287284],[-73.9951024,40.7287621],[-73.9951787,40.728806]]},"properties":{"highway":"footway","surface":"asphalt","id":"way/894035855"}},{"type":"Feature","id":"way/894035856","geometry":{"type":"LineString","coordinates":[[-73.9951787,40.728806],[-73.995614,40.7282961],[-73.9960695,40.7285151],[-73.997056,40.7289896],[-73.9971216,40.7290212]]},"properties":{"highway":"footway","id":"way/894035856"}},{"type":"Feature","id":"way/894035857","geometry":{"type":"LineString","coordinates":[[-73.9971216,40.7290212],[-73.9971591,40.7289764],[-73.9972006,40.7289272],[-73.9972186,40.7289033]]},"properties":{"highway":"footway","id":"way/894035857"}},{"type":"Feature","id":"way/894035858","geometry":{"type":"LineString","coordinates":[[-73.9973499,40.7273585],[-73.9980631,40.7277131],[-73.9981237,40.7277431],[-73.998168,40.7277659],[-73.9988246,40.7280947],[-73.997882,40.7292042],[-73.9978671,40.72922]]},"properties":{"highway":"footway","surface":"concrete","id":"way/894035858"}},{"type":"Feature","id":"way/894035859","geometry":{"type":"LineString","coordinates":[[-73.9979088,40.7292238],[-73.9979387,40.7292518],[-73.9980169,40.7293342]]},"properties":{"highway":"footway","surface":"asphalt","id":"way/894035859"}},{"type":"Feature","id":"way/894035860","geometry":{"type":"LineString","coordinates":[[-73.9980169,40.7293342],[-73.9985901,40.7296178],[-73.9995832,40.7284501],[-73.9989915,40.7281771],[-73.9980169,40.7293342]]},"properties":{"highway":"footway","surface":"concrete:plates","id":"way/894035860"}},{"type":"Feature","id":"way/894035861","geometry":{"type":"LineString","coordinates":[[-73.9988246,40.7280947],[-73.9989013,40.7281325],[-73.9989915,40.7281771]]},"properties":{"highway":"footway","surface":"asphalt","id":"way/894035861"}},{"type":"Feature","id":"way/894035862","geometry":{"type":"LineString","coordinates":[[-73.9990926,40.7280595],[-73.9996685,40.7283445],[-74.0004547,40.7273956]]},"properties":{"highway":"footway","surface":"concrete","id":"way/894035862"}},{"type":"Feature","id":"way/894035863","geometry":{"type":"LineString","coordinates":[[-74.0005867,40.7274604],[-73.9997725,40.7283959],[-74.0004262,40.7287195],[-74.0012167,40.7277714]]},"properties":{"highway":"footway","surface":"concrete:plates","id":"way/894035863"}},{"type":"Feature","id":"way/894035864","geometry":{"type":"LineString","coordinates":[[-74.0013451,40.7278353],[-74.0005305,40.7287711],[-74.0011785,40.7290923]]},"properties":{"highway":"footway","surface":"concrete:plates","id":"way/894035864"}},{"type":"Feature","id":"way/894035866","geometry":{"type":"LineString","coordinates":[[-74.0012124,40.7292605],[-74.001996,40.729629],[-74.0020454,40.7296603],[-74.0020002,40.7296755],[-74.0013344,40.7298693],[-74.001285,40.7298991],[-74.0010061,40.7302076]]},"properties":{"highway":"footway","id":"way/894035866"}},{"type":"Feature","id":"way/894035867","geometry":{"type":"LineString","coordinates":[[-74.0010917,40.7291934],[-74.0004569,40.7299354],[-74.0004155,40.7299836],[-74.0000993,40.7303533]]},"properties":{"highway":"footway","id":"way/894035867"}},{"type":"Feature","id":"way/894035868","geometry":{"type":"LineString","coordinates":[[-74.0005305,40.7287711],[-74.0004872,40.728828],[-74.0004484,40.7288792]]},"properties":{"highway":"footway","id":"way/894035868"}},{"type":"Feature","id":"way/894035869","geometry":{"type":"LineString","coordinates":[[-74.0003375,40.728823],[-73.9993523,40.7299846],[-73.9987016,40.7296687],[-73.9996928,40.7285077],[-74.0003375,40.728823]]},"properties":{"highway":"footway","surface":"concrete:plates","id":"way/894035869"}},{"type":"Feature","id":"way/894035870","geometry":{"type":"LineString","coordinates":[[-74.0020099,40.7297467],[-74.0019886,40.7297256],[-74.0013577,40.729917],[-74.0010773,40.73024]]},"properties":{"highway":"footway","surface":"concrete","id":"way/894035870"}},{"type":"Feature","id":"way/894035871","geometry":{"type":"LineString","coordinates":[[-74.0002199,40.7304127],[-74.0013289,40.7309605]]},"properties":{"highway":"footway","surface":"concrete","id":"way/894035871"}},{"type":"Feature","id":"way/894035872","geometry":{"type":"LineString","coordinates":[[-74.0012588,40.731074],[-74.0001443,40.7305009]]},"properties":{"highway":"footway","surface":"concrete","id":"way/894035872"}},{"type":"Feature","id":"way/894035873","geometry":{"type":"LineString","coordinates":[[-74.0000236,40.7304415],[-74.0000873,40.7304729],[-74.0001443,40.7305009]]},"properties":{"highway":"footway","id":"way/894035873"}},{"type":"Feature","id":"way/894035874","geometry":{"type":"LineString","coordinates":[[-73.9994691,40.7300479],[-73.9994286,40.7300908],[-73.9993777,40.7301447]]},"properties":{"highway":"footway","id":"way/894035874"}},{"type":"Feature","id":"way/894035875","geometry":{"type":"LineString","coordinates":[[-73.9987016,40.7296687],[-73.9986558,40.7297113],[-73.9986096,40.7297544]]},"properties":{"highway":"footway","surface":"asphalt","id":"way/894035875"}},{"type":"Feature","id":"way/894035876","geometry":{"type":"LineString","coordinates":[[-73.9952212,40.7298156],[-73.9952638,40.7298376],[-73.9953143,40.7298624]]},"properties":{"highway":"footway","surface":"asphalt","id":"way/894035876"}},{"type":"Feature","id":"way/894035877","geometry":{"type":"LineString","coordinates":[[-73.9948446,40.7302798],[-73.9948147,40.7302652],[-73.9941575,40.7299456],[-73.9945469,40.7294953]]},"properties":{"highway":"footway","surface":"concrete","id":"way/894035877"}},{"type":"Feature","id":"way/894035878","geometry":{"type":"LineString","coordinates":[[-73.995717,40.7281455],[-73.9956412,40.7281372],[-73.9955591,40.7281282]]},"properties":{"highway":"footway","surface":"asphalt","id":"way/894035878"}},{"type":"Feature","id":"way/894035879","geometry":{"type":"LineString","coordinates":[[-73.9954067,40.7272052],[-73.9953095,40.7273189],[-73.9948989,40.7277994],[-73.9955591,40.7281282]]},"properties":{"highway":"footway","id":"way/894035879"}},{"type":"Feature","id":"way/894035881","geometry":{"type":"LineString","coordinates":[[-73.9982488,40.7276431],[-73.9982646,40.7276508],[-73.9987636,40.727897],[-73.9989258,40.7279771],[-73.9989703,40.727924],[-73.9993055,40.7275232],[-73.9997182,40.7270298]]},"properties":{"highway":"footway","surface":"concrete","id":"way/894035881"}},{"type":"Feature","id":"way/894035882","geometry":{"type":"LineString","coordinates":[[-73.9998948,40.7271176],[-73.9990926,40.7280595]]},"properties":{"highway":"footway","surface":"concrete","id":"way/894035882"}},{"type":"Feature","id":"way/894035897","geometry":{"type":"LineString","coordinates":[[-73.9946076,40.7278598],[-73.994654,40.7278007],[-73.9947093,40.7277319]]},"properties":{"highway":"footway","surface":"asphalt","id":"way/894035897"}},{"type":"Feature","id":"way/894035898","geometry":{"type":"LineString","coordinates":[[-73.994827,40.727893],[-73.9954769,40.7282234],[-73.995044,40.7287284],[-73.9943763,40.7284081],[-73.994827,40.727893]]},"properties":{"highway":"footway","surface":"concrete","id":"way/894035898"}},{"type":"Feature","id":"way/894035899","geometry":{"type":"LineString","coordinates":[[-73.9946076,40.7278598],[-73.9941387,40.7276298],[-73.9936857,40.7274076],[-73.9933055,40.7278754],[-73.9942097,40.7283241],[-73.9946076,40.7278598]]},"properties":{"highway":"footway","surface":"concrete","id":"way/894035899"}},{"type":"Feature","id":"way/894035925","geometry":{"type":"LineString","coordinates":[[-73.9943763,40.7284081],[-73.9942916,40.7283664],[-73.9942097,40.7283241],[-73.9941668,40.72837],[-73.9941191,40.728421],[-73.9942044,40.7284691],[-73.9942945,40.7285179],[-73.9943408,40.7284557],[-73.9943763,40.7284081]]},"properties":{"highway":"footway","surface":"asphalt","id":"way/894035925"}},{"type":"Feature","id":"way/894035926","geometry":{"type":"LineString","coordinates":[[-73.9942945,40.7285179],[-73.9938898,40.7289968],[-73.99455,40.729323],[-73.9949465,40.728835],[-73.9942945,40.7285179]]},"properties":{"highway":"footway","id":"way/894035926"}},{"type":"Feature","id":"way/894035927","geometry":{"type":"LineString","coordinates":[[-73.9945469,40.7294953],[-73.9946054,40.7294344],[-73.9946615,40.7293759],[-73.9945987,40.7293461],[-73.99455,40.729323],[-73.9944988,40.729382],[-73.9944468,40.7294421],[-73.9944949,40.7294677],[-73.9945469,40.7294953]]},"properties":{"highway":"footway","id":"way/894035927"}},{"type":"Feature","id":"way/894035928","geometry":{"type":"LineString","coordinates":[[-73.9944468,40.7294421],[-73.9937923,40.7291177],[-73.9934058,40.729577]]},"properties":{"highway":"footway","surface":"concrete","id":"way/894035928"}},{"type":"Feature","id":"way/894035937","geometry":{"type":"LineString","coordinates":[[-73.9933592,40.7309147],[-73.99407,40.7300582],[-73.9947271,40.7303896],[-73.9947436,40.7303967]]},"properties":{"highway":"footway","id":"way/894035937"}},{"type":"Feature","id":"way/907752380","geometry":{"type":"LineString","coordinates":[[-74.0007095,40.7332427],[-74.000745,40.7331942]]},"properties":{"highway":"footway","id":"way/907752380"}},{"type":"Feature","id":"way/907752389","geometry":{"type":"LineString","coordinates":[[-74.0010387,40.7302887],[-74.0010576,40.7302649],[-74.0010713,40.7302476]]},"properties":{"highway":"footway","id":"way/907752389"}},{"type":"Feature","id":"way/907752390","geometry":{"type":"LineString","coordinates":[[-74.0004155,40.7299836],[-74.0004757,40.7300132],[-74.0005285,40.7300392]]},"properties":{"highway":"footway","id":"way/907752390"}},{"type":"Feature","id":"way/907752397","geometry":{"type":"LineString","coordinates":[[-73.9987016,40.7296687],[-73.9986419,40.7296415],[-73.9985901,40.7296178]]},"properties":{"highway":"footway","surface":"asphalt","id":"way/907752397"}},{"type":"Feature","id":"way/907753021","geometry":{"type":"LineString","coordinates":[[-74.0005305,40.7287711],[-74.0004784,40.7287453],[-74.0004262,40.7287195]]},"properties":{"highway":"footway","id":"way/907753021"}},{"type":"Feature","id":"way/907753022","geometry":{"type":"LineString","coordinates":[[-73.9996928,40.7285077],[-73.9997307,40.728454],[-73.9997725,40.7283959]]},"properties":{"highway":"footway","surface":"asphalt","id":"way/907753022"}},{"type":"Feature","id":"way/912419527","geometry":{"type":"LineString","coordinates":[[-73.9961089,40.7326079],[-73.9960443,40.7325821],[-73.9960099,40.7325635],[-73.9959273,40.7325206],[-73.995932,40.7324728],[-73.9959755,40.7324491],[-73.9960349,40.7324447],[-73.9960838,40.7324651],[-73.9961194,40.7324802],[-73.9961832,40.7325068]]},"properties":{"highway":"service","id":"way/912419527"}},{"type":"Feature","id":"way/1027206711","geometry":{"type":"LineString","coordinates":[[-73.9955159,40.7334463],[-73.9955555,40.733394],[-73.9958729,40.7329609],[-73.9959008,40.7329191],[-73.9959296,40.7328696]]},"properties":{"highway":"secondary","lanes":"2","name":"5th Avenue","surface":"asphalt","id":"way/1027206711"}},{"type":"Feature","id":"way/1027206713","geometry":{"type":"LineString","coordinates":[[-73.9968539,40.7315898],[-73.9969364,40.7314772],[-73.996981,40.7314217]]},"properties":{"highway":"residential","lanes":"2","name":"5th Avenue","surface":"asphalt","id":"way/1027206713"}},{"type":"Feature","id":"way/1050255674","geometry":{"type":"LineString","coordinates":[[-73.9963683,40.7322611],[-73.9962671,40.7322185],[-73.9956705,40.7319678],[-73.9955971,40.7319369],[-73.9952285,40.731782]]},"properties":{"highway":"secondary","lanes":"1","name":"East 8th Street","surface":"asphalt","id":"way/1050255674"}},{"type":"Feature","id":"way/1050255675","geometry":{"type":"LineString","coordinates":[[-73.9955665,40.730721],[-73.9955133,40.7307723],[-73.9951339,40.7312141],[-73.9948837,40.7315061],[-73.9948414,40.7315569],[-73.994804,40.7316016]]},"properties":{"highway":"residential","lanes":"1","name":"University Place","surface":"asphalt","id":"way/1050255675"}},{"type":"Feature","id":"way/1050255676","geometry":{"type":"LineString","coordinates":[[-73.9952285,40.731782],[-73.9949397,40.7316607],[-73.9948746,40.7316326],[-73.994804,40.7316016]]},"properties":{"highway":"secondary","lanes":"2","name":"East 8th Street","surface":"asphalt","id":"way/1050255676"}},{"type":"Feature","id":"way/1062029895","geometry":{"type":"LineString","coordinates":[[-73.994804,40.7316016],[-73.994702,40.7315583],[-73.994426,40.7314416]]},"properties":{"highway":"secondary","lanes":"2","name":"East 8th Street","surface":"asphalt","id":"way/1062029895"}},{"type":"Feature","id":"way/1067449181","geometry":{"type":"LineString","coordinates":[[-73.9952246,40.7312232],[-73.9952327,40.7312137],[-73.9955894,40.7308096],[-73.9956026,40.730795]]},"properties":{"highway":"footway","name":"University Place","surface":"concrete","id":"way/1067449181"}},{"type":"Feature","id":"way/1067449182","geometry":{"type":"LineString","coordinates":[[-73.9951778,40.7312779],[-73.9952053,40.7312457],[-73.9952246,40.7312232]]},"properties":{"highway":"footway","id":"way/1067449182"}},{"type":"Feature","id":"way/1067449183","geometry":{"type":"LineString","coordinates":[[-73.9965782,40.7317843],[-73.996553,40.7317745],[-73.9964809,40.7317445],[-73.9952567,40.7312309],[-73.9952327,40.7312137]]},"properties":{"highway":"footway","id":"way/1067449183"}},{"type":"Feature","id":"way/1067449184","geometry":{"type":"LineString","coordinates":[[-73.9951718,40.7312849],[-73.9952054,40.7312919],[-73.9964347,40.7318112],[-73.9964952,40.7318545]]},"properties":{"highway":"footway","id":"way/1067449184"}},{"type":"Feature","id":"way/1067449185","geometry":{"type":"LineString","coordinates":[[-73.9952332,40.7312576],[-73.9952053,40.7312457],[-73.9951339,40.7312141]]},"properties":{"highway":"residential","name":"Washington Mews","surface":"sand","id":"way/1067449185"}},{"type":"Feature","id":"way/1084139378","geometry":{"type":"LineString","coordinates":[[-73.9980631,40.7277131],[-73.9978359,40.7279813],[-73.9976127,40.7282449]]},"properties":{"highway":"footway","id":"way/1084139378"}},{"type":"Feature","id":"way/1084139379","geometry":{"type":"LineString","coordinates":[[-73.9978359,40.7279813],[-73.9978064,40.7279669]]},"properties":{"highway":"steps","id":"way/1084139379"}},{"type":"Feature","id":"way/1084139380","geometry":{"type":"LineString","coordinates":[[-73.9978064,40.7279669],[-73.9976142,40.7278754],[-73.9973957,40.7277666],[-73.9972287,40.7276851]]},"properties":{"highway":"footway","id":"way/1084139380"}},{"type":"Feature","id":"way/1084139381","geometry":{"type":"LineString","coordinates":[[-73.9976142,40.7278754],[-73.9973106,40.7282401],[-73.9971355,40.7284509]]},"properties":{"highway":"footway","id":"way/1084139381"}},{"type":"Feature","id":"way/1084139382","geometry":{"type":"LineString","coordinates":[[-73.9973168,40.7285378],[-73.9972876,40.7285237],[-73.9971355,40.7284509],[-73.9969099,40.7283402],[-73.9967549,40.7282642]]},"properties":{"highway":"footway","id":"way/1084139382"}},{"type":"Feature","id":"way/1084139383","geometry":{"type":"LineString","coordinates":[[-73.997648,40.7282983],[-73.9975903,40.7282713],[-73.9974154,40.7281884]]},"properties":{"highway":"service","id":"way/1084139383"}},{"type":"Feature","id":"way/1084139385","geometry":{"type":"LineString","coordinates":[[-73.9969356,40.72805],[-73.9970884,40.7281279],[-73.9973106,40.7282401],[-73.9974657,40.7283172],[-73.99749,40.7283291]]},"properties":{"highway":"footway","id":"way/1084139385"}},{"type":"Feature","id":"way/1084139386","geometry":{"type":"LineString","coordinates":[[-73.9975269,40.7283462],[-73.99749,40.7283291]]},"properties":{"highway":"steps","id":"way/1084139386"}},{"type":"Feature","id":"way/1084139387","geometry":{"type":"LineString","coordinates":[[-73.9975623,40.7283043],[-73.9975269,40.7283462],[-73.9973515,40.7285534],[-73.9971185,40.7288287]]},"properties":{"highway":"footway","id":"way/1084139387"}},{"type":"Feature","id":"way/1084139388","geometry":{"type":"LineString","coordinates":[[-73.9976127,40.7282449],[-73.9975903,40.7282713],[-73.9975623,40.7283043]]},"properties":{"highway":"footway","id":"way/1084139388"}},{"type":"Feature","id":"way/1084139389","geometry":{"type":"LineString","coordinates":[[-73.9975623,40.7283043],[-73.9976208,40.72833],[-73.9976578,40.7283473]]},"properties":{"highway":"footway","id":"way/1084139389"}},{"type":"Feature","id":"way/1084139390","geometry":{"type":"LineString","coordinates":[[-73.9972876,40.7285237],[-73.9974657,40.7283172]]},"properties":{"highway":"footway","id":"way/1084139390"}},{"type":"Feature","id":"way/1084139391","geometry":{"type":"LineString","coordinates":[[-73.9973515,40.7285534],[-73.9973168,40.7285378]]},"properties":{"highway":"steps","id":"way/1084139391"}},{"type":"Feature","id":"way/1084139392","geometry":{"type":"LineString","coordinates":[[-73.9969099,40.7283402],[-73.9970884,40.7281279],[-73.9973957,40.7277666]]},"properties":{"highway":"footway","id":"way/1084139392"}},{"type":"Feature","id":"way/1084139393","geometry":{"type":"LineString","coordinates":[[-73.9967549,40.7282642],[-73.9969356,40.72805]]},"properties":{"highway":"footway","id":"way/1084139393"}},{"type":"Feature","id":"way/1084139395","geometry":{"type":"LineString","coordinates":[[-73.998168,40.7277659],[-73.9976706,40.728354],[-73.9972248,40.728881]]},"properties":{"highway":"footway","id":"way/1084139395"}},{"type":"Feature","id":"way/1084139396","geometry":{"type":"LineString","coordinates":[[-73.9978301,40.7293768],[-73.9977518,40.7293231],[-73.9977902,40.7292863],[-73.9978096,40.7292696]]},"properties":{"highway":"footway","surface":"asphalt","id":"way/1084139396"}},{"type":"Feature","id":"way/1084139398","geometry":{"type":"LineString","coordinates":[[-73.9972248,40.728881],[-73.9972186,40.7289033]]},"properties":{"highway":"footway","id":"way/1084139398"}},{"type":"Feature","id":"way/1084139399","geometry":{"type":"LineString","coordinates":[[-73.9976578,40.7283473],[-73.9976706,40.728354]]},"properties":{"highway":"footway","id":"way/1084139399"}},{"type":"Feature","id":"way/1126126950","geometry":{"type":"LineString","coordinates":[[-74.0015482,40.7305559],[-74.0010317,40.7302976],[-74.0009628,40.7302623],[-74.0005285,40.7300392]]},"properties":{"highway":"footway","id":"way/1126126950"}},{"type":"Feature","id":"way/1126126951","geometry":{"type":"LineString","coordinates":[[-74.0005698,40.729991],[-74.0012124,40.7292605]]},"properties":{"highway":"footway","id":"way/1126126951"}},{"type":"Feature","id":"way/1126126952","geometry":{"type":"LineString","coordinates":[[-74.0009972,40.7302189],[-74.0009882,40.7302302],[-74.0009814,40.7302388],[-74.000968,40.7302557]]},"properties":{"highway":"footway","id":"way/1126126952"}},{"type":"Feature","id":"way/1126126953","geometry":{"type":"LineString","coordinates":[[-74.0010773,40.73024],[-74.0015844,40.7304823],[-74.0016339,40.7304839]]},"properties":{"highway":"footway","surface":"concrete","id":"way/1126126953"}},{"type":"Feature","id":"way/1126126954","geometry":{"type":"LineString","coordinates":[[-74.0010699,40.7302366],[-74.0010403,40.7302232],[-74.0010232,40.7302154]]},"properties":{"highway":"footway","id":"way/1126126954"}},{"type":"Feature","id":"way/1126126955","geometry":{"type":"LineString","coordinates":[[-74.0005698,40.729991],[-74.0005167,40.7299648],[-74.0004569,40.7299354]]},"properties":{"highway":"footway","id":"way/1126126955"}},{"type":"Feature","id":"way/1126126956","geometry":{"type":"LineString","coordinates":[[-74.0010061,40.7302076],[-74.0009902,40.7301997],[-74.0005698,40.729991]]},"properties":{"highway":"footway","id":"way/1126126956"}},{"type":"Feature","id":"way/1126126957","geometry":{"type":"LineString","coordinates":[[-74.0005285,40.7300392],[-74.0005508,40.7300132],[-74.0005698,40.729991]]},"properties":{"highway":"footway","id":"way/1126126957"}},{"type":"Feature","id":"way/1126126958","geometry":{"type":"LineString","coordinates":[[-74.0011637,40.7291095],[-74.0011344,40.7291437],[-74.0010998,40.729184]]},"properties":{"highway":"footway","id":"way/1126126958"}},{"type":"Feature","id":"way/1126126960","geometry":{"type":"LineString","coordinates":[[-74.001282,40.7291433],[-74.0012315,40.7291184],[-74.0011977,40.7291017]]},"properties":{"highway":"footway","id":"way/1126126960"}},{"type":"Feature","id":"way/1126126961","geometry":{"type":"LineString","coordinates":[[-74.0011785,40.7290923],[-74.0019705,40.7281447],[-74.0019831,40.7281263]]},"properties":{"highway":"footway","surface":"concrete","id":"way/1126126961"}},{"type":"Feature","id":"way/1126126962","geometry":{"type":"LineString","coordinates":[[-73.9994691,40.7300479],[-74.0004484,40.7288792],[-74.0010917,40.7291934]]},"properties":{"highway":"footway","id":"way/1126126962"}},{"type":"Feature","id":"way/1126126963","geometry":{"type":"LineString","coordinates":[[-74.0011192,40.7292072],[-74.0011439,40.7292217],[-74.0011935,40.7292509]]},"properties":{"highway":"footway","id":"way/1126126963"}},{"type":"Feature","id":"way/1126126964","geometry":{"type":"LineString","coordinates":[[-74.0005285,40.7300392],[-74.0002199,40.7304127]]},"properties":{"highway":"footway","id":"way/1126126964"}},{"type":"Feature","id":"way/1126126965","geometry":{"type":"LineString","coordinates":[[-74.0002199,40.7304127],[-74.0001623,40.7303843],[-74.0000993,40.7303533]]},"properties":{"highway":"footway","id":"way/1126126965"}},{"type":"Feature","id":"way/1126126966","geometry":{"type":"LineString","coordinates":[[-74.0001443,40.7305009],[-73.9997157,40.731025],[-73.9997008,40.7310416]]},"properties":{"highway":"footway","name":"MacDougal Street","surface":"concrete","id":"way/1126126966"}},{"type":"Feature","id":"way/1126126967","geometry":{"type":"LineString","coordinates":[[-74.0001443,40.7305009],[-74.0001798,40.7304595],[-74.0002199,40.7304127]]},"properties":{"highway":"footway","id":"way/1126126967"}},{"type":"Feature","id":"way/1126126968","geometry":{"type":"LineString","coordinates":[[-73.9995762,40.7309815],[-73.9995909,40.7309636],[-74.0000236,40.7304415]]},"properties":{"highway":"footway","name":"MacDougal Street","surface":"concrete","id":"way/1126126968"}},{"type":"Feature","id":"way/1126126969","geometry":{"type":"LineString","coordinates":[[-74.0000993,40.7303533],[-73.9994691,40.7300479]]},"properties":{"highway":"footway","id":"way/1126126969"}},{"type":"Feature","id":"way/1126126970","geometry":{"type":"LineString","coordinates":[[-74.0000993,40.7303533],[-74.000059,40.7304002],[-74.0000236,40.7304415]]},"properties":{"highway":"footway","id":"way/1126126970"}},{"type":"Feature","id":"way/1149331286","geometry":{"type":"LineString","coordinates":[[-73.9934058,40.729577],[-73.9940539,40.7298994],[-73.9944468,40.7294421]]},"properties":{"highway":"footway","surface":"concrete","id":"way/1149331286"}},{"type":"Feature","id":"way/1149701654","geometry":{"type":"LineString","coordinates":[[-73.9948888,40.7302852],[-73.9948743,40.7303028],[-73.9948305,40.7303546],[-73.9947856,40.7304128],[-73.9942321,40.731068]]},"properties":{"highway":"residential","lanes":"1","name":"Greene Street","surface":"asphalt","id":"way/1149701654"}},{"type":"Feature","id":"way/1189545914","geometry":{"type":"LineString","coordinates":[[-73.9959879,40.7329506],[-73.9989374,40.7341954],[-73.9989568,40.7342339],[-73.9986239,40.7346888]]},"properties":{"highway":"footway","surface":"concrete","id":"way/1189545914"}},{"type":"Feature","id":"way/1190686584","geometry":{"type":"LineString","coordinates":[[-73.9991237,40.7311659],[-73.9991216,40.731189],[-73.9991152,40.7312229],[-73.9991064,40.7312592],[-73.9990921,40.7313015],[-73.999077,40.7313401],[-73.9990552,40.7313812],[-73.9990319,40.7314145],[-73.999004,40.73145],[-73.9989717,40.7314847],[-73.9989383,40.7315189],[-73.9989171,40.7315416],[-73.9988934,40.7315695],[-73.99887,40.7315994],[-73.9988319,40.7316529],[-73.9988,40.7316941],[-73.9987724,40.7317248],[-73.9987388,40.7317537],[-73.9986931,40.7317847],[-73.9986469,40.7318091],[-73.9985936,40.731828],[-73.9985563,40.7318354]]},"properties":{"highway":"footway","surface":"paving_stones","id":"way/1190686584"}},{"type":"Feature","id":"way/1190686585","geometry":{"type":"LineString","coordinates":[[-73.9985945,40.7321306],[-73.9985107,40.7318917]]},"properties":{"highway":"footway","surface":"paving_stones","id":"way/1190686585"}},{"type":"Feature","id":"way/1190686586","geometry":{"type":"LineString","coordinates":[[-73.9984605,40.7318836],[-73.9984504,40.731876],[-73.9984429,40.7318668],[-73.9984384,40.7318563],[-73.9984374,40.7318452],[-73.9984399,40.7318342],[-73.9984458,40.7318241],[-73.9984547,40.7318153],[-73.9984662,40.7318084],[-73.9984795,40.7318038],[-73.9984932,40.7318017],[-73.9985071,40.7318021],[-73.9985205,40.7318049],[-73.9985327,40.73181],[-73.9985431,40.731817],[-73.9985511,40.7318256],[-73.9985563,40.7318354],[-73.9985587,40.7318457],[-73.9985574,40.731856],[-73.9985535,40.7318657],[-73.9985468,40.7318745],[-73.9985378,40.731882],[-73.9985268,40.7318878],[-73.9985107,40.7318917],[-73.9985003,40.7318934],[-73.9984861,40.7318925],[-73.9984726,40.7318892],[-73.9984605,40.7318836]]},"properties":{"highway":"footway","surface":"paving_stones","id":"way/1190686586"}},{"type":"Feature","id":"way/1192517082","geometry":{"type":"LineString","coordinates":[[-73.9966943,40.7270193],[-73.9966864,40.7270285],[-73.9957324,40.7281472],[-73.9957218,40.7281596]]},"properties":{"highway":"footway","surface":"concrete","id":"way/1192517082"}},{"type":"Feature","id":"way/1192517083","geometry":{"type":"LineString","coordinates":[[-73.9971185,40.7288287],[-73.9971712,40.7288547],[-73.9972248,40.728881]]},"properties":{"highway":"footway","id":"way/1192517083"}},{"type":"Feature","id":"way/1194862405","geometry":{"type":"LineString","coordinates":[[-73.9989258,40.7279771],[-73.9988785,40.728032],[-73.9988246,40.7280947]]},"properties":{"highway":"footway","surface":"asphalt","id":"way/1194862405"}},{"type":"Feature","id":"way/1194862406","geometry":{"type":"LineString","coordinates":[[-73.9990926,40.7280595],[-73.9990007,40.7280141],[-73.9989258,40.7279771]]},"properties":{"highway":"footway","surface":"asphalt","id":"way/1194862406"}},{"type":"Feature","id":"way/1194862407","geometry":{"type":"LineString","coordinates":[[-73.9989915,40.7281771],[-73.9990453,40.7281146],[-73.9990926,40.7280595]]},"properties":{"highway":"footway","surface":"asphalt","id":"way/1194862407"}},{"type":"Feature","id":"way/1194862419","geometry":{"type":"LineString","coordinates":[[-73.9995832,40.7284501],[-73.9996302,40.7284748],[-73.9996928,40.7285077]]},"properties":{"highway":"footway","surface":"asphalt","id":"way/1194862419"}},{"type":"Feature","id":"way/1194862420","geometry":{"type":"LineString","coordinates":[[-73.9996685,40.7283445],[-73.999623,40.7284007],[-73.9995832,40.7284501]]},"properties":{"highway":"footway","surface":"asphalt","id":"way/1194862420"}},{"type":"Feature","id":"way/1194862421","geometry":{"type":"LineString","coordinates":[[-73.9997725,40.7283959],[-73.9997193,40.7283696],[-73.9996685,40.7283445]]},"properties":{"highway":"footway","surface":"asphalt","id":"way/1194862421"}},{"type":"Feature","id":"way/1194862428","geometry":{"type":"LineString","coordinates":[[-74.0003375,40.728823],[-74.0003789,40.7287747],[-74.0004262,40.7287195]]},"properties":{"highway":"footway","id":"way/1194862428"}},{"type":"Feature","id":"way/1194862429","geometry":{"type":"LineString","coordinates":[[-74.0004484,40.7288792],[-74.0003895,40.7288493],[-74.0003375,40.728823]]},"properties":{"highway":"footway","id":"way/1194862429"}},{"type":"Feature","id":"way/1194864092","geometry":{"type":"LineString","coordinates":[[-73.9985039,40.7297082],[-73.9985503,40.7296595],[-73.9985901,40.7296178]]},"properties":{"highway":"footway","surface":"asphalt","id":"way/1194864092"}},{"type":"Feature","id":"way/1194864093","geometry":{"type":"LineString","coordinates":[[-73.9986096,40.7297544],[-73.9985626,40.7297339],[-73.9985039,40.7297082]]},"properties":{"highway":"footway","surface":"asphalt","id":"way/1194864093"}},{"type":"Feature","id":"way/1194864094","geometry":{"type":"LineString","coordinates":[[-73.9993523,40.7299846],[-73.999405,40.7300131],[-73.9994691,40.7300479]]},"properties":{"highway":"footway","id":"way/1194864094"}},{"type":"Feature","id":"way/1194864095","geometry":{"type":"LineString","coordinates":[[-73.9992609,40.7300815],[-73.999308,40.7300316],[-73.9993523,40.7299846]]},"properties":{"highway":"footway","id":"way/1194864095"}},{"type":"Feature","id":"way/1194864096","geometry":{"type":"LineString","coordinates":[[-73.9993777,40.7301447],[-73.9993196,40.7301132],[-73.9992609,40.7300815]]},"properties":{"highway":"footway","id":"way/1194864096"}},{"type":"Feature","id":"way/1209552620","geometry":{"type":"LineString","coordinates":[[-73.995614,40.7282961],[-73.9956587,40.7282398],[-73.9956901,40.7281996]]},"properties":{"highway":"footway","surface":"asphalt","id":"way/1209552620"}},{"type":"Feature","id":"way/1209552621","geometry":{"type":"LineString","coordinates":[[-73.9954769,40.7282234],[-73.9955393,40.7282565],[-73.995614,40.7282961]]},"properties":{"highway":"footway","surface":"asphalt","id":"way/1209552621"}},{"type":"Feature","id":"way/1209552622","geometry":{"type":"LineString","coordinates":[[-73.9955591,40.7281282],[-73.9955211,40.7281722],[-73.9954769,40.7282234]]},"properties":{"highway":"footway","surface":"asphalt","id":"way/1209552622"}},{"type":"Feature","id":"way/1209555930","geometry":{"type":"LineString","coordinates":[[-73.9980169,40.7293342],[-73.9979816,40.7293795],[-73.9979359,40.7294362],[-73.9978301,40.7293768]]},"properties":{"highway":"footway","surface":"asphalt","id":"way/1209555930"}},{"type":"Feature","id":"way/1209555931","geometry":{"type":"LineString","coordinates":[[-73.994827,40.727893],[-73.9947084,40.7278761],[-73.9946076,40.7278598]]},"properties":{"highway":"footway","surface":"asphalt","id":"way/1209555931"}},{"type":"Feature","id":"way/1209555932","geometry":{"type":"LineString","coordinates":[[-73.9948989,40.7277994],[-73.9948591,40.7278512],[-73.994827,40.727893]]},"properties":{"highway":"footway","surface":"asphalt","id":"way/1209555932"}},{"type":"Feature","id":"way/1213167591","geometry":{"type":"LineString","coordinates":[[-73.9948306,40.7316841],[-73.995555,40.7319919]]},"properties":{"highway":"footway","surface":"concrete","id":"way/1213167591"}},{"type":"Feature","id":"way/1213167592","geometry":{"type":"LineString","coordinates":[[-73.9941729,40.7321914],[-73.9942614,40.7322288],[-73.9943519,40.7322657]]},"properties":{"highway":"footway","surface":"asphalt","id":"way/1213167592"}},{"type":"Feature","id":"way/1213167593","geometry":{"type":"LineString","coordinates":[[-73.9943519,40.7322657],[-73.9957756,40.7328739]]},"properties":{"highway":"footway","surface":"concrete","id":"way/1213167593"}},{"type":"Feature","id":"way/1213167594","geometry":{"type":"LineString","coordinates":[[-73.9943519,40.7322657],[-73.9943901,40.7322181],[-73.9944413,40.7321542]]},"properties":{"highway":"footway","surface":"asphalt","id":"way/1213167594"}},{"type":"Feature","id":"way/1213167596","geometry":{"type":"LineString","coordinates":[[-73.9942635,40.7320805],[-73.9942118,40.7321438],[-73.9941729,40.7321914]]},"properties":{"highway":"footway","surface":"asphalt","id":"way/1213167596"}},{"type":"Feature","id":"way/1213167597","geometry":{"type":"LineString","coordinates":[[-73.9942635,40.7320805],[-73.9946434,40.7316095]]},"properties":{"highway":"footway","surface":"concrete","id":"way/1213167597"}},{"type":"Feature","id":"way/1213167598","geometry":{"type":"LineString","coordinates":[[-73.994913,40.7315878],[-73.9948414,40.7315569],[-73.9947491,40.7315172]]},"properties":{"highway":"footway","surface":"asphalt","id":"way/1213167598"}},{"type":"Feature","id":"way/1213167599","geometry":{"type":"LineString","coordinates":[[-73.9946434,40.7316095],[-73.9940555,40.7313607]]},"properties":{"highway":"footway","surface":"concrete","id":"way/1213167599"}},{"type":"Feature","id":"way/1213167600","geometry":{"type":"LineString","coordinates":[[-73.995432,40.7307119],[-73.9954191,40.7307252],[-73.9947491,40.7315172]]},"properties":{"highway":"footway","name":"University Place","surface":"concrete","id":"way/1213167600"}},{"type":"Feature","id":"way/1213167601","geometry":{"type":"LineString","coordinates":[[-73.9947491,40.7315172],[-73.994702,40.7315583],[-73.9946434,40.7316095]]},"properties":{"highway":"footway","surface":"asphalt","id":"way/1213167601"}},{"type":"Feature","id":"way/1213167602","geometry":{"type":"LineString","coordinates":[[-73.994913,40.7315878],[-73.9951718,40.7312849],[-73.9951778,40.7312779]]},"properties":{"highway":"footway","id":"way/1213167602"}},{"type":"Feature","id":"way/1213167603","geometry":{"type":"LineString","coordinates":[[-73.9948306,40.7316841],[-73.9948746,40.7316326],[-73.994913,40.7315878]]},"properties":{"highway":"footway","surface":"asphalt","id":"way/1213167603"}},{"type":"Feature","id":"way/1213167604","geometry":{"type":"LineString","coordinates":[[-73.9944413,40.7321542],[-73.9948306,40.7316841]]},"properties":{"highway":"footway","surface":"concrete","id":"way/1213167604"}},{"type":"Feature","id":"way/1232773497","geometry":{"type":"LineString","coordinates":[[-73.9990161,40.7316425],[-73.9990348,40.7316563]]},"properties":{"highway":"footway","name":"West Washington Place","surface":"paving_stones","id":"way/1232773497"}},{"type":"Feature","id":"way/1232773498","geometry":{"type":"LineString","coordinates":[[-73.9990925,40.7315504],[-73.9991151,40.731561]]},"properties":{"highway":"footway","name":"West Washington Place","surface":"paving_stones","id":"way/1232773498"}},{"type":"Feature","id":"way/1232795394","geometry":{"type":"LineString","coordinates":[[-73.9988593,40.7307677],[-73.9988773,40.730746]]},"properties":{"highway":"footway","name":"Sullivan Street","surface":"paving_stones","id":"way/1232795394"}},{"type":"Feature","id":"way/1232795402","geometry":{"type":"LineString","coordinates":[[-73.9979665,40.7310236],[-73.9979039,40.7310952]]},"properties":{"highway":"footway","surface":"paving_stones","id":"way/1232795402"}},{"type":"Feature","id":"way/1232795405","geometry":{"type":"LineString","coordinates":[[-73.9975943,40.7314908],[-73.9976281,40.7314514]]},"properties":{"highway":"footway","surface":"paving_stones","id":"way/1232795405"}},{"type":"Feature","id":"way/1232795409","geometry":{"type":"LineString","coordinates":[[-73.9971013,40.7314233],[-73.9971162,40.7314034]]},"properties":{"highway":"footway","surface":"paving_stones","id":"way/1232795409"}},{"type":"Feature","id":"way/1232795431","geometry":{"type":"LineString","coordinates":[[-73.9969266,40.7313099],[-73.9969084,40.7313308]]},"properties":{"highway":"footway","surface":"paving_stones","id":"way/1232795431"}},{"type":"Feature","id":"way/1232818458","geometry":{"type":"LineString","coordinates":[[-73.996969,40.7312053],[-73.9969148,40.7311752],[-73.996866,40.7311466],[-73.9968124,40.7311092],[-73.9967527,40.7310657],[-73.9966725,40.7310087],[-73.9966238,40.7309761],[-73.9965706,40.7309456],[-73.9965643,40.730942],[-73.9964936,40.7309077],[-73.9964411,40.7308845],[-73.9963805,40.7308654],[-73.9963269,40.7308487],[-73.9962736,40.7308294],[-73.9962216,40.7308019],[-73.996168,40.7307667],[-73.9961247,40.7307295],[-73.9960816,40.7306908]]},"properties":{"highway":"footway","surface":"paving_stones","id":"way/1232818458"}},{"type":"Feature","id":"way/1232818459","geometry":{"type":"LineString","coordinates":[[-73.9956912,40.7307027],[-73.9957306,40.7306915],[-73.9957719,40.7306845],[-73.9959897,40.7306582]]},"properties":{"highway":"footway","surface":"paving_stones","id":"way/1232818459"}},{"type":"Feature","id":"way/1232818460","geometry":{"type":"LineString","coordinates":[[-73.9959944,40.7306687],[-73.9960022,40.7306781],[-73.9960125,40.730686],[-73.996025,40.7306918],[-73.9960389,40.7306953],[-73.9960535,40.7306963],[-73.996068,40.7306948],[-73.9960816,40.7306908],[-73.9960946,40.7306839],[-73.996105,40.7306748],[-73.996112,40.730664],[-73.9961153,40.7306523],[-73.9961147,40.7306403],[-73.9961084,40.7306259],[-73.9960965,40.7306137],[-73.9960802,40.7306049],[-73.9960643,40.7306003],[-73.9960437,40.7306003],[-73.9960268,40.7306038],[-73.9960119,40.7306107],[-73.996,40.7306203],[-73.995992,40.7306321],[-73.9959885,40.730645],[-73.9959897,40.7306582],[-73.9959944,40.7306687]]},"properties":{"highway":"footway","surface":"paving_stones","id":"way/1232818460"}},{"type":"Feature","id":"way/1232818463","geometry":{"type":"LineString","coordinates":[[-73.9977693,40.7309764],[-73.9976283,40.7309075]]},"properties":{"highway":"footway","surface":"paving_stones","id":"way/1232818463"}},{"type":"Feature","id":"way/1232818464","geometry":{"type":"LineString","coordinates":[[-73.9972257,40.7305933],[-73.9971943,40.7306132],[-73.9971678,40.7306332],[-73.9971409,40.7306602],[-73.9971371,40.730665],[-73.9971196,40.7306867],[-73.9971092,40.7307033],[-73.9971022,40.7307147],[-73.9970888,40.7307441],[-73.9970798,40.7307743],[-73.9970751,40.7308051],[-73.9970748,40.7308362],[-73.997079,40.730867],[-73.9970876,40.7308974],[-73.9971005,40.7309268],[-73.9971175,40.730955],[-73.9971384,40.7309817],[-73.997163,40.7310065],[-73.997191,40.7310291],[-73.9972221,40.7310493],[-73.9972489,40.7310632],[-73.9972559,40.7310669],[-73.9972919,40.7310815],[-73.9973299,40.7310931],[-73.9973693,40.7311015],[-73.9974097,40.7311067],[-73.9974506,40.7311085],[-73.9974915,40.7311069],[-73.9975319,40.731102],[-73.9975714,40.7310938],[-73.9976094,40.7310824],[-73.9976507,40.7310656],[-73.997689,40.7310451],[-73.9977236,40.7310211],[-73.997733,40.7310135],[-73.997754,40.7309941],[-73.9977693,40.7309764],[-73.9977797,40.7309644],[-73.9977939,40.7309426],[-73.9978004,40.7309325],[-73.9978158,40.730899],[-73.9978255,40.7308642],[-73.9978294,40.7308288],[-73.9978276,40.7307933],[-73.99782,40.7307583],[-73.9978066,40.7307242],[-73.9977879,40.7306917],[-73.9977639,40.7306612],[-73.9977351,40.7306331],[-73.997702,40.730608],[-73.997658,40.730583],[-73.9976248,40.730568],[-73.9975819,40.7305537],[-73.9975369,40.7305436],[-73.9974907,40.7305378],[-73.9974439,40.7305363],[-73.9973971,40.7305393],[-73.9973513,40.7305466],[-73.997307,40.7305582],[-73.9972649,40.7305738],[-73.9972344,40.730589],[-73.9972257,40.7305933]]},"properties":{"highway":"footway","surface":"paving_stones","id":"way/1232818464"}},{"type":"Feature","id":"way/1232818465","geometry":{"type":"LineString","coordinates":[[-73.9973387,40.7309588],[-73.9972489,40.7310632]]},"properties":{"highway":"footway","surface":"paving_stones","id":"way/1232818465"}},{"type":"Feature","id":"way/1232818466","geometry":{"type":"LineString","coordinates":[[-73.9961147,40.7306403],[-73.996885,40.7305429],[-73.9969383,40.7305465],[-73.9969932,40.7305568],[-73.9970378,40.730569],[-73.9971678,40.7306332]]},"properties":{"highway":"footway","surface":"paving_stones","id":"way/1232818466"}},{"type":"Feature","id":"way/1232818467","geometry":{"type":"LineString","coordinates":[[-73.9960802,40.7306049],[-73.9960995,40.7305525],[-73.9961194,40.7305003],[-73.9961714,40.7303869],[-73.9962138,40.7303235],[-73.9962494,40.730277],[-73.9962748,40.7302448],[-73.9962947,40.7302232],[-73.9963995,40.7300985],[-73.9964018,40.7300965],[-73.9964359,40.7300677],[-73.996482,40.7300382],[-73.9965337,40.7300103],[-73.9965893,40.7299877],[-73.9966408,40.7299698]]},"properties":{"highway":"footway","surface":"paving_stones","id":"way/1232818467"}},{"type":"Feature","id":"way/1232818468","geometry":{"type":"LineString","coordinates":[[-73.9966448,40.7298596],[-73.9965871,40.7296512]]},"properties":{"highway":"footway","surface":"paving_stones","id":"way/1232818468"}},{"type":"Feature","id":"way/1232818475","geometry":{"type":"LineString","coordinates":[[-73.9986248,40.7306685],[-73.9986343,40.7306571]]},"properties":{"highway":"footway","surface":"paving_stones","id":"way/1232818475"}},{"type":"Feature","id":"way/1232818476","geometry":{"type":"LineString","coordinates":[[-73.998105,40.7303665],[-73.9980867,40.7303878]]},"properties":{"highway":"footway","name":"Thompson Street","surface":"paving_stones","id":"way/1232818476"}},{"type":"Feature","id":"way/1232818477","geometry":{"type":"LineString","coordinates":[[-73.9979607,40.730326],[-73.9979786,40.7303043]]},"properties":{"highway":"footway","name":"Thompson Street","surface":"paving_stones","id":"way/1232818477"}},{"type":"Feature","id":"way/1232818478","geometry":{"type":"LineString","coordinates":[[-73.9980454,40.7302262],[-73.9980585,40.7302127]]},"properties":{"highway":"footway","name":"Thompson Street","surface":"concrete","id":"way/1232818478"}},{"type":"Feature","id":"way/1232818479","geometry":{"type":"LineString","coordinates":[[-73.9980585,40.7302127],[-73.9980752,40.7302212]]},"properties":{"highway":"footway","name":"Washington Square South","surface":"concrete","id":"way/1232818479"}},{"type":"Feature","id":"way/1232818488","geometry":{"type":"LineString","coordinates":[[-73.9986096,40.7297544],[-73.9981834,40.7302747],[-73.9981697,40.7302913]]},"properties":{"highway":"footway","name":"Thompson Street","surface":"concrete","id":"way/1232818488"}},{"type":"Feature","id":"way/1232818489","geometry":{"type":"LineString","coordinates":[[-73.9992609,40.7300815],[-73.9986096,40.7297544]]},"properties":{"highway":"footway","surface":"concrete","id":"way/1232818489"}},{"type":"Feature","id":"way/1232818490","geometry":{"type":"LineString","coordinates":[[-73.9987536,40.7306852],[-73.9987355,40.7307068]]},"properties":{"highway":"footway","name":"Sullivan Street","surface":"paving_stones","id":"way/1232818490"}},{"type":"Feature","id":"way/1232818494","geometry":{"type":"LineString","coordinates":[[-73.9966833,40.72999],[-73.9966949,40.7299859],[-73.9967054,40.729975],[-73.9967104,40.7299645],[-73.9967134,40.7299573],[-73.9967117,40.729932],[-73.996705,40.7299048],[-73.9966923,40.7298803],[-73.996678,40.7298688],[-73.9966561,40.7298599],[-73.9966448,40.7298596],[-73.996633,40.7298647],[-73.9966229,40.7298771],[-73.9966187,40.7298959],[-73.9966174,40.7299147],[-73.9966233,40.7299396],[-73.9966338,40.7299607],[-73.9966408,40.7299698],[-73.996646,40.7299766],[-73.9966599,40.7299859],[-73.9966705,40.7299903],[-73.9966833,40.72999]]},"properties":{"highway":"footway","surface":"paving_stones","id":"way/1232818494"}},{"type":"Feature","id":"way/1232818505","geometry":{"type":"LineString","coordinates":[[-73.997517,40.7302329],[-73.9975041,40.7302515]]},"properties":{"highway":"footway","surface":"paving_stones","id":"way/1232818505"}},{"type":"Feature","id":"way/1232818510","geometry":{"type":"LineString","coordinates":[[-73.9970085,40.730478],[-73.9970233,40.7304694],[-73.9970342,40.7304593],[-73.9970406,40.7304483],[-73.9970434,40.730436],[-73.9970416,40.7304179],[-73.9970352,40.7304064]]},"properties":{"highway":"footway","surface":"paving_stones","id":"way/1232818510"}},{"type":"Feature","id":"way/1232818511","geometry":{"type":"LineString","coordinates":[[-73.9970352,40.7304064],[-73.9970249,40.7303997],[-73.9970121,40.730395],[-73.9969712,40.730442]]},"properties":{"highway":"footway","surface":"paving_stones","id":"way/1232818511"}},{"type":"Feature","id":"way/1232818512","geometry":{"type":"LineString","coordinates":[[-73.9970085,40.730478],[-73.996885,40.7305429]]},"properties":{"highway":"footway","surface":"paving_stones","id":"way/1232818512"}},{"type":"Feature","id":"way/1232818513","geometry":{"type":"LineString","coordinates":[[-73.9969712,40.730442],[-73.9969661,40.7304479]]},"properties":{"highway":"steps","id":"way/1232818513"}},{"type":"Feature","id":"way/1232818514","geometry":{"type":"LineString","coordinates":[[-73.9969661,40.7304479],[-73.996885,40.7305429]]},"properties":{"highway":"footway","surface":"paving_stones","id":"way/1232818514"}},{"type":"Feature","id":"way/1232833535","geometry":{"type":"LineString","coordinates":[[-73.9966293,40.7308768],[-73.9965706,40.7309456],[-73.9965189,40.7310062]]},"properties":{"highway":"footway","surface":"paving_stones","id":"way/1232833535"}},{"type":"Feature","id":"way/1232833558","geometry":{"type":"LineString","coordinates":[[-73.9955989,40.7306502],[-73.9955838,40.7306427]]},"properties":{"highway":"footway","name":"Washington Square North","surface":"concrete","id":"way/1232833558"}},{"type":"Feature","id":"way/1232833559","geometry":{"type":"LineString","coordinates":[[-73.9968302,40.7313454],[-73.9968822,40.7313712],[-73.996981,40.7314217]]},"properties":{"highway":"residential","lanes":"2","name":"Washington Square North","surface":"asphalt","id":"way/1232833559"}},{"type":"Feature","id":"way/1232833560","geometry":{"type":"LineString","coordinates":[[-73.9955403,40.7306352],[-73.9955305,40.7306461]]},"properties":{"highway":"footway","name":"Washington Square East / University Place","surface":"concrete","id":"way/1232833560"}},{"type":"Feature","id":"way/1232833561","geometry":{"type":"LineString","coordinates":[[-73.9948332,40.7304307],[-73.9953787,40.7307002],[-73.9954191,40.7307252],[-73.9954414,40.7307365]]},"properties":{"highway":"footway","name":"Waverly Place","surface":"concrete","id":"way/1232833561"}},{"type":"Feature","id":"way/1232833570","geometry":{"type":"LineString","coordinates":[[-73.9969219,40.7299089],[-73.9969108,40.7299567]]},"properties":{"highway":"footway","surface":"paving_stones","id":"way/1232833570"}},{"type":"Feature","id":"way/1232833571","geometry":{"type":"LineString","coordinates":[[-73.9963462,40.7300623],[-73.9964018,40.7300965]]},"properties":{"highway":"footway","surface":"paving_stones","id":"way/1232833571"}},{"type":"Feature","id":"way/1232833572","geometry":{"type":"LineString","coordinates":[[-73.9961714,40.7303869],[-73.9960995,40.730364]]},"properties":{"highway":"footway","surface":"paving_stones","id":"way/1232833572"}},{"type":"Feature","id":"way/1232833583","geometry":{"type":"LineString","coordinates":[[-73.997436,40.7300377],[-73.9974179,40.730059]]},"properties":{"highway":"footway","name":"LaGuardia Place","surface":"paving_stones","id":"way/1232833583"}},{"type":"Feature","id":"way/1232833584","geometry":{"type":"LineString","coordinates":[[-73.997205,40.7299541],[-73.9972229,40.729933]]},"properties":{"highway":"footway","name":"LaGuardia Place","surface":"paving_stones","id":"way/1232833584"}},{"type":"Feature","id":"way/1232833590","geometry":{"type":"LineString","coordinates":[[-73.9966799,40.72954],[-73.9966671,40.7295547]]},"properties":{"highway":"footway","name":"Washington Square East","surface":"concrete","id":"way/1232833590"}},{"type":"Feature","id":"way/1232833591","geometry":{"type":"LineString","coordinates":[[-73.9965383,40.7294937],[-73.9965507,40.7294788]]},"properties":{"highway":"footway","name":"Washington Square East","surface":"concrete","id":"way/1232833591"}},{"type":"Feature","id":"way/1232833599","geometry":{"type":"LineString","coordinates":[[-73.9961631,40.7301117],[-73.9961892,40.7301228]]},"properties":{"highway":"footway","name":"Washington Place","surface":"paving_stones","id":"way/1232833599"}},{"type":"Feature","id":"way/1232833600","geometry":{"type":"LineString","coordinates":[[-73.9960879,40.730201],[-73.9961126,40.7302119]]},"properties":{"highway":"footway","surface":"paving_stones","id":"way/1232833600"}},{"type":"Feature","id":"way/1243061340","geometry":{"type":"LineString","coordinates":[[-73.995717,40.7281455],[-73.9957324,40.7281472],[-73.996406,40.7284785],[-73.9971185,40.7288287]]},"properties":{"highway":"footway","surface":"concrete","id":"way/1243061340"}},{"type":"Feature","id":"way/1243061341","geometry":{"type":"LineString","coordinates":[[-73.9972248,40.728881],[-73.997882,40.7292042],[-73.9979088,40.7292238]]},"properties":{"highway":"footway","surface":"concrete","id":"way/1243061341"}},{"type":"Feature","id":"way/1248945736","geometry":{"type":"LineString","coordinates":[[-73.9934524,40.7333014],[-73.9938524,40.732822],[-73.9953457,40.7334448]]},"properties":{"highway":"footway","surface":"concrete","id":"way/1248945736"}},{"type":"Feature","id":"way/1248945738","geometry":{"type":"LineString","coordinates":[[-73.9956475,40.7334325],[-73.9959879,40.7329506]]},"properties":{"highway":"footway","surface":"concrete","id":"way/1248945738"}},{"type":"Feature","id":"way/1261369439","geometry":{"type":"LineString","coordinates":[[-73.9947343,40.7303719],[-73.9947271,40.7303896],[-73.9940277,40.7312069]]},"properties":{"highway":"footway","id":"way/1261369439"}},{"type":"Feature","id":"way/1261369444","geometry":{"type":"LineString","coordinates":[[-73.9947491,40.7315172],[-73.9941433,40.7312558]]},"properties":{"highway":"footway","surface":"concrete","id":"way/1261369444"}},{"type":"Feature","id":"way/1296083555","geometry":{"type":"LineString","coordinates":[[-73.9956901,40.7281996],[-73.9957218,40.7281596]]},"properties":{"highway":"footway","surface":"asphalt","id":"way/1296083555"}},{"type":"Feature","id":"way/1296083557","geometry":{"type":"LineString","coordinates":[[-73.9975197,40.7291535],[-73.9977902,40.7292863],[-73.9978721,40.7293265]]},"properties":{"highway":"residential","name":"West 3rd Street","surface":"asphalt","id":"way/1296083557"}},{"type":"Feature","id":"way/1296083558","geometry":{"type":"LineString","coordinates":[[-73.995585,40.7282036],[-73.9956587,40.7282398],[-73.9957862,40.7283024]]},"properties":{"highway":"residential","name":"West 3rd Street","surface":"asphalt","id":"way/1296083558"}},{"type":"Feature","id":"way/1296083559","geometry":{"type":"LineString","coordinates":[[-73.9960695,40.7285151],[-73.9960601,40.7285264]]},"properties":{"highway":"footway","surface":"paved","id":"way/1296083559"}},{"type":"Feature","id":"way/1296083560","geometry":{"type":"LineString","coordinates":[[-73.9978096,40.7292696],[-73.9978671,40.72922]]},"properties":{"highway":"footway","surface":"asphalt","id":"way/1296083560"}},{"type":"Feature","id":"way/1315845410","geometry":{"type":"LineString","coordinates":[[-73.9986381,40.7322919],[-73.9986283,40.7323035],[-73.998099,40.7329201]]},"properties":{"highway":"footway","name":"MacDougal Street","surface":"concrete","id":"way/1315845410"}},{"type":"Feature","id":"way/1315845411","geometry":{"type":"LineString","coordinates":[[-73.9980222,40.7330248],[-73.9980602,40.732973],[-73.998099,40.7329201]]},"properties":{"highway":"footway","id":"way/1315845411"}},{"type":"Feature","id":"way/1315845412","geometry":{"type":"LineString","coordinates":[[-73.998099,40.7329201],[-73.9980399,40.7328975],[-73.9979763,40.7328733]]},"properties":{"highway":"footway","id":"way/1315845412"}},{"type":"Feature","id":"way/1315845413","geometry":{"type":"LineString","coordinates":[[-73.9985188,40.732227],[-73.9985062,40.7322419],[-73.9982483,40.7325623]]},"properties":{"highway":"footway","name":"MacDougal Street","surface":"concrete","id":"way/1315845413"}},{"type":"Feature","id":"way/1315845414","geometry":{"type":"LineString","coordinates":[[-73.998199,40.7326245],[-73.9979763,40.7328733]]},"properties":{"highway":"footway","name":"MacDougal Street","surface":"concrete","id":"way/1315845414"}},{"type":"Feature","id":"way/1315845415","geometry":{"type":"LineString","coordinates":[[-73.9982483,40.7325623],[-73.9982266,40.7325897],[-73.998199,40.7326245]]},"properties":{"highway":"footway","name":"MacDougal Street","surface":"asphalt","id":"way/1315845415"}},{"type":"Feature","id":"way/1315845417","geometry":{"type":"LineString","coordinates":[[-73.9964088,40.7323527],[-73.9964504,40.7322957],[-73.9965024,40.7322403]]},"properties":{"highway":"footway","surface":"asphalt","id":"way/1315845417"}},{"type":"Feature","id":"way/1315845418","geometry":{"type":"LineString","coordinates":[[-73.9965289,40.7318495],[-73.9964952,40.7318545],[-73.9963045,40.7321557],[-73.9962961,40.7321762]]},"properties":{"highway":"footway","surface":"concrete","id":"way/1315845418"}},{"type":"Feature","id":"way/1315845419","geometry":{"type":"LineString","coordinates":[[-73.9965024,40.7322403],[-73.9964172,40.7322044],[-73.9963387,40.7321696]]},"properties":{"highway":"footway","surface":"asphalt","id":"way/1315845419"}},{"type":"Feature","id":"way/1315845420","geometry":{"type":"LineString","coordinates":[[-73.9962252,40.7322767],[-73.9963205,40.732317],[-73.9964088,40.7323527]]},"properties":{"highway":"footway","surface":"asphalt","id":"way/1315845420"}},{"type":"Feature","id":"way/1315845421","geometry":{"type":"LineString","coordinates":[[-73.995555,40.7319919],[-73.9956271,40.7320225],[-73.9962252,40.7322767]]},"properties":{"highway":"footway","surface":"concrete","id":"way/1315845421"}},{"type":"Feature","id":"way/1315845422","geometry":{"type":"LineString","coordinates":[[-73.9994109,40.7336033],[-73.9980222,40.7330248],[-73.9978976,40.7329729],[-73.9964088,40.7323527]]},"properties":{"highway":"footway","surface":"concrete","id":"way/1315845422"}},{"type":"Feature","id":"way/1315845423","geometry":{"type":"LineString","coordinates":[[-73.9942321,40.731068],[-73.9941242,40.7311967],[-73.9940931,40.7312346],[-73.9940524,40.7312848]]},"properties":{"highway":"residential","lanes":"1","name":"Greene Street","surface":"asphalt","id":"way/1315845423"}},{"type":"Feature","id":"way/1315845434","geometry":{"type":"LineString","coordinates":[[-73.9962252,40.7322767],[-73.9960838,40.7324651],[-73.9960099,40.7325635],[-73.995866,40.7327552]]},"properties":{"highway":"footway","surface":"concrete","id":"way/1315845434"}},{"type":"Feature","id":"way/1315845435","geometry":{"type":"LineString","coordinates":[[-73.995866,40.7327552],[-73.9958144,40.7328229],[-73.9957756,40.7328739]]},"properties":{"highway":"footway","surface":"asphalt","id":"way/1315845435"}},{"type":"Feature","id":"way/1315845436","geometry":{"type":"LineString","coordinates":[[-73.9964088,40.7323527],[-73.9960646,40.7328451]]},"properties":{"highway":"footway","surface":"concrete","id":"way/1315845436"}},{"type":"Feature","id":"way/1315845437","geometry":{"type":"LineString","coordinates":[[-73.9960646,40.7328451],[-73.9959703,40.7328024],[-73.995866,40.7327552]]},"properties":{"highway":"footway","surface":"asphalt","id":"way/1315845437"}},{"type":"Feature","id":"way/1315845438","geometry":{"type":"LineString","coordinates":[[-73.9957756,40.7328739],[-73.9959008,40.7329191],[-73.9959879,40.7329506]]},"properties":{"highway":"footway","surface":"asphalt","id":"way/1315845438"}},{"type":"Feature","id":"way/1315845439","geometry":{"type":"LineString","coordinates":[[-73.9957756,40.7328739],[-73.9954254,40.7333395]]},"properties":{"highway":"footway","surface":"concrete","id":"way/1315845439"}},{"type":"Feature","id":"way/1413784765","geometry":{"type":"LineString","coordinates":[[-73.9965503,40.7320189],[-73.9966428,40.7320486],[-73.9966685,40.7320541],[-73.9966886,40.7320573],[-73.9967077,40.7320585],[-73.9967216,40.7320591],[-73.9967323,40.7320587],[-73.9967429,40.7320572],[-73.9967538,40.7320542],[-73.9967626,40.7320501],[-73.996771,40.7320446],[-73.9967784,40.7320389],[-73.9967859,40.7320322],[-73.9967955,40.7320221],[-73.9968032,40.7320087],[-73.9968057,40.7320014],[-73.9968055,40.7319941],[-73.9968025,40.7319835],[-73.9967934,40.7319696],[-73.996784,40.7319563],[-73.9967658,40.7319367],[-73.9967404,40.7319152],[-73.9966562,40.7318643]]},"properties":{"highway":"service","id":"way/1413784765"}},{"type":"Feature","id":"way/1418640251","geometry":{"type":"LineString","coordinates":[[-74.0010713,40.7302476],[-74.0010773,40.73024]]},"properties":{"highway":"footway","surface":"concrete","id":"way/1418640251"}},{"type":"Feature","id":"way/1418640252","geometry":{"type":"LineString","coordinates":[[-74.0010317,40.7302976],[-74.0010387,40.7302887]]},"properties":{"highway":"footway","id":"way/1418640252"}},{"type":"Feature","id":"way/1418640253","geometry":{"type":"LineString","coordinates":[[-74.0010773,40.73024],[-74.0010699,40.7302366]]},"properties":{"highway":"footway","surface":"concrete","id":"way/1418640253"}},{"type":"Feature","id":"way/1418640254","geometry":{"type":"LineString","coordinates":[[-74.0010232,40.7302154],[-74.0010061,40.7302076]]},"properties":{"highway":"footway","id":"way/1418640254"}},{"type":"Feature","id":"way/1418640255","geometry":{"type":"LineString","coordinates":[[-74.000968,40.7302557],[-74.0009628,40.7302623]]},"properties":{"highway":"footway","id":"way/1418640255"}},{"type":"Feature","id":"way/1418640256","geometry":{"type":"LineString","coordinates":[[-74.0010061,40.7302076],[-74.0009972,40.7302189]]},"properties":{"highway":"footway","id":"way/1418640256"}},{"type":"Feature","id":"way/1418640260","geometry":{"type":"LineString","coordinates":[[-74.0011977,40.7291017],[-74.0011785,40.7290923]]},"properties":{"highway":"footway","surface":"concrete:plates","id":"way/1418640260"}},{"type":"Feature","id":"way/1418640261","geometry":{"type":"LineString","coordinates":[[-74.0011785,40.7290923],[-74.0011637,40.7291095]]},"properties":{"highway":"footway","surface":"concrete","id":"way/1418640261"}},{"type":"Feature","id":"way/1418640262","geometry":{"type":"LineString","coordinates":[[-74.0012124,40.7292605],[-74.0011935,40.7292509]]},"properties":{"highway":"footway","id":"way/1418640262"}},{"type":"Feature","id":"way/1418640263","geometry":{"type":"LineString","coordinates":[[-74.0011192,40.7292072],[-74.0010917,40.7291934]]},"properties":{"highway":"footway","id":"way/1418640263"}},{"type":"Feature","id":"way/1418640264","geometry":{"type":"LineString","coordinates":[[-74.0010998,40.729184],[-74.0010917,40.7291934]]},"properties":{"highway":"footway","id":"way/1418640264"}},{"type":"Feature","id":"way/1418817804","geometry":{"type":"LineString","coordinates":[[-73.9955591,40.7281282],[-73.9957818,40.727866],[-73.9965512,40.7269604],[-73.9965622,40.7269474]]},"properties":{"highway":"footway","surface":"concrete","id":"way/1418817804"}},{"type":"Feature","id":"way/1423395724","geometry":{"type":"LineString","coordinates":[[-73.9998383,40.7332372],[-73.9995848,40.7335802],[-73.9995234,40.7336634]]},"properties":{"highway":"secondary","lanes":"4","name":"6th Avenue","surface":"asphalt","id":"way/1423395724"}},{"type":"Feature","id":"way/1468861739","geometry":{"type":"LineString","coordinates":[[-73.9953991,40.7297605],[-73.9953529,40.7297364],[-73.9953106,40.729714]]},"properties":{"highway":"footway","surface":"asphalt","id":"way/1468861739"}},{"type":"Feature","id":"way/1468861740","geometry":{"type":"LineString","coordinates":[[-73.9953143,40.7298624],[-73.9953163,40.7298771]]},"properties":{"highway":"footway","surface":"concrete","id":"way/1468861740"}},{"type":"Feature","id":"way/1468861741","geometry":{"type":"LineString","coordinates":[[-73.9953106,40.729714],[-73.9952666,40.7297628],[-73.9952212,40.7298156]]},"properties":{"highway":"footway","surface":"asphalt","id":"way/1468861741"}},{"type":"Feature","id":"way/1468861742","geometry":{"type":"LineString","coordinates":[[-73.9954237,40.729751],[-73.9960579,40.7300652],[-73.9960858,40.7300786]]},"properties":{"highway":"footway","name":"Washington Place","surface":"concrete","id":"way/1468861742"}},{"type":"Feature","id":"way/1468861743","geometry":{"type":"LineString","coordinates":[[-73.9953143,40.7298624],[-73.9953583,40.7298106],[-73.9953991,40.7297605]]},"properties":{"highway":"footway","surface":"asphalt","id":"way/1468861743"}},{"type":"Feature","id":"way/1468861744","geometry":{"type":"LineString","coordinates":[[-73.9952212,40.7298156],[-73.995194,40.7298229]]},"properties":{"highway":"footway","surface":"concrete","id":"way/1468861744"}},{"type":"Feature","id":"way/1468861745","geometry":{"type":"LineString","coordinates":[[-73.9953991,40.7297605],[-73.9954237,40.729751]]},"properties":{"highway":"footway","surface":"concrete","id":"way/1468861745"}},{"type":"Feature","id":"way/1468861746","geometry":{"type":"LineString","coordinates":[[-73.9953106,40.729714],[-73.9953004,40.7296925]]},"properties":{"highway":"footway","surface":"concrete","id":"way/1468861746"}},{"type":"Feature","id":"way/1468876761","geometry":{"type":"LineString","coordinates":[[-73.9959608,40.7301945],[-73.9953163,40.7298771]]},"properties":{"highway":"footway","surface":"concrete","id":"way/1468876761"}},{"type":"Feature","id":"way/1468876762","geometry":{"type":"LineString","coordinates":[[-73.9958523,40.7292605],[-73.995835,40.7292794],[-73.9954237,40.729751]]},"properties":{"highway":"footway","name":"West 4th Street","surface":"concrete","id":"way/1468876762"}},{"type":"Feature","id":"way/1468876763","geometry":{"type":"LineString","coordinates":[[-73.995913,40.7291852],[-73.9958846,40.7292198],[-73.9958523,40.7292605]]},"properties":{"highway":"footway","surface":"asphalt","id":"way/1468876763"}},{"type":"Feature","id":"way/1468876764","geometry":{"type":"LineString","coordinates":[[-73.9958152,40.7292711],[-73.9957681,40.72925],[-73.9957285,40.7292324]]},"properties":{"highway":"footway","surface":"asphalt","id":"way/1468876764"}},{"type":"Feature","id":"way/1468876765","geometry":{"type":"LineString","coordinates":[[-73.9957262,40.7291979],[-73.9957056,40.7292206],[-73.9953004,40.7296925]]},"properties":{"highway":"footway","surface":"concrete","id":"way/1468876765"}},{"type":"Feature","id":"way/1468876766","geometry":{"type":"LineString","coordinates":[[-73.995928,40.7291672],[-73.995913,40.7291852]]},"properties":{"highway":"footway","surface":"concrete","id":"way/1468876766"}},{"type":"Feature","id":"way/1468876767","geometry":{"type":"LineString","coordinates":[[-73.9957937,40.7291243],[-73.9958079,40.7291078]]},"properties":{"highway":"footway","surface":"concrete","id":"way/1468876767"}},{"type":"Feature","id":"way/1468881083","geometry":{"type":"LineString","coordinates":[[-73.9953004,40.7296925],[-73.9946615,40.7293759]]},"properties":{"highway":"footway","id":"way/1468881083"}},{"type":"Feature","id":"way/1472033820","geometry":{"type":"LineString","coordinates":[[-73.9948332,40.7304307],[-73.994877,40.7303784],[-73.9949143,40.7303353]]},"properties":{"highway":"footway","surface":"asphalt","id":"way/1472033820"}},{"type":"Feature","id":"way/1472033821","geometry":{"type":"LineString","coordinates":[[-73.9953163,40.7298771],[-73.9949353,40.7303312]]},"properties":{"highway":"footway","name":"Greene Street","surface":"concrete","id":"way/1472033821"}},{"type":"Feature","id":"way/1472033822","geometry":{"type":"LineString","coordinates":[[-73.9949143,40.7303353],[-73.9949353,40.7303312]]},"properties":{"highway":"footway","surface":"concrete","id":"way/1472033822"}},{"type":"Feature","id":"way/1472033823","geometry":{"type":"LineString","coordinates":[[-73.9949143,40.7303353],[-73.9948743,40.7303028],[-73.9948446,40.7302798]]},"properties":{"highway":"footway","surface":"asphalt","id":"way/1472033823"}},{"type":"Feature","id":"way/1472033824","geometry":{"type":"LineString","coordinates":[[-73.9945469,40.7294953],[-73.995194,40.7298229],[-73.9948147,40.7302652],[-73.9947985,40.7302877]]},"properties":{"highway":"footway","surface":"concrete","id":"way/1472033824"}},{"type":"Feature","id":"way/1472033825","geometry":{"type":"LineString","coordinates":[[-73.9947436,40.7303967],[-73.9947856,40.7304128],[-73.9948332,40.7304307]]},"properties":{"highway":"footway","surface":"asphalt","id":"way/1472033825"}},{"type":"Feature","id":"way/1472046065","geometry":{"type":"LineString","coordinates":[[-73.9965024,40.7322403],[-73.9966428,40.7320486],[-73.9967404,40.7319152],[-73.997029,40.731521],[-73.9970422,40.731503]]},"properties":{"highway":"footway","id":"way/1472046065"}},{"type":"Feature","id":"way/1472787374","geometry":{"type":"LineString","coordinates":[[-73.9989703,40.727924],[-73.9988075,40.727845]]},"properties":{"highway":"footway","surface":"concrete","id":"way/1472787374"}},{"type":"Feature","id":"way/1472787376","geometry":{"type":"LineString","coordinates":[[-73.999562,40.7269522],[-73.9991452,40.7274454],[-73.9988075,40.727845],[-73.9987636,40.727897]]},"properties":{"highway":"footway","surface":"concrete","id":"way/1472787376"}},{"type":"Feature","id":"way/1498931297","geometry":{"type":"LineString","coordinates":[[-73.993747,40.729009],[-73.993794,40.7289535],[-73.9942044,40.7284691]]},"properties":{"highway":"primary","lanes":"2","name":"Broadway","surface":"asphalt","id":"way/1498931297"}},{"type":"Feature","id":"way/1498931300","geometry":{"type":"LineString","coordinates":[[-73.993747,40.729009],[-73.9938425,40.7290555],[-73.9944988,40.729382]]},"properties":{"highway":"residential","name":"Washington Place","surface":"asphalt","id":"way/1498931300"}},{"type":"Feature","id":"way/1523412817","geometry":{"type":"LineString","coordinates":[[-73.994252,40.728413],[-73.9941668,40.72837],[-73.993724,40.728152],[-73.9933314,40.7279452],[-73.9932715,40.727916],[-73.9931425,40.7278531]]},"properties":{"highway":"residential","lanes":"1","name":"East 4th Street","surface":"asphalt","id":"way/1523412817"}},{"type":"Feature","id":"way/1524799084","geometry":{"type":"LineString","coordinates":[[-73.9957818,40.727866],[-73.9953753,40.7276774]]},"properties":{"highway":"footway","id":"way/1524799084"}},{"type":"Feature","id":"way/1528713018","geometry":{"type":"LineString","coordinates":[[-73.9942044,40.7284691],[-73.994252,40.728413]]},"properties":{"highway":"primary","lanes":"2","name":"Broadway","surface":"asphalt","id":"way/1528713018"}},{"type":"Feature","id":"way/1534785076","geometry":{"type":"LineString","coordinates":[[-74.0021622,40.7297532],[-74.0021058,40.7296215],[-74.0020721,40.7296038],[-74.0018856,40.7295131],[-74.0012559,40.7292026],[-74.001188,40.7291698]]},"properties":{"highway":"residential","lanes":"1","name":"Bleecker Street","surface":"asphalt","id":"way/1534785076"}},{"type":"Feature","id":"way/1534793231","geometry":{"type":"LineString","coordinates":[[-73.9973576,40.7299438],[-73.9972558,40.7298946],[-73.9966343,40.7295944],[-73.9965723,40.7295644]]},"properties":{"highway":"residential","lanes":"1","name":"Washington Square South","surface":"asphalt","id":"way/1534793231"}},{"type":"Feature","id":"way/1537993409","geometry":{"type":"LineString","coordinates":[[-74.001188,40.7291698],[-74.0012315,40.7291184],[-74.0020371,40.7281768],[-74.0021007,40.7281021]]},"properties":{"highway":"unclassified","lanes":"1","name":"MacDougal Street","surface":"asphalt","id":"way/1537993409"}},{"type":"Feature","id":"node/3581471050","geometry":{"type":"Point","coordinates":[-73.9991475,40.7310022]},"properties":{"natural":"tree","id":"node/3581471050"}},{"type":"Feature","id":"node/3581471051","geometry":{"type":"Point","coordinates":[-73.9988776,40.7311008]},"properties":{"natural":"tree","id":"node/3581471051"}},{"type":"Feature","id":"node/3581471052","geometry":{"type":"Point","coordinates":[-73.9986836,40.7311139]},"properties":{"natural":"tree","id":"node/3581471052"}},{"type":"Feature","id":"node/3581471054","geometry":{"type":"Point","coordinates":[-73.9984207,40.7311244]},"properties":{"natural":"tree","id":"node/3581471054"}},{"type":"Feature","id":"node/3581471056","geometry":{"type":"Point","coordinates":[-73.9992409,40.7311919]},"properties":{"natural":"tree","id":"node/3581471056"}},{"type":"Feature","id":"node/3581471057","geometry":{"type":"Point","coordinates":[-73.998983,40.7311827]},"properties":{"natural":"tree","id":"node/3581471057"}},{"type":"Feature","id":"node/3581471059","geometry":{"type":"Point","coordinates":[-73.9991592,40.7312562]},"properties":{"natural":"tree","id":"node/3581471059"}},{"type":"Feature","id":"node/3581471060","geometry":{"type":"Point","coordinates":[-73.9983968,40.7312282]},"properties":{"natural":"tree","id":"node/3581471060"}},{"type":"Feature","id":"node/3581471061","geometry":{"type":"Point","coordinates":[-73.9985584,40.7312914]},"properties":{"natural":"tree","id":"node/3581471061"}},{"type":"Feature","id":"node/3581471062","geometry":{"type":"Point","coordinates":[-73.9987652,40.7313167]},"properties":{"natural":"tree","id":"node/3581471062"}},{"type":"Feature","id":"node/3581471063","geometry":{"type":"Point","coordinates":[-73.9989991,40.7313084]},"properties":{"natural":"tree","id":"node/3581471063"}},{"type":"Feature","id":"node/3581471064","geometry":{"type":"Point","coordinates":[-73.9991256,40.7313587]},"properties":{"natural":"tree","id":"node/3581471064"}},{"type":"Feature","id":"node/3581471065","geometry":{"type":"Point","coordinates":[-73.9986923,40.7313472]},"properties":{"natural":"tree","id":"node/3581471065"}},{"type":"Feature","id":"node/3581471066","geometry":{"type":"Point","coordinates":[-73.9989692,40.7314077]},"properties":{"natural":"tree","id":"node/3581471066"}},{"type":"Feature","id":"node/3581471067","geometry":{"type":"Point","coordinates":[-73.9990723,40.7314352]},"properties":{"natural":"tree","id":"node/3581471067"}},{"type":"Feature","id":"node/3581471068","geometry":{"type":"Point","coordinates":[-73.9988662,40.7314533]},"properties":{"natural":"tree","id":"node/3581471068"}},{"type":"Feature","id":"node/3581471069","geometry":{"type":"Point","coordinates":[-73.9990372,40.7315236]},"properties":{"natural":"tree","id":"node/3581471069"}},{"type":"Feature","id":"node/3581500659","geometry":{"type":"Point","coordinates":[-73.998063,40.7304576]},"properties":{"natural":"tree","id":"node/3581500659"}},{"type":"Feature","id":"node/3581500660","geometry":{"type":"Point","coordinates":[-73.998141,40.7304645]},"properties":{"natural":"tree","id":"node/3581500660"}},{"type":"Feature","id":"node/3581500662","geometry":{"type":"Point","coordinates":[-73.9981905,40.7304672]},"properties":{"natural":"tree","id":"node/3581500662"}},{"type":"Feature","id":"node/3581500663","geometry":{"type":"Point","coordinates":[-73.997943,40.7305253]},"properties":{"natural":"tree","id":"node/3581500663"}},{"type":"Feature","id":"node/3581500664","geometry":{"type":"Point","coordinates":[-73.9982905,40.7305302]},"properties":{"natural":"tree","id":"node/3581500664"}},{"type":"Feature","id":"node/3581500665","geometry":{"type":"Point","coordinates":[-73.997869,40.730562]},"properties":{"natural":"tree","id":"node/3581500665"}},{"type":"Feature","id":"node/3581500666","geometry":{"type":"Point","coordinates":[-73.9982042,40.7306196]},"properties":{"natural":"tree","id":"node/3581500666"}},{"type":"Feature","id":"node/3581500667","geometry":{"type":"Point","coordinates":[-73.9979414,40.7305782]},"properties":{"natural":"tree","id":"node/3581500667"}},{"type":"Feature","id":"node/3581500668","geometry":{"type":"Point","coordinates":[-73.9979008,40.7306114]},"properties":{"natural":"tree","id":"node/3581500668"}},{"type":"Feature","id":"node/3581500669","geometry":{"type":"Point","coordinates":[-73.9979365,40.7306471]},"properties":{"natural":"tree","id":"node/3581500669"}},{"type":"Feature","id":"node/3581500670","geometry":{"type":"Point","coordinates":[-73.9985373,40.7306865]},"properties":{"natural":"tree","id":"node/3581500670"}},{"type":"Feature","id":"node/3581500671","geometry":{"type":"Point","coordinates":[-73.9981087,40.7307283]},"properties":{"natural":"tree","id":"node/3581500671"}},{"type":"Feature","id":"node/3581500672","geometry":{"type":"Point","coordinates":[-73.9980096,40.7307554]},"properties":{"natural":"tree","id":"node/3581500672"}},{"type":"Feature","id":"node/3581500684","geometry":{"type":"Point","coordinates":[-73.9978779,40.73091]},"properties":{"natural":"tree","id":"node/3581500684"}},{"type":"Feature","id":"node/3581500685","geometry":{"type":"Point","coordinates":[-73.9980138,40.7308581]},"properties":{"natural":"tree","id":"node/3581500685"}},{"type":"Feature","id":"node/3584752225","geometry":{"type":"Point","coordinates":[-73.9978506,40.7303135]},"properties":{"natural":"tree","id":"node/3584752225"}},{"type":"Feature","id":"node/3584752232","geometry":{"type":"Point","coordinates":[-73.9975536,40.7301676]},"properties":{"natural":"tree","id":"node/3584752232"}},{"type":"Feature","id":"node/3584752234","geometry":{"type":"Point","coordinates":[-73.9973343,40.7302567]},"properties":{"natural":"tree","id":"node/3584752234"}},{"type":"Feature","id":"node/3584752244","geometry":{"type":"Point","coordinates":[-73.9976222,40.7303327]},"properties":{"natural":"tree","id":"node/3584752244"}},{"type":"Feature","id":"node/3584752248","geometry":{"type":"Point","coordinates":[-73.9976961,40.7303697]},"properties":{"natural":"tree","id":"node/3584752248"}},{"type":"Feature","id":"node/3584752251","geometry":{"type":"Point","coordinates":[-73.9976025,40.7304258]},"properties":{"natural":"tree","id":"node/3584752251"}},{"type":"Feature","id":"node/5927576885","geometry":{"type":"Point","coordinates":[-73.9986093,40.7319686]},"properties":{"height":"10","leaf_type":"broadleaved","name":"Hangman's Elm","natural":"tree","species":"Ulmus procera","id":"node/5927576885"}},{"type":"Feature","id":"node/6275183486","geometry":{"type":"Point","coordinates":[-73.9979811,40.7314285]},"properties":{"natural":"tree","id":"node/6275183486"}},{"type":"Feature","id":"node/7540496668","geometry":{"type":"Point","coordinates":[-73.998161,40.7315895]},"properties":{"natural":"tree","id":"node/7540496668"}},{"type":"Feature","id":"node/8262243203","geometry":{"type":"Point","coordinates":[-73.9979961,40.7312126]},"properties":{"natural":"tree","id":"node/8262243203"}},{"type":"Feature","id":"node/8262243204","geometry":{"type":"Point","coordinates":[-73.9981577,40.7313249]},"properties":{"natural":"tree","id":"node/8262243204"}},{"type":"Feature","id":"node/8262243205","geometry":{"type":"Point","coordinates":[-73.9980759,40.7312837]},"properties":{"natural":"tree","id":"node/8262243205"}},{"type":"Feature","id":"node/8262243206","geometry":{"type":"Point","coordinates":[-73.9983659,40.7311064]},"properties":{"natural":"tree","id":"node/8262243206"}},{"type":"Feature","id":"node/8262243207","geometry":{"type":"Point","coordinates":[-73.9981798,40.7310701]},"properties":{"natural":"tree","id":"node/8262243207"}},{"type":"Feature","id":"node/9934776544","geometry":{"type":"Point","coordinates":[-73.9972562,40.7282318]},"properties":{"natural":"tree","id":"node/9934776544"}},{"type":"Feature","id":"node/9934776545","geometry":{"type":"Point","coordinates":[-73.9972112,40.7282925]},"properties":{"natural":"tree","id":"node/9934776545"}},{"type":"Feature","id":"node/9934776546","geometry":{"type":"Point","coordinates":[-73.9971581,40.7283554]},"properties":{"natural":"tree","id":"node/9934776546"}},{"type":"Feature","id":"node/9934776547","geometry":{"type":"Point","coordinates":[-73.9970811,40.7283216]},"properties":{"natural":"tree","id":"node/9934776547"}},{"type":"Feature","id":"node/9934776548","geometry":{"type":"Point","coordinates":[-73.9971265,40.7282554]},"properties":{"natural":"tree","id":"node/9934776548"}},{"type":"Feature","id":"node/9934776549","geometry":{"type":"Point","coordinates":[-73.997175,40.7281938]},"properties":{"natural":"tree","id":"node/9934776549"}},{"type":"Feature","id":"node/9934776550","geometry":{"type":"Point","coordinates":[-73.9970963,40.7281551]},"properties":{"natural":"tree","id":"node/9934776550"}},{"type":"Feature","id":"node/9934776551","geometry":{"type":"Point","coordinates":[-73.9970435,40.7282167]},"properties":{"natural":"tree","id":"node/9934776551"}},{"type":"Feature","id":"node/9934776552","geometry":{"type":"Point","coordinates":[-73.9969957,40.7282794]},"properties":{"natural":"tree","id":"node/9934776552"}},{"type":"Feature","id":"node/9934776553","geometry":{"type":"Point","coordinates":[-73.9969188,40.7282397]},"properties":{"natural":"tree","id":"node/9934776553"}},{"type":"Feature","id":"node/9934776554","geometry":{"type":"Point","coordinates":[-73.9972321,40.7283899]},"properties":{"natural":"tree","id":"node/9934776554"}},{"type":"Feature","id":"node/9934776555","geometry":{"type":"Point","coordinates":[-73.997291,40.7283171]},"properties":{"natural":"tree","id":"node/9934776555"}},{"type":"Feature","id":"node/9934776556","geometry":{"type":"Point","coordinates":[-73.9973355,40.728262]},"properties":{"natural":"tree","id":"node/9934776556"}},{"type":"Feature","id":"node/9934776584","geometry":{"type":"Point","coordinates":[-73.9977196,40.7283254]},"properties":{"natural":"tree","id":"node/9934776584"}},{"type":"Feature","id":"node/9934776585","geometry":{"type":"Point","coordinates":[-73.9976902,40.7283554]},"properties":{"natural":"tree","id":"node/9934776585"}},{"type":"Feature","id":"node/9934776586","geometry":{"type":"Point","coordinates":[-73.9977598,40.7282769]},"properties":{"natural":"tree","id":"node/9934776586"}},{"type":"Feature","id":"node/9934776587","geometry":{"type":"Point","coordinates":[-73.9978,40.7282224]},"properties":{"natural":"tree","id":"node/9934776587"}},{"type":"Feature","id":"node/9934776588","geometry":{"type":"Point","coordinates":[-73.9978481,40.7281697]},"properties":{"natural":"tree","id":"node/9934776588"}},{"type":"Feature","id":"node/9934776589","geometry":{"type":"Point","coordinates":[-73.9979484,40.7280474]},"properties":{"natural":"tree","id":"node/9934776589"}},{"type":"Feature","id":"node/9934776590","geometry":{"type":"Point","coordinates":[-73.9979093,40.728095]},"properties":{"natural":"tree","id":"node/9934776590"}},{"type":"Feature","id":"node/10794178319","geometry":{"type":"Point","coordinates":[-73.9952451,40.7287771]},"properties":{"natural":"tree","id":"node/10794178319"}},{"type":"Feature","id":"node/10794178320","geometry":{"type":"Point","coordinates":[-73.9953193,40.7286834]},"properties":{"natural":"tree","id":"node/10794178320"}},{"type":"Feature","id":"node/11435810935","geometry":{"type":"Point","coordinates":[-73.9981039,40.7318559]},"properties":{"natural":"tree","id":"node/11435810935"}},{"type":"Feature","id":"node/11435810936","geometry":{"type":"Point","coordinates":[-73.9982225,40.7318854]},"properties":{"natural":"tree","id":"node/11435810936"}},{"type":"Feature","id":"node/11435810937","geometry":{"type":"Point","coordinates":[-73.9982857,40.7319194]},"properties":{"natural":"tree","id":"node/11435810937"}},{"type":"Feature","id":"node/11435810938","geometry":{"type":"Point","coordinates":[-73.9983748,40.7319091]},"properties":{"natural":"tree","id":"node/11435810938"}},{"type":"Feature","id":"node/11435810939","geometry":{"type":"Point","coordinates":[-73.9983441,40.7319583]},"properties":{"natural":"tree","id":"node/11435810939"}},{"type":"Feature","id":"node/11435810940","geometry":{"type":"Point","coordinates":[-73.9984244,40.7320026]},"properties":{"natural":"tree","id":"node/11435810940"}},{"type":"Feature","id":"node/11435810941","geometry":{"type":"Point","coordinates":[-73.9985017,40.7320388]},"properties":{"natural":"tree","id":"node/11435810941"}},{"type":"Feature","id":"node/11435810942","geometry":{"type":"Point","coordinates":[-73.9986446,40.7320083]},"properties":{"natural":"tree","id":"node/11435810942"}},{"type":"Feature","id":"node/11435810943","geometry":{"type":"Point","coordinates":[-73.9987673,40.7318613]},"properties":{"natural":"tree","id":"node/11435810943"}},{"type":"Feature","id":"node/11435810944","geometry":{"type":"Point","coordinates":[-73.9987409,40.7318096]},"properties":{"natural":"tree","id":"node/11435810944"}},{"type":"Feature","id":"node/11435810945","geometry":{"type":"Point","coordinates":[-73.9986703,40.7318673]},"properties":{"natural":"tree","id":"node/11435810945"}},{"type":"Feature","id":"node/11435810946","geometry":{"type":"Point","coordinates":[-73.9987064,40.7319269]},"properties":{"natural":"tree","id":"node/11435810946"}},{"type":"Feature","id":"node/11435810947","geometry":{"type":"Point","coordinates":[-73.9989438,40.7316431]},"properties":{"natural":"tree","id":"node/11435810947"}},{"type":"Feature","id":"node/11435810948","geometry":{"type":"Point","coordinates":[-73.9988098,40.7317543]},"properties":{"natural":"tree","id":"node/11435810948"}},{"type":"Feature","id":"node/11435810949","geometry":{"type":"Point","coordinates":[-73.9988195,40.7318047]},"properties":{"natural":"tree","id":"node/11435810949"}},{"type":"Feature","id":"node/11435810959","geometry":{"type":"Point","coordinates":[-73.9989298,40.7317682]},"properties":{"natural":"tree","id":"node/11435810959"}},{"type":"Feature","id":"node/11435810964","geometry":{"type":"Point","coordinates":[-73.9988614,40.7318489]},"properties":{"natural":"tree","id":"node/11435810964"}},{"type":"Feature","id":"node/11435810969","geometry":{"type":"Point","coordinates":[-73.9987916,40.731931]},"properties":{"natural":"tree","id":"node/11435810969"}},{"type":"Feature","id":"node/11435810974","geometry":{"type":"Point","coordinates":[-73.9987169,40.7320196]},"properties":{"natural":"tree","id":"node/11435810974"}},{"type":"Feature","id":"node/11435811009","geometry":{"type":"Point","coordinates":[-73.9988691,40.7316741]},"properties":{"natural":"tree","id":"node/11435811009"}},{"type":"Feature","id":"node/11435811028","geometry":{"type":"Point","coordinates":[-73.9992302,40.7312813]},"properties":{"natural":"tree","id":"node/11435811028"}},{"type":"Feature","id":"node/11435811029","geometry":{"type":"Point","coordinates":[-73.9992872,40.7312608]},"properties":{"natural":"tree","id":"node/11435811029"}},{"type":"Feature","id":"node/11435811030","geometry":{"type":"Point","coordinates":[-73.9993687,40.7311416]},"properties":{"natural":"tree","id":"node/11435811030"}},{"type":"Feature","id":"node/11435811115","geometry":{"type":"Point","coordinates":[-73.9992122,40.7314335]},"properties":{"natural":"tree","id":"node/11435811115"}},{"type":"Feature","id":"node/11435811120","geometry":{"type":"Point","coordinates":[-73.9992745,40.7313583]},"properties":{"natural":"tree","id":"node/11435811120"}},{"type":"Feature","id":"node/11435811142","geometry":{"type":"Point","coordinates":[-73.9993834,40.7310036]},"properties":{"natural":"tree","id":"node/11435811142"}},{"type":"Feature","id":"node/11435811147","geometry":{"type":"Point","coordinates":[-73.999227,40.7309268]},"properties":{"natural":"tree","id":"node/11435811147"}},{"type":"Feature","id":"node/11435811173","geometry":{"type":"Point","coordinates":[-73.9992893,40.7310506]},"properties":{"natural":"tree","id":"node/11435811173"}},{"type":"Feature","id":"node/11435811174","geometry":{"type":"Point","coordinates":[-73.9992433,40.7310081]},"properties":{"natural":"tree","id":"node/11435811174"}},{"type":"Feature","id":"node/11435811175","geometry":{"type":"Point","coordinates":[-73.9990229,40.7309256]},"properties":{"natural":"tree","id":"node/11435811175"}},{"type":"Feature","id":"node/11435811176","geometry":{"type":"Point","coordinates":[-73.9989594,40.7308805]},"properties":{"natural":"tree","id":"node/11435811176"}},{"type":"Feature","id":"node/11435989709","geometry":{"type":"Point","coordinates":[-73.999131,40.7308795]},"properties":{"natural":"tree","id":"node/11435989709"}},{"type":"Feature","id":"node/11435989714","geometry":{"type":"Point","coordinates":[-73.9989322,40.7307816]},"properties":{"natural":"tree","id":"node/11435989714"}},{"type":"Feature","id":"node/11435989719","geometry":{"type":"Point","coordinates":[-73.9990279,40.7308293]},"properties":{"natural":"tree","id":"node/11435989719"}},{"type":"Feature","id":"node/11435989766","geometry":{"type":"Point","coordinates":[-73.9987762,40.7313998]},"properties":{"natural":"tree","id":"node/11435989766"}},{"type":"Feature","id":"node/11435989767","geometry":{"type":"Point","coordinates":[-73.9986802,40.7312554]},"properties":{"natural":"tree","id":"node/11435989767"}},{"type":"Feature","id":"node/11435996955","geometry":{"type":"Point","coordinates":[-73.998464,40.7313926]},"properties":{"natural":"tree","id":"node/11435996955"}},{"type":"Feature","id":"node/11435996956","geometry":{"type":"Point","coordinates":[-73.9984167,40.7314542]},"properties":{"natural":"tree","id":"node/11435996956"}},{"type":"Feature","id":"node/11435996957","geometry":{"type":"Point","coordinates":[-73.9983654,40.7313337]},"properties":{"natural":"tree","id":"node/11435996957"}},{"type":"Feature","id":"node/11435996964","geometry":{"type":"Point","coordinates":[-73.998513,40.731689]},"properties":{"natural":"tree","id":"node/11435996964"}},{"type":"Feature","id":"node/11435996965","geometry":{"type":"Point","coordinates":[-73.9985583,40.7317192]},"properties":{"natural":"tree","id":"node/11435996965"}},{"type":"Feature","id":"node/11435996966","geometry":{"type":"Point","coordinates":[-73.9986736,40.731637]},"properties":{"natural":"tree","id":"node/11435996966"}},{"type":"Feature","id":"node/11435996967","geometry":{"type":"Point","coordinates":[-73.9986835,40.7315019]},"properties":{"natural":"tree","id":"node/11435996967"}},{"type":"Feature","id":"node/11435996977","geometry":{"type":"Point","coordinates":[-73.9984759,40.7316487]},"properties":{"natural":"tree","id":"node/11435996977"}},{"type":"Feature","id":"node/11435996978","geometry":{"type":"Point","coordinates":[-73.9986224,40.7317723]},"properties":{"natural":"tree","id":"node/11435996978"}},{"type":"Feature","id":"node/11435997077","geometry":{"type":"Point","coordinates":[-73.9979498,40.7311723]},"properties":{"natural":"tree","id":"node/11435997077"}},{"type":"Feature","id":"node/11435997078","geometry":{"type":"Point","coordinates":[-73.9982486,40.7313348]},"properties":{"natural":"tree","id":"node/11435997078"}},{"type":"Feature","id":"node/11435997079","geometry":{"type":"Point","coordinates":[-73.9981121,40.7313534]},"properties":{"natural":"tree","id":"node/11435997079"}},{"type":"Feature","id":"node/11435997080","geometry":{"type":"Point","coordinates":[-73.9983821,40.7310041]},"properties":{"natural":"tree","id":"node/11435997080"}},{"type":"Feature","id":"node/11435997081","geometry":{"type":"Point","coordinates":[-73.998283,40.7309881]},"properties":{"natural":"tree","id":"node/11435997081"}},{"type":"Feature","id":"node/11435997082","geometry":{"type":"Point","coordinates":[-73.9982168,40.7310318]},"properties":{"natural":"tree","id":"node/11435997082"}},{"type":"Feature","id":"node/11435997083","geometry":{"type":"Point","coordinates":[-73.9983145,40.7310556]},"properties":{"natural":"tree","id":"node/11435997083"}},{"type":"Feature","id":"node/11435997084","geometry":{"type":"Point","coordinates":[-73.9983561,40.7316347]},"properties":{"natural":"tree","id":"node/11435997084"}},{"type":"Feature","id":"node/11435997085","geometry":{"type":"Point","coordinates":[-73.9982979,40.7316805]},"properties":{"natural":"tree","id":"node/11435997085"}},{"type":"Feature","id":"node/11435997086","geometry":{"type":"Point","coordinates":[-73.9981454,40.7316917]},"properties":{"natural":"tree","id":"node/11435997086"}},{"type":"Feature","id":"node/11435997087","geometry":{"type":"Point","coordinates":[-73.9983881,40.7316667]},"properties":{"natural":"tree","id":"node/11435997087"}},{"type":"Feature","id":"node/11435997088","geometry":{"type":"Point","coordinates":[-73.9983668,40.7317493]},"properties":{"natural":"tree","id":"node/11435997088"}},{"type":"Feature","id":"node/11435997089","geometry":{"type":"Point","coordinates":[-73.9982631,40.7317484]},"properties":{"natural":"tree","id":"node/11435997089"}},{"type":"Feature","id":"node/11435997090","geometry":{"type":"Point","coordinates":[-73.9983921,40.7317907]},"properties":{"natural":"tree","id":"node/11435997090"}},{"type":"Feature","id":"node/11435997091","geometry":{"type":"Point","coordinates":[-73.9983312,40.7317911]},"properties":{"natural":"tree","id":"node/11435997091"}},{"type":"Feature","id":"node/11435997092","geometry":{"type":"Point","coordinates":[-73.9982778,40.731821]},"properties":{"natural":"tree","id":"node/11435997092"}},{"type":"Feature","id":"node/11435997093","geometry":{"type":"Point","coordinates":[-73.9982059,40.7318065]},"properties":{"natural":"tree","id":"node/11435997093"}},{"type":"Feature","id":"node/11435997094","geometry":{"type":"Point","coordinates":[-73.9981513,40.7317638]},"properties":{"natural":"tree","id":"node/11435997094"}},{"type":"Feature","id":"node/11435997099","geometry":{"type":"Point","coordinates":[-73.9980035,40.7317213]},"properties":{"natural":"tree","id":"node/11435997099"}},{"type":"Feature","id":"node/11435997100","geometry":{"type":"Point","coordinates":[-73.9980155,40.7316708]},"properties":{"natural":"tree","id":"node/11435997100"}},{"type":"Feature","id":"node/11435997101","geometry":{"type":"Point","coordinates":[-73.9979394,40.7316723]},"properties":{"natural":"tree","id":"node/11435997101"}},{"type":"Feature","id":"node/11435997106","geometry":{"type":"Point","coordinates":[-73.9980364,40.7318253]},"properties":{"natural":"tree","id":"node/11435997106"}},{"type":"Feature","id":"node/11435997107","geometry":{"type":"Point","coordinates":[-73.9979775,40.7317957]},"properties":{"natural":"tree","id":"node/11435997107"}},{"type":"Feature","id":"node/11435997108","geometry":{"type":"Point","coordinates":[-73.9979198,40.7317666]},"properties":{"natural":"tree","id":"node/11435997108"}},{"type":"Feature","id":"node/11435997110","geometry":{"type":"Point","coordinates":[-73.9979,40.7316391]},"properties":{"natural":"tree","id":"node/11435997110"}},{"type":"Feature","id":"node/11435997111","geometry":{"type":"Point","coordinates":[-73.9978634,40.7316077]},"properties":{"natural":"tree","id":"node/11435997111"}},{"type":"Feature","id":"node/11435997145","geometry":{"type":"Point","coordinates":[-73.9978539,40.7317211]},"properties":{"natural":"tree","id":"node/11435997145"}},{"type":"Feature","id":"node/11435997146","geometry":{"type":"Point","coordinates":[-73.9977625,40.7316812]},"properties":{"natural":"tree","id":"node/11435997146"}},{"type":"Feature","id":"node/11435997147","geometry":{"type":"Point","coordinates":[-73.9977179,40.7315799]},"properties":{"natural":"tree","id":"node/11435997147"}},{"type":"Feature","id":"node/11435997148","geometry":{"type":"Point","coordinates":[-73.9976802,40.7316397]},"properties":{"natural":"tree","id":"node/11435997148"}},{"type":"Feature","id":"node/11435997212","geometry":{"type":"Point","coordinates":[-73.997854,40.7315065]},"properties":{"natural":"tree","id":"node/11435997212"}},{"type":"Feature","id":"node/11435997213","geometry":{"type":"Point","coordinates":[-73.9977365,40.7313917]},"properties":{"natural":"tree","id":"node/11435997213"}},{"type":"Feature","id":"node/11435997214","geometry":{"type":"Point","coordinates":[-73.9977033,40.7313775]},"properties":{"natural":"tree","id":"node/11435997214"}},{"type":"Feature","id":"node/11435997215","geometry":{"type":"Point","coordinates":[-73.9975781,40.7313426]},"properties":{"natural":"tree","id":"node/11435997215"}},{"type":"Feature","id":"node/11435997216","geometry":{"type":"Point","coordinates":[-73.997527,40.7312]},"properties":{"natural":"tree","id":"node/11435997216"}},{"type":"Feature","id":"node/11435997217","geometry":{"type":"Point","coordinates":[-73.9974845,40.731345]},"properties":{"natural":"tree","id":"node/11435997217"}},{"type":"Feature","id":"node/11435997218","geometry":{"type":"Point","coordinates":[-73.9973894,40.7313229]},"properties":{"natural":"tree","id":"node/11435997218"}},{"type":"Feature","id":"node/11435997219","geometry":{"type":"Point","coordinates":[-73.9973562,40.7312588]},"properties":{"natural":"tree","id":"node/11435997219"}},{"type":"Feature","id":"node/11435997246","geometry":{"type":"Point","coordinates":[-73.9975663,40.7314622]},"properties":{"natural":"tree","id":"node/11435997246"}},{"type":"Feature","id":"node/11435997253","geometry":{"type":"Point","coordinates":[-73.9974689,40.731438]},"properties":{"natural":"tree","id":"node/11435997253"}},{"type":"Feature","id":"node/11435997254","geometry":{"type":"Point","coordinates":[-73.9972256,40.7314222]},"properties":{"natural":"tree","id":"node/11435997254"}},{"type":"Feature","id":"node/11435997255","geometry":{"type":"Point","coordinates":[-73.9972831,40.7314415]},"properties":{"natural":"tree","id":"node/11435997255"}},{"type":"Feature","id":"node/11435997256","geometry":{"type":"Point","coordinates":[-73.9973429,40.7314278]},"properties":{"natural":"tree","id":"node/11435997256"}},{"type":"Feature","id":"node/11435997257","geometry":{"type":"Point","coordinates":[-73.9973623,40.7314903]},"properties":{"natural":"tree","id":"node/11435997257"}},{"type":"Feature","id":"node/11435997258","geometry":{"type":"Point","coordinates":[-73.9974686,40.7315451]},"properties":{"natural":"tree","id":"node/11435997258"}},{"type":"Feature","id":"node/11435997259","geometry":{"type":"Point","coordinates":[-73.9975517,40.7315868]},"properties":{"natural":"tree","id":"node/11435997259"}},{"type":"Feature","id":"node/11435997260","geometry":{"type":"Point","coordinates":[-73.9976126,40.7316152]},"properties":{"natural":"tree","id":"node/11435997260"}},{"type":"Feature","id":"node/11435997329","geometry":{"type":"Point","coordinates":[-73.9985121,40.7321038]},"properties":{"natural":"tree","id":"node/11435997329"}},{"type":"Feature","id":"node/11435997334","geometry":{"type":"Point","coordinates":[-73.9984354,40.7320664]},"properties":{"natural":"tree","id":"node/11435997334"}},{"type":"Feature","id":"node/11435997339","geometry":{"type":"Point","coordinates":[-73.9983678,40.7320329]},"properties":{"natural":"tree","id":"node/11435997339"}},{"type":"Feature","id":"node/11435997344","geometry":{"type":"Point","coordinates":[-73.9982257,40.731964]},"properties":{"natural":"tree","id":"node/11435997344"}},{"type":"Feature","id":"node/11435997349","geometry":{"type":"Point","coordinates":[-73.9982924,40.7319966]},"properties":{"natural":"tree","id":"node/11435997349"}},{"type":"Feature","id":"node/11435997354","geometry":{"type":"Point","coordinates":[-73.9979831,40.7318453]},"properties":{"natural":"tree","id":"node/11435997354"}},{"type":"Feature","id":"node/11435997359","geometry":{"type":"Point","coordinates":[-73.9980622,40.7318837]},"properties":{"natural":"tree","id":"node/11435997359"}},{"type":"Feature","id":"node/11435997365","geometry":{"type":"Point","coordinates":[-73.9978383,40.731775]},"properties":{"natural":"tree","id":"node/11435997365"}},{"type":"Feature","id":"node/11435997370","geometry":{"type":"Point","coordinates":[-73.9977609,40.7317375]},"properties":{"natural":"tree","id":"node/11435997370"}},{"type":"Feature","id":"node/11435997375","geometry":{"type":"Point","coordinates":[-73.997689,40.7317025]},"properties":{"natural":"tree","id":"node/11435997375"}},{"type":"Feature","id":"node/11435997380","geometry":{"type":"Point","coordinates":[-73.9976173,40.7316675]},"properties":{"natural":"tree","id":"node/11435997380"}},{"type":"Feature","id":"node/11435997385","geometry":{"type":"Point","coordinates":[-73.997546,40.7316322]},"properties":{"natural":"tree","id":"node/11435997385"}},{"type":"Feature","id":"node/11435997390","geometry":{"type":"Point","coordinates":[-73.9974767,40.7315982]},"properties":{"natural":"tree","id":"node/11435997390"}},{"type":"Feature","id":"node/11435997395","geometry":{"type":"Point","coordinates":[-73.9973985,40.7315604]},"properties":{"natural":"tree","id":"node/11435997395"}},{"type":"Feature","id":"node/11435997400","geometry":{"type":"Point","coordinates":[-73.9973351,40.7315288]},"properties":{"natural":"tree","id":"node/11435997400"}},{"type":"Feature","id":"node/11435997405","geometry":{"type":"Point","coordinates":[-73.9972644,40.7314943]},"properties":{"natural":"tree","id":"node/11435997405"}},{"type":"Feature","id":"node/11435997450","geometry":{"type":"Point","coordinates":[-73.9981578,40.7308116]},"properties":{"natural":"tree","id":"node/11435997450"}},{"type":"Feature","id":"node/11435997470","geometry":{"type":"Point","coordinates":[-73.9976541,40.7310435]},"properties":{"natural":"tree","id":"node/11435997470"}},{"type":"Feature","id":"node/11435997490","geometry":{"type":"Point","coordinates":[-73.9973866,40.7310893]},"properties":{"natural":"tree","id":"node/11435997490"}},{"type":"Feature","id":"node/11435997510","geometry":{"type":"Point","coordinates":[-73.9971597,40.730974]},"properties":{"natural":"tree","id":"node/11435997510"}},{"type":"Feature","id":"node/11435997530","geometry":{"type":"Point","coordinates":[-73.9971039,40.7307738]},"properties":{"natural":"tree","id":"node/11435997530"}},{"type":"Feature","id":"node/11435997550","geometry":{"type":"Point","coordinates":[-73.9972542,40.7306005]},"properties":{"natural":"tree","id":"node/11435997550"}},{"type":"Feature","id":"node/11435997570","geometry":{"type":"Point","coordinates":[-73.9975152,40.7305551]},"properties":{"natural":"tree","id":"node/11435997570"}},{"type":"Feature","id":"node/11435997590","geometry":{"type":"Point","coordinates":[-73.9977457,40.7306672]},"properties":{"natural":"tree","id":"node/11435997590"}},{"type":"Feature","id":"node/11435997610","geometry":{"type":"Point","coordinates":[-73.9978015,40.7308737]},"properties":{"natural":"tree","id":"node/11435997610"}},{"type":"Feature","id":"node/11435997611","geometry":{"type":"Point","coordinates":[-73.99845,40.7309002]},"properties":{"natural":"tree","id":"node/11435997611"}},{"type":"Feature","id":"node/11435997612","geometry":{"type":"Point","coordinates":[-73.9985449,40.7308788]},"properties":{"natural":"tree","id":"node/11435997612"}},{"type":"Feature","id":"node/11435997613","geometry":{"type":"Point","coordinates":[-73.9986424,40.7308724]},"properties":{"natural":"tree","id":"node/11435997613"}},{"type":"Feature","id":"node/11435997614","geometry":{"type":"Point","coordinates":[-73.9980431,40.7305924]},"properties":{"natural":"tree","id":"node/11435997614"}},{"type":"Feature","id":"node/11435997615","geometry":{"type":"Point","coordinates":[-73.9978145,40.7305335]},"properties":{"natural":"tree","id":"node/11435997615"}},{"type":"Feature","id":"node/11436260400","geometry":{"type":"Point","coordinates":[-73.9970346,40.7309764]},"properties":{"natural":"tree","id":"node/11436260400"}},{"type":"Feature","id":"node/11436260401","geometry":{"type":"Point","coordinates":[-73.9970173,40.7308909]},"properties":{"natural":"tree","id":"node/11436260401"}},{"type":"Feature","id":"node/11436260402","geometry":{"type":"Point","coordinates":[-73.9970043,40.7307939]},"properties":{"natural":"tree","id":"node/11436260402"}},{"type":"Feature","id":"node/11436266330","geometry":{"type":"Point","coordinates":[-73.998099,40.730427]},"properties":{"natural":"tree","id":"node/11436266330"}},{"type":"Feature","id":"node/11436266349","geometry":{"type":"Point","coordinates":[-73.9984924,40.73082]},"properties":{"natural":"tree","id":"node/11436266349"}},{"type":"Feature","id":"node/11436266360","geometry":{"type":"Point","coordinates":[-73.9986779,40.7308026]},"properties":{"natural":"tree","id":"node/11436266360"}},{"type":"Feature","id":"node/11436266361","geometry":{"type":"Point","coordinates":[-73.9987229,40.7307796]},"properties":{"natural":"tree","id":"node/11436266361"}},{"type":"Feature","id":"node/11436266362","geometry":{"type":"Point","coordinates":[-73.9987529,40.7308035]},"properties":{"natural":"tree","id":"node/11436266362"}},{"type":"Feature","id":"node/11436266363","geometry":{"type":"Point","coordinates":[-73.9988175,40.7307802]},"properties":{"natural":"tree","id":"node/11436266363"}},{"type":"Feature","id":"node/11436266364","geometry":{"type":"Point","coordinates":[-73.9987463,40.7307481]},"properties":{"natural":"tree","id":"node/11436266364"}},{"type":"Feature","id":"node/11436266368","geometry":{"type":"Point","coordinates":[-73.9985591,40.730648]},"properties":{"natural":"tree","id":"node/11436266368"}},{"type":"Feature","id":"node/11436266369","geometry":{"type":"Point","coordinates":[-73.9984672,40.7306027]},"properties":{"natural":"tree","id":"node/11436266369"}},{"type":"Feature","id":"node/11436266370","geometry":{"type":"Point","coordinates":[-73.9982523,40.7304967]},"properties":{"natural":"tree","id":"node/11436266370"}},{"type":"Feature","id":"node/11436266385","geometry":{"type":"Point","coordinates":[-73.9977798,40.7302883]},"properties":{"natural":"tree","id":"node/11436266385"}},{"type":"Feature","id":"node/11436266386","geometry":{"type":"Point","coordinates":[-73.9979172,40.7303434]},"properties":{"natural":"tree","id":"node/11436266386"}},{"type":"Feature","id":"node/11436266414","geometry":{"type":"Point","coordinates":[-73.9986598,40.7306493]},"properties":{"natural":"tree","id":"node/11436266414"}},{"type":"Feature","id":"node/11436266419","geometry":{"type":"Point","coordinates":[-73.9985782,40.7306081]},"properties":{"natural":"tree","id":"node/11436266419"}},{"type":"Feature","id":"node/11436266424","geometry":{"type":"Point","coordinates":[-73.998495,40.7305673]},"properties":{"natural":"tree","id":"node/11436266424"}},{"type":"Feature","id":"node/11436266429","geometry":{"type":"Point","coordinates":[-73.9984042,40.7305221]},"properties":{"natural":"tree","id":"node/11436266429"}},{"type":"Feature","id":"node/11436266434","geometry":{"type":"Point","coordinates":[-73.9981921,40.7304182]},"properties":{"natural":"tree","id":"node/11436266434"}},{"type":"Feature","id":"node/11436266439","geometry":{"type":"Point","coordinates":[-73.9982977,40.7304696]},"properties":{"natural":"tree","id":"node/11436266439"}},{"type":"Feature","id":"node/11436266451","geometry":{"type":"Point","coordinates":[-73.9987138,40.7308736]},"properties":{"natural":"tree","id":"node/11436266451"}},{"type":"Feature","id":"node/11436266452","geometry":{"type":"Point","coordinates":[-73.9988377,40.7309231]},"properties":{"natural":"tree","id":"node/11436266452"}},{"type":"Feature","id":"node/11436266453","geometry":{"type":"Point","coordinates":[-73.9987584,40.730961]},"properties":{"natural":"tree","id":"node/11436266453"}},{"type":"Feature","id":"node/11436266454","geometry":{"type":"Point","coordinates":[-73.9985938,40.7309746]},"properties":{"natural":"tree","id":"node/11436266454"}},{"type":"Feature","id":"node/11436266467","geometry":{"type":"Point","coordinates":[-73.9987763,40.7311075]},"properties":{"natural":"tree","id":"node/11436266467"}},{"type":"Feature","id":"node/11436266596","geometry":{"type":"Point","coordinates":[-73.9976831,40.7304441]},"properties":{"natural":"tree","id":"node/11436266596"}},{"type":"Feature","id":"node/11436266597","geometry":{"type":"Point","coordinates":[-73.9975293,40.7304512]},"properties":{"natural":"tree","id":"node/11436266597"}},{"type":"Feature","id":"node/11436266598","geometry":{"type":"Point","coordinates":[-73.9974817,40.7304565]},"properties":{"natural":"tree","id":"node/11436266598"}},{"type":"Feature","id":"node/11436266599","geometry":{"type":"Point","coordinates":[-73.9974646,40.7304938]},"properties":{"natural":"tree","id":"node/11436266599"}},{"type":"Feature","id":"node/11436266600","geometry":{"type":"Point","coordinates":[-73.9974209,40.7304973]},"properties":{"natural":"tree","id":"node/11436266600"}},{"type":"Feature","id":"node/11436266601","geometry":{"type":"Point","coordinates":[-73.99725,40.7305015]},"properties":{"natural":"tree","id":"node/11436266601"}},{"type":"Feature","id":"node/11436266622","geometry":{"type":"Point","coordinates":[-73.9972563,40.7302392]},"properties":{"natural":"tree","id":"node/11436266622"}},{"type":"Feature","id":"node/11436266623","geometry":{"type":"Point","coordinates":[-73.9972024,40.7302948]},"properties":{"natural":"tree","id":"node/11436266623"}},{"type":"Feature","id":"node/11436266624","geometry":{"type":"Point","coordinates":[-73.9973273,40.7303054]},"properties":{"natural":"tree","id":"node/11436266624"}},{"type":"Feature","id":"node/11436266625","geometry":{"type":"Point","coordinates":[-73.9974124,40.7302616]},"properties":{"natural":"tree","id":"node/11436266625"}},{"type":"Feature","id":"node/11436266626","geometry":{"type":"Point","coordinates":[-73.9973187,40.7301641]},"properties":{"natural":"tree","id":"node/11436266626"}},{"type":"Feature","id":"node/11436266627","geometry":{"type":"Point","coordinates":[-73.9972672,40.7301925]},"properties":{"natural":"tree","id":"node/11436266627"}},{"type":"Feature","id":"node/11436266748","geometry":{"type":"Point","coordinates":[-73.9976901,40.7302575]},"properties":{"natural":"tree","id":"node/11436266748"}},{"type":"Feature","id":"node/11436266749","geometry":{"type":"Point","coordinates":[-73.9974198,40.7301155]},"properties":{"natural":"tree","id":"node/11436266749"}},{"type":"Feature","id":"node/11436266750","geometry":{"type":"Point","coordinates":[-73.9973564,40.7300664]},"properties":{"natural":"tree","id":"node/11436266750"}},{"type":"Feature","id":"node/11436266793","geometry":{"type":"Point","coordinates":[-73.9968794,40.7304438]},"properties":{"natural":"tree","id":"node/11436266793"}},{"type":"Feature","id":"node/11436266860","geometry":{"type":"Point","coordinates":[-73.9969068,40.7303034]},"properties":{"natural":"tree","id":"node/11436266860"}},{"type":"Feature","id":"node/11436266861","geometry":{"type":"Point","coordinates":[-73.9970658,40.7303422]},"properties":{"natural":"tree","id":"node/11436266861"}},{"type":"Feature","id":"node/11436266868","geometry":{"type":"Point","coordinates":[-73.9968431,40.7301379]},"properties":{"natural":"tree","id":"node/11436266868"}},{"type":"Feature","id":"node/11436266869","geometry":{"type":"Point","coordinates":[-73.9968263,40.7302194]},"properties":{"natural":"tree","id":"node/11436266869"}},{"type":"Feature","id":"node/11436266870","geometry":{"type":"Point","coordinates":[-73.9967718,40.7300874]},"properties":{"natural":"tree","id":"node/11436266870"}},{"type":"Feature","id":"node/11436266871","geometry":{"type":"Point","coordinates":[-73.997106,40.7301572]},"properties":{"natural":"tree","id":"node/11436266871"}},{"type":"Feature","id":"node/11436266872","geometry":{"type":"Point","coordinates":[-73.9969586,40.7300085]},"properties":{"natural":"tree","id":"node/11436266872"}},{"type":"Feature","id":"node/11436266875","geometry":{"type":"Point","coordinates":[-73.9967569,40.7300099]},"properties":{"natural":"tree","id":"node/11436266875"}},{"type":"Feature","id":"node/11436266876","geometry":{"type":"Point","coordinates":[-73.9968086,40.7300233]},"properties":{"natural":"tree","id":"node/11436266876"}},{"type":"Feature","id":"node/11436266877","geometry":{"type":"Point","coordinates":[-73.9968517,40.7299941]},"properties":{"natural":"tree","id":"node/11436266877"}},{"type":"Feature","id":"node/11436266896","geometry":{"type":"Point","coordinates":[-73.9971764,40.7300753]},"properties":{"natural":"tree","id":"node/11436266896"}},{"type":"Feature","id":"node/11436266897","geometry":{"type":"Point","coordinates":[-73.9971676,40.7301173]},"properties":{"natural":"tree","id":"node/11436266897"}},{"type":"Feature","id":"node/11436266898","geometry":{"type":"Point","coordinates":[-73.9970769,40.7300332]},"properties":{"natural":"tree","id":"node/11436266898"}},{"type":"Feature","id":"node/11436266942","geometry":{"type":"Point","coordinates":[-73.9972567,40.7300142]},"properties":{"natural":"tree","id":"node/11436266942"}},{"type":"Feature","id":"node/11436266943","geometry":{"type":"Point","coordinates":[-73.9971994,40.7299889]},"properties":{"natural":"tree","id":"node/11436266943"}},{"type":"Feature","id":"node/11436266944","geometry":{"type":"Point","coordinates":[-73.9971547,40.7299544]},"properties":{"natural":"tree","id":"node/11436266944"}},{"type":"Feature","id":"node/11436266945","geometry":{"type":"Point","coordinates":[-73.9969987,40.729909]},"properties":{"natural":"tree","id":"node/11436266945"}},{"type":"Feature","id":"node/11436266957","geometry":{"type":"Point","coordinates":[-73.9969402,40.7298617]},"properties":{"natural":"tree","id":"node/11436266957"}},{"type":"Feature","id":"node/11436266958","geometry":{"type":"Point","coordinates":[-73.9968356,40.7298431]},"properties":{"natural":"tree","id":"node/11436266958"}},{"type":"Feature","id":"node/11436266959","geometry":{"type":"Point","coordinates":[-73.9968233,40.7298965]},"properties":{"natural":"tree","id":"node/11436266959"}},{"type":"Feature","id":"node/11436266960","geometry":{"type":"Point","coordinates":[-73.996768,40.7299115]},"properties":{"natural":"tree","id":"node/11436266960"}},{"type":"Feature","id":"node/11436266961","geometry":{"type":"Point","coordinates":[-73.9967491,40.729866]},"properties":{"natural":"tree","id":"node/11436266961"}},{"type":"Feature","id":"node/11436266962","geometry":{"type":"Point","coordinates":[-73.9966677,40.729738]},"properties":{"natural":"tree","id":"node/11436266962"}},{"type":"Feature","id":"node/11436266963","geometry":{"type":"Point","coordinates":[-73.9967439,40.7297803]},"properties":{"natural":"tree","id":"node/11436266963"}},{"type":"Feature","id":"node/11436266964","geometry":{"type":"Point","coordinates":[-73.9966862,40.7298158]},"properties":{"natural":"tree","id":"node/11436266964"}},{"type":"Feature","id":"node/11436609580","geometry":{"type":"Point","coordinates":[-73.9967196,40.730519]},"properties":{"natural":"tree","id":"node/11436609580"}},{"type":"Feature","id":"node/11436609583","geometry":{"type":"Point","coordinates":[-73.9968334,40.7306462]},"properties":{"natural":"tree","id":"node/11436609583"}},{"type":"Feature","id":"node/11436609633","geometry":{"type":"Point","coordinates":[-73.9967039,40.7306162]},"properties":{"natural":"tree","id":"node/11436609633"}},{"type":"Feature","id":"node/11436609634","geometry":{"type":"Point","coordinates":[-73.9967491,40.7306524]},"properties":{"natural":"tree","id":"node/11436609634"}},{"type":"Feature","id":"node/11436609641","geometry":{"type":"Point","coordinates":[-73.9969603,40.7307103]},"properties":{"natural":"tree","id":"node/11436609641"}},{"type":"Feature","id":"node/11436609642","geometry":{"type":"Point","coordinates":[-73.9968873,40.7307267]},"properties":{"natural":"tree","id":"node/11436609642"}},{"type":"Feature","id":"node/11436609643","geometry":{"type":"Point","coordinates":[-73.996815,40.7306984]},"properties":{"natural":"tree","id":"node/11436609643"}},{"type":"Feature","id":"node/11436609644","geometry":{"type":"Point","coordinates":[-73.996615,40.7306468]},"properties":{"natural":"tree","id":"node/11436609644"}},{"type":"Feature","id":"node/11436609645","geometry":{"type":"Point","coordinates":[-73.9964318,40.730692]},"properties":{"natural":"tree","id":"node/11436609645"}},{"type":"Feature","id":"node/11436609646","geometry":{"type":"Point","coordinates":[-73.9965523,40.7306492]},"properties":{"natural":"tree","id":"node/11436609646"}},{"type":"Feature","id":"node/11436609647","geometry":{"type":"Point","coordinates":[-73.9964924,40.7306322]},"properties":{"natural":"tree","id":"node/11436609647"}},{"type":"Feature","id":"node/11436610684","geometry":{"type":"Point","coordinates":[-73.9969486,40.7310777]},"properties":{"natural":"tree","id":"node/11436610684"}},{"type":"Feature","id":"node/11436610685","geometry":{"type":"Point","coordinates":[-73.9968603,40.7310869]},"properties":{"natural":"tree","id":"node/11436610685"}},{"type":"Feature","id":"node/11436610686","geometry":{"type":"Point","coordinates":[-73.99694,40.7310303]},"properties":{"natural":"tree","id":"node/11436610686"}},{"type":"Feature","id":"node/11436610687","geometry":{"type":"Point","coordinates":[-73.996848,40.7309234]},"properties":{"natural":"tree","id":"node/11436610687"}},{"type":"Feature","id":"node/11436610688","geometry":{"type":"Point","coordinates":[-73.9968492,40.7308207]},"properties":{"natural":"tree","id":"node/11436610688"}},{"type":"Feature","id":"node/11436610689","geometry":{"type":"Point","coordinates":[-73.9967082,40.7309448]},"properties":{"natural":"tree","id":"node/11436610689"}},{"type":"Feature","id":"node/11436610690","geometry":{"type":"Point","coordinates":[-73.9967873,40.7310191]},"properties":{"natural":"tree","id":"node/11436610690"}},{"type":"Feature","id":"node/11436610691","geometry":{"type":"Point","coordinates":[-73.9969461,40.7309513]},"properties":{"natural":"tree","id":"node/11436610691"}},{"type":"Feature","id":"node/11436610718","geometry":{"type":"Point","coordinates":[-73.9965907,40.7309986]},"properties":{"natural":"tree","id":"node/11436610718"}},{"type":"Feature","id":"node/11436610719","geometry":{"type":"Point","coordinates":[-73.9965042,40.7309515]},"properties":{"natural":"tree","id":"node/11436610719"}},{"type":"Feature","id":"node/11436610722","geometry":{"type":"Point","coordinates":[-73.9966759,40.7310679]},"properties":{"natural":"tree","id":"node/11436610722"}},{"type":"Feature","id":"node/11436610746","geometry":{"type":"Point","coordinates":[-73.9967807,40.7311504]},"properties":{"natural":"tree","id":"node/11436610746"}},{"type":"Feature","id":"node/11436610747","geometry":{"type":"Point","coordinates":[-73.9968242,40.7311815]},"properties":{"natural":"tree","id":"node/11436610747"}},{"type":"Feature","id":"node/11436610748","geometry":{"type":"Point","coordinates":[-73.996837,40.7312226]},"properties":{"natural":"tree","id":"node/11436610748"}},{"type":"Feature","id":"node/11436610749","geometry":{"type":"Point","coordinates":[-73.9964166,40.7309152]},"properties":{"natural":"tree","id":"node/11436610749"}},{"type":"Feature","id":"node/11436610763","geometry":{"type":"Point","coordinates":[-73.9964873,40.7310601]},"properties":{"natural":"tree","id":"node/11436610763"}},{"type":"Feature","id":"node/11436610764","geometry":{"type":"Point","coordinates":[-73.9966002,40.7311119]},"properties":{"natural":"tree","id":"node/11436610764"}},{"type":"Feature","id":"node/11436610765","geometry":{"type":"Point","coordinates":[-73.9965663,40.7310665]},"properties":{"natural":"tree","id":"node/11436610765"}},{"type":"Feature","id":"node/11436610766","geometry":{"type":"Point","coordinates":[-73.9964353,40.7310289]},"properties":{"natural":"tree","id":"node/11436610766"}},{"type":"Feature","id":"node/11436610767","geometry":{"type":"Point","coordinates":[-73.9964076,40.7309724]},"properties":{"natural":"tree","id":"node/11436610767"}},{"type":"Feature","id":"node/11436610768","geometry":{"type":"Point","coordinates":[-73.996367,40.7309852]},"properties":{"natural":"tree","id":"node/11436610768"}},{"type":"Feature","id":"node/11436610769","geometry":{"type":"Point","coordinates":[-73.9963162,40.7309565]},"properties":{"natural":"tree","id":"node/11436610769"}},{"type":"Feature","id":"node/11436610770","geometry":{"type":"Point","coordinates":[-73.9963399,40.7309172]},"properties":{"natural":"tree","id":"node/11436610770"}},{"type":"Feature","id":"node/11436610771","geometry":{"type":"Point","coordinates":[-73.996306,40.7308868]},"properties":{"natural":"tree","id":"node/11436610771"}},{"type":"Feature","id":"node/11436610772","geometry":{"type":"Point","coordinates":[-73.996249,40.7308795]},"properties":{"natural":"tree","id":"node/11436610772"}},{"type":"Feature","id":"node/11436610773","geometry":{"type":"Point","coordinates":[-73.9962021,40.7309052]},"properties":{"natural":"tree","id":"node/11436610773"}},{"type":"Feature","id":"node/11436610774","geometry":{"type":"Point","coordinates":[-73.9961857,40.7308444]},"properties":{"natural":"tree","id":"node/11436610774"}},{"type":"Feature","id":"node/11436610775","geometry":{"type":"Point","coordinates":[-73.9961688,40.7308808]},"properties":{"natural":"tree","id":"node/11436610775"}},{"type":"Feature","id":"node/11436610781","geometry":{"type":"Point","coordinates":[-73.9964987,40.730845]},"properties":{"natural":"tree","id":"node/11436610781"}},{"type":"Feature","id":"node/11436610782","geometry":{"type":"Point","coordinates":[-73.9963964,40.7308164]},"properties":{"natural":"tree","id":"node/11436610782"}},{"type":"Feature","id":"node/11436610783","geometry":{"type":"Point","coordinates":[-73.9963491,40.7307954]},"properties":{"natural":"tree","id":"node/11436610783"}},{"type":"Feature","id":"node/11436610794","geometry":{"type":"Point","coordinates":[-73.9960573,40.7308369]},"properties":{"natural":"tree","id":"node/11436610794"}},{"type":"Feature","id":"node/11436610795","geometry":{"type":"Point","coordinates":[-73.9960687,40.7307794]},"properties":{"natural":"tree","id":"node/11436610795"}},{"type":"Feature","id":"node/11436610796","geometry":{"type":"Point","coordinates":[-73.9959922,40.7307967]},"properties":{"natural":"tree","id":"node/11436610796"}},{"type":"Feature","id":"node/11436610797","geometry":{"type":"Point","coordinates":[-73.9959853,40.7307415]},"properties":{"natural":"tree","id":"node/11436610797"}},{"type":"Feature","id":"node/11436610798","geometry":{"type":"Point","coordinates":[-73.9959035,40.7307599]},"properties":{"natural":"tree","id":"node/11436610798"}},{"type":"Feature","id":"node/11436610799","geometry":{"type":"Point","coordinates":[-73.9958005,40.7307214]},"properties":{"natural":"tree","id":"node/11436610799"}},{"type":"Feature","id":"node/11436610800","geometry":{"type":"Point","coordinates":[-73.9959096,40.73071]},"properties":{"natural":"tree","id":"node/11436610800"}},{"type":"Feature","id":"node/11436610840","geometry":{"type":"Point","coordinates":[-73.9957746,40.7307648]},"properties":{"natural":"tree","id":"node/11436610840"}},{"type":"Feature","id":"node/11436610845","geometry":{"type":"Point","coordinates":[-73.99592,40.7308357]},"properties":{"natural":"tree","id":"node/11436610845"}},{"type":"Feature","id":"node/11436610867","geometry":{"type":"Point","coordinates":[-73.9962175,40.7309819]},"properties":{"natural":"tree","id":"node/11436610867"}},{"type":"Feature","id":"node/11436610872","geometry":{"type":"Point","coordinates":[-73.9962915,40.7310169]},"properties":{"natural":"tree","id":"node/11436610872"}},{"type":"Feature","id":"node/11436610882","geometry":{"type":"Point","coordinates":[-73.9964456,40.7310919]},"properties":{"natural":"tree","id":"node/11436610882"}},{"type":"Feature","id":"node/11436610895","geometry":{"type":"Point","coordinates":[-73.9966529,40.7311938]},"properties":{"natural":"tree","id":"node/11436610895"}},{"type":"Feature","id":"node/11436610921","geometry":{"type":"Point","coordinates":[-73.9963206,40.7306567]},"properties":{"natural":"tree","id":"node/11436610921"}},{"type":"Feature","id":"node/11436610922","geometry":{"type":"Point","coordinates":[-73.9962349,40.7306691]},"properties":{"natural":"tree","id":"node/11436610922"}},{"type":"Feature","id":"node/11436610946","geometry":{"type":"Point","coordinates":[-73.9962237,40.7307477]},"properties":{"natural":"tree","id":"node/11436610946"}},{"type":"Feature","id":"node/11436610947","geometry":{"type":"Point","coordinates":[-73.9963782,40.7307606]},"properties":{"natural":"tree","id":"node/11436610947"}},{"type":"Feature","id":"node/11436610959","geometry":{"type":"Point","coordinates":[-73.9964703,40.7304888]},"properties":{"natural":"tree","id":"node/11436610959"}},{"type":"Feature","id":"node/11436610960","geometry":{"type":"Point","coordinates":[-73.9962169,40.7305785]},"properties":{"natural":"tree","id":"node/11436610960"}},{"type":"Feature","id":"node/11436610977","geometry":{"type":"Point","coordinates":[-73.9962094,40.730472]},"properties":{"natural":"tree","id":"node/11436610977"}},{"type":"Feature","id":"node/11436610978","geometry":{"type":"Point","coordinates":[-73.9962366,40.730398]},"properties":{"natural":"tree","id":"node/11436610978"}},{"type":"Feature","id":"node/11436610979","geometry":{"type":"Point","coordinates":[-73.9963154,40.7305519]},"properties":{"natural":"tree","id":"node/11436610979"}},{"type":"Feature","id":"node/11436610980","geometry":{"type":"Point","coordinates":[-73.9963552,40.7303456]},"properties":{"natural":"tree","id":"node/11436610980"}},{"type":"Feature","id":"node/11436610981","geometry":{"type":"Point","coordinates":[-73.996305,40.730325]},"properties":{"natural":"tree","id":"node/11436610981"}},{"type":"Feature","id":"node/11436610982","geometry":{"type":"Point","coordinates":[-73.9962652,40.7303615]},"properties":{"natural":"tree","id":"node/11436610982"}},{"type":"Feature","id":"node/11436611026","geometry":{"type":"Point","coordinates":[-73.9965901,40.7302919]},"properties":{"natural":"tree","id":"node/11436611026"}},{"type":"Feature","id":"node/11436611027","geometry":{"type":"Point","coordinates":[-73.9966995,40.7302315]},"properties":{"natural":"tree","id":"node/11436611027"}},{"type":"Feature","id":"node/11436611028","geometry":{"type":"Point","coordinates":[-73.9966909,40.7302783]},"properties":{"natural":"tree","id":"node/11436611028"}},{"type":"Feature","id":"node/11436611029","geometry":{"type":"Point","coordinates":[-73.9966405,40.7300251]},"properties":{"natural":"tree","id":"node/11436611029"}},{"type":"Feature","id":"node/11436611030","geometry":{"type":"Point","coordinates":[-73.9965714,40.7300873]},"properties":{"natural":"tree","id":"node/11436611030"}},{"type":"Feature","id":"node/11436611031","geometry":{"type":"Point","coordinates":[-73.9965316,40.7300602]},"properties":{"natural":"tree","id":"node/11436611031"}},{"type":"Feature","id":"node/11436611032","geometry":{"type":"Point","coordinates":[-73.9964543,40.7302537]},"properties":{"natural":"tree","id":"node/11436611032"}},{"type":"Feature","id":"node/11436611033","geometry":{"type":"Point","coordinates":[-73.9963746,40.7302198]},"properties":{"natural":"tree","id":"node/11436611033"}},{"type":"Feature","id":"node/11436611034","geometry":{"type":"Point","coordinates":[-73.9964202,40.7301656]},"properties":{"natural":"tree","id":"node/11436611034"}},{"type":"Feature","id":"node/11436611114","geometry":{"type":"Point","coordinates":[-73.9965448,40.7297617]},"properties":{"natural":"tree","id":"node/11436611114"}},{"type":"Feature","id":"node/11436611115","geometry":{"type":"Point","coordinates":[-73.9965015,40.7298043]},"properties":{"natural":"tree","id":"node/11436611115"}},{"type":"Feature","id":"node/11436611116","geometry":{"type":"Point","coordinates":[-73.9965827,40.7298334]},"properties":{"natural":"tree","id":"node/11436611116"}},{"type":"Feature","id":"node/11436611117","geometry":{"type":"Point","coordinates":[-73.996567,40.7298915]},"properties":{"natural":"tree","id":"node/11436611117"}},{"type":"Feature","id":"node/11436611118","geometry":{"type":"Point","coordinates":[-73.9964484,40.7299091]},"properties":{"natural":"tree","id":"node/11436611118"}},{"type":"Feature","id":"node/11436611119","geometry":{"type":"Point","coordinates":[-73.9964075,40.7299453]},"properties":{"natural":"tree","id":"node/11436611119"}},{"type":"Feature","id":"node/11436611120","geometry":{"type":"Point","coordinates":[-73.9964624,40.7299966]},"properties":{"natural":"tree","id":"node/11436611120"}},{"type":"Feature","id":"node/11436611121","geometry":{"type":"Point","coordinates":[-73.9964258,40.730022]},"properties":{"natural":"tree","id":"node/11436611121"}},{"type":"Feature","id":"node/11436611122","geometry":{"type":"Point","coordinates":[-73.9963961,40.7300002]},"properties":{"natural":"tree","id":"node/11436611122"}},{"type":"Feature","id":"node/11436611123","geometry":{"type":"Point","coordinates":[-73.9963446,40.7299765]},"properties":{"natural":"tree","id":"node/11436611123"}},{"type":"Feature","id":"node/11436611124","geometry":{"type":"Point","coordinates":[-73.9963228,40.7301167]},"properties":{"natural":"tree","id":"node/11436611124"}},{"type":"Feature","id":"node/11436611125","geometry":{"type":"Point","coordinates":[-73.9962962,40.7301374]},"properties":{"natural":"tree","id":"node/11436611125"}},{"type":"Feature","id":"node/11436611126","geometry":{"type":"Point","coordinates":[-73.9962572,40.7301131]},"properties":{"natural":"tree","id":"node/11436611126"}},{"type":"Feature","id":"node/11436611127","geometry":{"type":"Point","coordinates":[-73.9962486,40.7301699]},"properties":{"natural":"tree","id":"node/11436611127"}},{"type":"Feature","id":"node/11436611128","geometry":{"type":"Point","coordinates":[-73.9962018,40.7301551]},"properties":{"natural":"tree","id":"node/11436611128"}},{"type":"Feature","id":"node/11436611212","geometry":{"type":"Point","coordinates":[-73.9974811,40.7300686]},"properties":{"natural":"tree","id":"node/11436611212"}},{"type":"Feature","id":"node/11436611224","geometry":{"type":"Point","coordinates":[-73.9971753,40.7299189]},"properties":{"natural":"tree","id":"node/11436611224"}},{"type":"Feature","id":"node/11436611229","geometry":{"type":"Point","coordinates":[-73.9970735,40.7298698]},"properties":{"natural":"tree","id":"node/11436611229"}},{"type":"Feature","id":"node/11436611234","geometry":{"type":"Point","coordinates":[-73.9967801,40.7297251]},"properties":{"natural":"tree","id":"node/11436611234"}},{"type":"Feature","id":"node/11436611259","geometry":{"type":"Point","coordinates":[-73.9964078,40.7298423]},"properties":{"natural":"tree","id":"node/11436611259"}},{"type":"Feature","id":"node/11436611282","geometry":{"type":"Point","coordinates":[-73.996073,40.7302313]},"properties":{"natural":"tree","id":"node/11436611282"}},{"type":"Feature","id":"node/11436611287","geometry":{"type":"Point","coordinates":[-73.9960157,40.7302992]},"properties":{"natural":"tree","id":"node/11436611287"}},{"type":"Feature","id":"node/11436611292","geometry":{"type":"Point","coordinates":[-73.9959672,40.7303541]},"properties":{"natural":"tree","id":"node/11436611292"}},{"type":"Feature","id":"node/11436611302","geometry":{"type":"Point","coordinates":[-73.9961479,40.7302473]},"properties":{"natural":"tree","id":"node/11436611302"}},{"type":"Feature","id":"node/11436611303","geometry":{"type":"Point","coordinates":[-73.9961692,40.7302926]},"properties":{"natural":"tree","id":"node/11436611303"}},{"type":"Feature","id":"node/11436611304","geometry":{"type":"Point","coordinates":[-73.9961111,40.7302813]},"properties":{"natural":"tree","id":"node/11436611304"}},{"type":"Feature","id":"node/11436611305","geometry":{"type":"Point","coordinates":[-73.9961543,40.7303297]},"properties":{"natural":"tree","id":"node/11436611305"}},{"type":"Feature","id":"node/11436611306","geometry":{"type":"Point","coordinates":[-73.9960558,40.7303315]},"properties":{"natural":"tree","id":"node/11436611306"}},{"type":"Feature","id":"node/11436611307","geometry":{"type":"Point","coordinates":[-73.996015,40.7303912]},"properties":{"natural":"tree","id":"node/11436611307"}},{"type":"Feature","id":"node/11436611308","geometry":{"type":"Point","coordinates":[-73.9960489,40.7304423]},"properties":{"natural":"tree","id":"node/11436611308"}},{"type":"Feature","id":"node/11436611309","geometry":{"type":"Point","coordinates":[-73.9959988,40.7304287]},"properties":{"natural":"tree","id":"node/11436611309"}},{"type":"Feature","id":"node/11436611310","geometry":{"type":"Point","coordinates":[-73.996019,40.7304881]},"properties":{"natural":"tree","id":"node/11436611310"}},{"type":"Feature","id":"node/11436611311","geometry":{"type":"Point","coordinates":[-73.9959718,40.7304663]},"properties":{"natural":"tree","id":"node/11436611311"}},{"type":"Feature","id":"node/11436611312","geometry":{"type":"Point","coordinates":[-73.9959131,40.7305051]},"properties":{"natural":"tree","id":"node/11436611312"}},{"type":"Feature","id":"node/11436611313","geometry":{"type":"Point","coordinates":[-73.9959062,40.730526]},"properties":{"natural":"tree","id":"node/11436611313"}},{"type":"Feature","id":"node/11436611314","geometry":{"type":"Point","coordinates":[-73.9959868,40.730557]},"properties":{"natural":"tree","id":"node/11436611314"}},{"type":"Feature","id":"node/11436611315","geometry":{"type":"Point","coordinates":[-73.9959539,40.7305941]},"properties":{"natural":"tree","id":"node/11436611315"}},{"type":"Feature","id":"node/11436611316","geometry":{"type":"Point","coordinates":[-73.9959165,40.7305631]},"properties":{"natural":"tree","id":"node/11436611316"}},{"type":"Feature","id":"node/11436611317","geometry":{"type":"Point","coordinates":[-73.9958497,40.7305906]},"properties":{"natural":"tree","id":"node/11436611317"}},{"type":"Feature","id":"node/11436611318","geometry":{"type":"Point","coordinates":[-73.99581,40.7306355]},"properties":{"natural":"tree","id":"node/11436611318"}},{"type":"Feature","id":"node/11436611319","geometry":{"type":"Point","coordinates":[-73.9958866,40.7306159]},"properties":{"natural":"tree","id":"node/11436611319"}},{"type":"Feature","id":"node/11436611344","geometry":{"type":"Point","coordinates":[-73.9960655,40.7305535]},"properties":{"natural":"tree","id":"node/11436611344"}},{"type":"Feature","id":"node/11436611430","geometry":{"type":"Point","coordinates":[-73.9958026,40.73055]},"properties":{"natural":"tree","id":"node/11436611430"}},{"type":"Feature","id":"node/11436611432","geometry":{"type":"Point","coordinates":[-73.9966377,40.7307611]},"properties":{"natural":"tree","id":"node/11436611432"}},{"type":"Feature","id":"node/11436611433","geometry":{"type":"Point","coordinates":[-73.9965815,40.7307344]},"properties":{"natural":"tree","id":"node/11436611433"}},{"type":"Feature","id":"node/11436611434","geometry":{"type":"Point","coordinates":[-73.9968719,40.7303878]},"properties":{"natural":"tree","id":"node/11436611434"}},{"type":"Feature","id":"node/12032232392","geometry":{"type":"Point","coordinates":[-73.9984791,40.7297746]},"properties":{"natural":"tree","id":"node/12032232392"}},{"type":"Feature","id":"node/12032232393","geometry":{"type":"Point","coordinates":[-73.9985445,40.7298511]},"properties":{"natural":"tree","id":"node/12032232393"}},{"type":"Feature","id":"node/12032232394","geometry":{"type":"Point","coordinates":[-73.9984627,40.7299415]},"properties":{"natural":"tree","id":"node/12032232394"}},{"type":"Feature","id":"node/12032232395","geometry":{"type":"Point","coordinates":[-73.9984332,40.7299863]},"properties":{"natural":"tree","id":"node/12032232395"}},{"type":"Feature","id":"node/12032232396","geometry":{"type":"Point","coordinates":[-73.9982374,40.7301837]},"properties":{"natural":"tree","id":"node/12032232396"}},{"type":"Feature","id":"node/12032232397","geometry":{"type":"Point","coordinates":[-73.998285,40.7301379]},"properties":{"natural":"tree","id":"node/12032232397"}},{"type":"Feature","id":"node/12032232398","geometry":{"type":"Point","coordinates":[-73.9983085,40.7301069]},"properties":{"natural":"tree","id":"node/12032232398"}},{"type":"Feature","id":"node/12032232399","geometry":{"type":"Point","coordinates":[-73.9983266,40.7300876]},"properties":{"natural":"tree","id":"node/12032232399"}},{"type":"Feature","id":"node/12032232400","geometry":{"type":"Point","coordinates":[-73.998343,40.7300635]},"properties":{"natural":"tree","id":"node/12032232400"}},{"type":"Feature","id":"node/12032232401","geometry":{"type":"Point","coordinates":[-73.9983705,40.7300312]},"properties":{"natural":"tree","id":"node/12032232401"}},{"type":"Feature","id":"node/12032232402","geometry":{"type":"Point","coordinates":[-73.9981174,40.729392]},"properties":{"natural":"tree","id":"node/12032232402"}},{"type":"Feature","id":"node/12032232403","geometry":{"type":"Point","coordinates":[-73.9980128,40.7294601]},"properties":{"natural":"tree","id":"node/12032232403"}},{"type":"Feature","id":"node/12032232404","geometry":{"type":"Point","coordinates":[-73.9980587,40.7294814]},"properties":{"natural":"tree","id":"node/12032232404"}},{"type":"Feature","id":"node/12032232405","geometry":{"type":"Point","coordinates":[-73.9981133,40.7295091]},"properties":{"natural":"tree","id":"node/12032232405"}},{"type":"Feature","id":"node/12032232406","geometry":{"type":"Point","coordinates":[-73.9976312,40.729783]},"properties":{"natural":"tree","id":"node/12032232406"}},{"type":"Feature","id":"node/12032232407","geometry":{"type":"Point","coordinates":[-73.9976879,40.7297159]},"properties":{"natural":"tree","id":"node/12032232407"}},{"type":"Feature","id":"node/12032232408","geometry":{"type":"Point","coordinates":[-73.9977797,40.7296054]},"properties":{"natural":"tree","id":"node/12032232408"}},{"type":"Feature","id":"node/12032232409","geometry":{"type":"Point","coordinates":[-73.9978227,40.7295541]},"properties":{"natural":"tree","id":"node/12032232409"}},{"type":"Feature","id":"node/12032232410","geometry":{"type":"Point","coordinates":[-73.9978669,40.7295053]},"properties":{"natural":"tree","id":"node/12032232410"}},{"type":"Feature","id":"node/12333216169","geometry":{"type":"Point","coordinates":[-74.0008666,40.7332711]},"properties":{"natural":"tree","id":"node/12333216169"}},{"type":"Feature","id":"node/12333216170","geometry":{"type":"Point","coordinates":[-74.0005893,40.7332416]},"properties":{"natural":"tree","id":"node/12333216170"}},{"type":"Feature","id":"node/12333216171","geometry":{"type":"Point","coordinates":[-74.0005288,40.7332089]},"properties":{"natural":"tree","id":"node/12333216171"}},{"type":"Feature","id":"node/12333216172","geometry":{"type":"Point","coordinates":[-74.0004535,40.7331748]},"properties":{"natural":"tree","id":"node/12333216172"}},{"type":"Feature","id":"node/13471481462","geometry":{"type":"Point","coordinates":[-73.9950428,40.7297257]},"properties":{"natural":"tree","id":"node/13471481462"}},{"type":"Feature","id":"node/13471481463","geometry":{"type":"Point","coordinates":[-73.9949809,40.7296952]},"properties":{"natural":"tree","id":"node/13471481463"}},{"type":"Feature","id":"node/13471481464","geometry":{"type":"Point","coordinates":[-73.9949068,40.7296574]},"properties":{"natural":"tree","id":"node/13471481464"}},{"type":"Feature","id":"node/13471481465","geometry":{"type":"Point","coordinates":[-73.9948277,40.7296176]},"properties":{"natural":"tree","id":"node/13471481465"}},{"type":"Feature","id":"node/13471481466","geometry":{"type":"Point","coordinates":[-73.9947769,40.7295917]},"properties":{"natural":"tree","id":"node/13471481466"}},{"type":"Feature","id":"node/13471481467","geometry":{"type":"Point","coordinates":[-73.9947261,40.7295691]},"properties":{"natural":"tree","id":"node/13471481467"}},{"type":"Feature","id":"node/13471481468","geometry":{"type":"Point","coordinates":[-73.9946753,40.7295435]},"properties":{"natural":"tree","id":"node/13471481468"}},{"type":"Feature","id":"node/13474486639","geometry":{"type":"Point","coordinates":[-73.996781,40.7318373]},"properties":{"natural":"tree","id":"node/13474486639"}},{"type":"Feature","id":"node/13474486640","geometry":{"type":"Point","coordinates":[-73.9968202,40.7317799]},"properties":{"natural":"tree","id":"node/13474486640"}},{"type":"Feature","id":"node/13474486641","geometry":{"type":"Point","coordinates":[-73.9968581,40.7317301]},"properties":{"natural":"tree","id":"node/13474486641"}},{"type":"Feature","id":"node/13474486642","geometry":{"type":"Point","coordinates":[-73.996909,40.7316523]},"properties":{"natural":"tree","id":"node/13474486642"}},{"type":"Feature","id":"node/13474486644","geometry":{"type":"Point","coordinates":[-73.9965902,40.7320802]},"properties":{"natural":"tree","id":"node/13474486644"}},{"type":"Feature","id":"node/13474486645","geometry":{"type":"Point","coordinates":[-73.9965489,40.7321353]},"properties":{"natural":"tree","id":"node/13474486645"}},{"type":"Feature","id":"node/13474486646","geometry":{"type":"Point","coordinates":[-73.9965211,40.7321767]},"properties":{"natural":"tree","id":"node/13474486646"}},{"type":"Feature","id":"node/13474486648","geometry":{"type":"Point","coordinates":[-73.9963786,40.7320982]},"properties":{"natural":"tree","id":"node/13474486648"}},{"type":"Feature","id":"node/13474486649","geometry":{"type":"Point","coordinates":[-73.996495,40.7319435]},"properties":{"natural":"tree","id":"node/13474486649"}},{"type":"Feature","id":"node/13474486650","geometry":{"type":"Point","coordinates":[-73.9966147,40.7317529]},"properties":{"natural":"tree","id":"node/13474486650"}},{"type":"Feature","id":"node/13474486651","geometry":{"type":"Point","coordinates":[-73.9966851,40.731664]},"properties":{"natural":"tree","id":"node/13474486651"}},{"type":"Feature","id":"node/13474486652","geometry":{"type":"Point","coordinates":[-73.9967152,40.731616]},"properties":{"natural":"tree","id":"node/13474486652"}},{"type":"Feature","id":"node/13474486653","geometry":{"type":"Point","coordinates":[-73.996794,40.7315065]},"properties":{"natural":"tree","id":"node/13474486653"}},{"type":"Feature","id":"node/13507209419","geometry":{"type":"Point","coordinates":[-73.9946552,40.7304911]},"properties":{"natural":"tree","id":"node/13507209419"}},{"type":"Feature","id":"node/13507209420","geometry":{"type":"Point","coordinates":[-73.994608,40.730548]},"properties":{"natural":"tree","id":"node/13507209420"}},{"type":"Feature","id":"node/13507209421","geometry":{"type":"Point","coordinates":[-73.9945697,40.7305935]},"properties":{"natural":"tree","id":"node/13507209421"}},{"type":"Feature","id":"node/13507209422","geometry":{"type":"Point","coordinates":[-73.9945201,40.7306575]},"properties":{"natural":"tree","id":"node/13507209422"}},{"type":"Feature","id":"node/13507209433","geometry":{"type":"Point","coordinates":[-73.9944527,40.7307342]},"properties":{"natural":"tree","id":"node/13507209433"}},{"type":"Feature","id":"node/13507209434","geometry":{"type":"Point","coordinates":[-73.9943957,40.7308029]},"properties":{"natural":"tree","id":"node/13507209434"}},{"type":"Feature","id":"node/13507209435","geometry":{"type":"Point","coordinates":[-73.9942975,40.7309123]},"properties":{"natural":"tree","id":"node/13507209435"}},{"type":"Feature","id":"node/13507209437","geometry":{"type":"Point","coordinates":[-73.994351,40.7309934]},"properties":{"natural":"tree","id":"node/13507209437"}},{"type":"Feature","id":"node/13898010068","geometry":{"type":"Point","coordinates":[-73.9956997,40.7278687]},"properties":{"natural":"tree","id":"node/13898010068"}}]}