{"type":"FeatureCollection","features":[{"type":"Feature","id":"relation/403146","geometry":{"type":"Polygon","coordinates":[[[2.3639203,48.8543275],[2.3640111,48.8544598],[2.3639556,48.8544779],[2.363993,48.8545275],[2.3641192,48.8546948],[2.3637288,48.8548104],[2.3638067,48.8549033],[2.3637827,48.8549106],[2.3637622,48.8549169],[2.3637591,48.8549127],[2.3636496,48.8549426],[2.3636012,48.8548682],[2.3636215,48.8548621],[2.363596,48.8548234],[2.3636031,48.8548209],[2.363589,48.8548007],[2.3635351,48.8548156],[2.3635334,48.8548137],[2.3635159,48.8547883],[2.3637103,48.8547288],[2.3636124,48.8545976],[2.3635871,48.8545637],[2.3635061,48.8544559],[2.3636326,48.854416],[2.3636362,48.8544214],[2.3636954,48.8544026],[2.3637712,48.8543786],[2.3637675,48.8543737],[2.3638943,48.8543331],[2.3638955,48.8543351],[2.3639203,48.8543275]],[[2.3638569,48.8544373],[2.3638383,48.8544429],[2.3638192,48.8544486],[2.3638173,48.854446],[2.363806,48.8544494],[2.3637412,48.854469],[2.363696,48.8544827],[2.363682,48.8544869],[2.3636841,48.8544898],[2.3636644,48.8544962],[2.3636448,48.8545025],[2.3637323,48.8546306],[2.3637821,48.8547035],[2.3638866,48.8546726],[2.3639941,48.8546409],[2.3639785,48.8546178],[2.3639431,48.8545652],[2.3639304,48.8545464],[2.3638569,48.8544373]]]},"properties":{"building":"public","building:levels":"2","name":"Hôtel de Sully","roof:levels":"1","id":"relation/403146"}},{"type":"Feature","id":"relation/403147","geometry":{"type":"Polygon","coordinates":[[[2.3651646,48.8549148],[2.3651563,48.8549159],[2.3651833,48.854985],[2.3651847,48.8549886],[2.3651986,48.8550242],[2.3648924,48.8550761],[2.3648769,48.8550376],[2.3647975,48.8548402],[2.3647478,48.8547094],[2.3648409,48.8546834],[2.365059,48.8546419],[2.3651095,48.8547725],[2.365119,48.8547969],[2.3651578,48.8548972],[2.3651646,48.8549148]],[[2.3649013,48.8549297],[2.3650814,48.8548989],[2.3650108,48.8547124],[2.3648335,48.8547432],[2.3649013,48.8549297]]]},"properties":{"addr:housenumber":"11 bis","addr:street":"Rue de Birague","building":"apartments","building:levels":"3","name":"Hôtel Coulanges","roof:levels":"1","roof:shape":"hipped","id":"relation/403147"}},{"type":"Feature","id":"relation/403149","geometry":{"type":"Polygon","coordinates":[[[2.3672361,48.8543333],[2.3672312,48.8543737],[2.36723,48.8543834],[2.3672247,48.854427],[2.3671196,48.8544413],[2.3671136,48.8544267],[2.3671043,48.8544041],[2.3669005,48.8544349],[2.3669122,48.8544685],[2.3668364,48.8544787],[2.3668168,48.8544246],[2.3668402,48.8544222],[2.3668347,48.8544053],[2.3668097,48.8544085],[2.3668001,48.8543887],[2.366924,48.8543737],[2.3672361,48.8543333]],[[2.3671148,48.854369],[2.3671218,48.854392],[2.3671426,48.8543892],[2.3671376,48.8543663],[2.3671148,48.854369]]]},"properties":{"building":"apartments","building:levels":"9","id":"relation/403149"}},{"type":"Feature","id":"relation/403150","geometry":{"type":"Polygon","coordinates":[[[2.3672247,48.854427],[2.3672151,48.8544946],[2.3672072,48.8545497],[2.3668836,48.8546026],[2.3668659,48.8545551],[2.3668462,48.854502],[2.3668364,48.8544787],[2.3669122,48.8544685],[2.3670479,48.8544507],[2.3671196,48.8544413],[2.3672247,48.854427]],[[2.3669383,48.8545334],[2.367023,48.8545199],[2.367014,48.8544916],[2.3669275,48.8545052],[2.3669383,48.8545334]]]},"properties":{"building":"apartments","id":"relation/403150"}},{"type":"Feature","id":"relation/403151","geometry":{"type":"Polygon","coordinates":[[[2.3672361,48.8543333],[2.366924,48.8543737],[2.3669044,48.8542981],[2.3669204,48.854297],[2.3669238,48.8543087],[2.366935,48.8543088],[2.3669304,48.8542886],[2.366902,48.8542914],[2.3668873,48.8542282],[2.3671706,48.8541891],[2.3672566,48.8541765],[2.3672451,48.8542645],[2.3672361,48.8543333]],[[2.3669737,48.8542624],[2.3669901,48.8543192],[2.3670594,48.8543112],[2.367044,48.8542536],[2.3669737,48.8542624]]]},"properties":{"building":"apartments","id":"relation/403151"}},{"type":"Feature","id":"relation/403152","geometry":{"type":"Polygon","coordinates":[[[2.3666816,48.8535829],[2.3666864,48.8535821],[2.3667356,48.8535972],[2.3667829,48.8536126],[2.3670098,48.8536824],[2.3671941,48.8537392],[2.3672157,48.8538082],[2.3671289,48.8537816],[2.3671366,48.8539246],[2.367145,48.854041],[2.3668474,48.8540799],[2.3667914,48.8539232],[2.3667637,48.8538376],[2.3667662,48.8538349],[2.366754,48.8538019],[2.3667277,48.853734],[2.3666816,48.8535829]],[[2.3668763,48.8540089],[2.3670901,48.8539761],[2.3670651,48.8538769],[2.3670614,48.8538179],[2.3670112,48.8538171],[2.3669931,48.8538093],[2.366991,48.853797],[2.366791,48.8537848],[2.3668013,48.8538183],[2.3668253,48.8538146],[2.3668781,48.8539567],[2.3668585,48.8539601],[2.3668763,48.8540089]]]},"properties":{"building":"apartments","building:levels":"6","roof:shape":"gambrel","id":"relation/403152"}},{"type":"Feature","id":"relation/411403","geometry":{"type":"Polygon","coordinates":[[[2.3658507,48.8566759],[2.365891,48.8567796],[2.3659026,48.8568093],[2.3657156,48.8568403],[2.365578,48.8568632],[2.3655737,48.8568509],[2.3655288,48.856729],[2.3656242,48.8567129],[2.3656871,48.8567027],[2.3658507,48.8566759]],[[2.3656674,48.8567396],[2.3656266,48.8567464],[2.3656538,48.8568175],[2.3656943,48.8568112],[2.3656674,48.8567396]]]},"properties":{"building":"apartments","building:levels":"5","id":"relation/411403"}},{"type":"Feature","id":"relation/411404","geometry":{"type":"Polygon","coordinates":[[[2.3663177,48.8565117],[2.3662684,48.856381],[2.3662559,48.8563437],[2.3662412,48.8563047],[2.366205,48.8562084],[2.3661913,48.8561664],[2.3665012,48.8561168],[2.3665172,48.8561592],[2.3666117,48.8564102],[2.366625,48.856445],[2.3665518,48.8564551],[2.3665594,48.8564802],[2.3664818,48.8564911],[2.3664827,48.8564942],[2.3664954,48.8565304],[2.3664506,48.8565373],[2.3664345,48.8564933],[2.3663177,48.8565117]],[[2.3663707,48.8564486],[2.3665388,48.8564223],[2.3664794,48.8562665],[2.3663122,48.8562934],[2.3663707,48.8564486]]]},"properties":{"building":"apartments","building:levels":"3","name":"Hôtel de Tresmes","roof:levels":"2","roof:shape":"hipped","id":"relation/411404"}},{"type":"Feature","id":"relation/411405","geometry":{"type":"Polygon","coordinates":[[[2.3668482,48.8560606],[2.3668719,48.8561245],[2.3669004,48.856202],[2.366908,48.8562227],[2.3669187,48.8562519],[2.3669486,48.8563331],[2.3669514,48.8563408],[2.3669188,48.8563467],[2.3669248,48.8563645],[2.3666117,48.8564102],[2.3665172,48.8561592],[2.3665012,48.8561168],[2.3667341,48.8560791],[2.3667618,48.8560746],[2.3668482,48.8560606]],[[2.366584,48.8562495],[2.3665646,48.8562527],[2.3665698,48.8562644],[2.3665817,48.8562766],[2.3665888,48.8562755],[2.3665883,48.8562726],[2.3665914,48.8562715],[2.3665841,48.856258],[2.366584,48.8562495]],[[2.3668112,48.8561536],[2.3666908,48.8561725],[2.3666934,48.8561832],[2.3666641,48.8561883],[2.366652,48.8561963],[2.3666578,48.856213],[2.3666389,48.8562164],[2.3666934,48.85636],[2.3667092,48.8563571],[2.3667055,48.8563452],[2.3667201,48.8563292],[2.3668339,48.8563104],[2.3668564,48.85632],[2.3668611,48.8563292],[2.3668755,48.8563265],[2.3668112,48.8561536]]]},"properties":{"building":"apartments","building:levels":"3","name":"Hôtel de Vitry","roof:levels":"2","roof:shape":"hipped","id":"relation/411405"}},{"type":"Feature","id":"relation/551407","geometry":{"type":"Polygon","coordinates":[[[2.3613882,48.8581503],[2.3616778,48.8580375],[2.3617314,48.8580144],[2.3618219,48.8579786],[2.3618385,48.8579982],[2.3617789,48.8580214],[2.3618603,48.8581107],[2.36192,48.8580878],[2.3619374,48.8581065],[2.3618752,48.858131],[2.3615277,48.8582645],[2.3614602,48.8582092],[2.3613882,48.8581503]],[[2.3617557,48.8581429],[2.3616799,48.8580637],[2.3614898,48.8581389],[2.3615608,48.8582177],[2.3617557,48.8581429]]]},"properties":{"building":"yes","name":"Hôtel Donon","id":"relation/551407"}},{"type":"Feature","id":"relation/551413","geometry":{"type":"Polygon","coordinates":[[[2.3643723,48.8579638],[2.3642104,48.8580011],[2.3641101,48.8578653],[2.3643697,48.8577729],[2.3643726,48.8578883],[2.3643745,48.8579633],[2.3643723,48.8579638]],[[2.3642738,48.8578497],[2.3641961,48.8578777],[2.3642469,48.8579572],[2.3642886,48.8579464],[2.3642811,48.8578939],[2.3642669,48.8578954],[2.3642574,48.8578905],[2.3642541,48.8578779],[2.3642607,48.8578719],[2.3642765,48.8578719],[2.3642738,48.8578497]]]},"properties":{"building":"apartments","building:levels":"4","id":"relation/551413"}},{"type":"Feature","id":"relation/551421","geometry":{"type":"Polygon","coordinates":[[[2.3643697,48.8577729],[2.3641101,48.8578653],[2.3640959,48.8578712],[2.3640526,48.8577977],[2.3640047,48.8577269],[2.3642664,48.8576345],[2.3643562,48.857602],[2.3643597,48.8577089],[2.3643675,48.8577096],[2.3643697,48.8577729]],[[2.364227,48.8576853],[2.3641402,48.8577157],[2.3641348,48.8577088],[2.3641153,48.8577154],[2.3641265,48.8577287],[2.3641753,48.8577995],[2.3642774,48.857762],[2.3642365,48.8577054],[2.364227,48.8576853]]]},"properties":{"building":"apartments","id":"relation/551421"}},{"type":"Feature","id":"relation/551426","geometry":{"type":"Polygon","coordinates":[[[2.3657379,48.8572958],[2.3658411,48.8575431],[2.3657985,48.8575523],[2.3655065,48.8575991],[2.3655281,48.8576514],[2.3655745,48.8577623],[2.3654027,48.8577928],[2.3653799,48.8577466],[2.365374,48.8577474],[2.3653639,48.8577431],[2.365352,48.8577149],[2.3653218,48.8576293],[2.3652731,48.8575072],[2.365235,48.8575136],[2.3652275,48.8574939],[2.3652533,48.8574891],[2.3652467,48.8574749],[2.3652219,48.8574793],[2.3651841,48.8573882],[2.365233,48.85738],[2.3653577,48.8573592],[2.3655959,48.8573195],[2.3657379,48.8572958]],[[2.3656668,48.8574185],[2.3656017,48.8574305],[2.3656006,48.8574286],[2.3655233,48.8574419],[2.3655241,48.8574445],[2.3655187,48.857445],[2.3655098,48.8574195],[2.3654836,48.8574219],[2.3654769,48.8574182],[2.365469,48.8573949],[2.3654171,48.8574033],[2.3654126,48.8574266],[2.3653512,48.8574295],[2.3654065,48.8575748],[2.3657308,48.8575211],[2.3656942,48.8574267],[2.3656784,48.857425],[2.3656668,48.8574185]]]},"properties":{"building":"apartments","id":"relation/551426"}},{"type":"Feature","id":"relation/551435","geometry":{"type":"Polygon","coordinates":[[[2.3671099,48.8577958],[2.3670887,48.8578643],[2.3670583,48.8579552],[2.3670439,48.8579967],[2.3669083,48.8579779],[2.3668401,48.8579668],[2.3667904,48.857839],[2.3668921,48.8578229],[2.3669605,48.857812],[2.3669574,48.8578249],[2.3669745,48.8578216],[2.3671099,48.8577958]],[[2.3669949,48.8578615],[2.3669445,48.8578551],[2.3669377,48.8578786],[2.366896,48.8578855],[2.36691,48.8579252],[2.3669707,48.8579337],[2.3669949,48.8578615]]]},"properties":{"building":"apartments","id":"relation/551435"}},{"type":"Feature","id":"relation/551447","geometry":{"type":"Polygon","coordinates":[[[2.3664788,48.8578855],[2.3665528,48.8580777],[2.3665612,48.8581013],[2.3665616,48.8581025],[2.366318,48.8581384],[2.3663251,48.8581018],[2.3663602,48.8580967],[2.3663541,48.8580784],[2.3663299,48.8580819],[2.3663371,48.858049],[2.3663384,48.8580431],[2.366361,48.85804],[2.3663653,48.8580325],[2.3663851,48.8580293],[2.3663827,48.8580193],[2.3663421,48.8580256],[2.3663614,48.8579189],[2.3663644,48.8579038],[2.3664149,48.8578957],[2.3664788,48.8578855]],[[2.3664698,48.8580044],[2.3663983,48.8580158],[2.3664267,48.8581007],[2.3665001,48.8580887],[2.3664698,48.8580044]]]},"properties":{"building":"apartments","id":"relation/551447"}},{"type":"Feature","id":"relation/551461","geometry":{"type":"Polygon","coordinates":[[[2.36311,48.8574048],[2.3621756,48.857708],[2.3620705,48.8575642],[2.3619317,48.8573743],[2.3618571,48.8572722],[2.3618701,48.8572482],[2.3618736,48.8572471],[2.3621041,48.8571728],[2.3621503,48.8571579],[2.3621941,48.8571437],[2.3624531,48.8570597],[2.3624979,48.8570451],[2.3627168,48.8569741],[2.3627884,48.8569509],[2.3627951,48.8569613],[2.3627981,48.8569604],[2.3627998,48.8569627],[2.3628332,48.8570072],[2.3628288,48.8570085],[2.3628706,48.8570674],[2.3629032,48.8571134],[2.3629083,48.8571122],[2.3629394,48.8571564],[2.3629413,48.8571592],[2.3629376,48.8571609],[2.36311,48.8574048]],[[2.3628958,48.8572393],[2.3627844,48.8572751],[2.3626864,48.8573067],[2.3626918,48.8573157],[2.3626916,48.857327],[2.3626847,48.8573359],[2.3626682,48.857345],[2.3627234,48.8574203],[2.3627355,48.8574171],[2.3627559,48.8574184],[2.3627681,48.8574229],[2.3627791,48.8574331],[2.3629813,48.8573666],[2.3628958,48.8572393]],[[2.3625307,48.8573325],[2.3623855,48.8573801],[2.3623904,48.8573867],[2.3622797,48.8574223],[2.3622734,48.8574156],[2.3621315,48.8574623],[2.3622219,48.8575893],[2.3622796,48.857571],[2.3622972,48.8575953],[2.3625821,48.8575021],[2.3625654,48.8574775],[2.3626245,48.8574575],[2.3625307,48.8573325]],[[2.3622655,48.8571611],[2.3622665,48.8571631],[2.3622613,48.857165],[2.3622599,48.8571632],[2.3622268,48.8571737],[2.3622275,48.857176],[2.3622243,48.8571767],[2.3622222,48.8571751],[2.3622185,48.857176],[2.3622207,48.8571801],[2.3622213,48.8571811],[2.3622153,48.857183],[2.3622144,48.8571822],[2.3621755,48.8571949],[2.3621393,48.8572068],[2.3621396,48.8572081],[2.3621314,48.8572105],[2.3621304,48.8572093],[2.3621274,48.8572057],[2.3621235,48.8572069],[2.3621244,48.8572084],[2.3621199,48.85721],[2.3621181,48.8572087],[2.3620889,48.8572183],[2.3620897,48.8572195],[2.362085,48.8572211],[2.3620831,48.8572198],[2.3620523,48.8572301],[2.3620531,48.8572315],[2.3620476,48.8572333],[2.3620458,48.857232],[2.3620163,48.8572412],[2.3620172,48.857243],[2.3620122,48.8572445],[2.3620104,48.8572434],[2.3619844,48.8572515],[2.3619854,48.8572536],[2.3619821,48.8572553],[2.3620146,48.8572985],[2.3620228,48.8572952],[2.3620274,48.8572961],[2.3620324,48.8573023],[2.3620295,48.8573042],[2.3620434,48.8573212],[2.3620458,48.8573205],[2.362048,48.8573235],[2.3620458,48.8573243],[2.3620657,48.8573518],[2.3620678,48.8573514],[2.3620695,48.8573542],[2.3620675,48.857355],[2.3620801,48.8573727],[2.3620826,48.8573724],[2.3620883,48.8573796],[2.3620852,48.8573824],[2.3620781,48.857385],[2.3621106,48.8574283],[2.3622486,48.8573835],[2.3622439,48.8573766],[2.3623541,48.85734],[2.3623614,48.8573486],[2.3625073,48.8573012],[2.3623765,48.8571272],[2.3623707,48.857129],[2.3623687,48.8571278],[2.3623376,48.8571381],[2.3623377,48.85714],[2.362333,48.8571414],[2.3623316,48.8571398],[2.3623027,48.8571493],[2.3623035,48.8571506],[2.3622981,48.8571525],[2.3622966,48.8571511],[2.3622655,48.8571611]],[[2.3625859,48.8572419],[2.3626105,48.857234],[2.3626367,48.8572258],[2.3626574,48.8572192],[2.3628369,48.8571621],[2.362787,48.8570908],[2.3627351,48.8570168],[2.3625266,48.8570831],[2.3625046,48.8570903],[2.3624818,48.8570974],[2.3625372,48.8571743],[2.3625859,48.8572419]]]},"properties":{"building":"yes","building:levels":"2","building:material":"stone","roof:levels":"1","id":"relation/551461"}},{"type":"Feature","id":"relation/551465","geometry":{"type":"Polygon","coordinates":[[[2.3632793,48.8576296],[2.3633678,48.8577528],[2.3635112,48.8579522],[2.3634912,48.8579599],[2.3635724,48.8580793],[2.3626591,48.858413],[2.3626306,48.8583736],[2.3626081,48.8583425],[2.3626172,48.8583388],[2.3626201,48.8583409],[2.3631422,48.8581471],[2.3631046,48.8580936],[2.3631277,48.8580837],[2.3629955,48.8579057],[2.3629904,48.857907],[2.3629849,48.8578988],[2.3629889,48.8578973],[2.3628985,48.8577756],[2.3628911,48.8577779],[2.3628843,48.8577708],[2.3632658,48.8576343],[2.3632793,48.8576296]],[[2.3633535,48.8579062],[2.3633179,48.8579184],[2.3633205,48.8579296],[2.363308,48.857943],[2.3632903,48.8579429],[2.3632713,48.8579339],[2.3632412,48.8579449],[2.3633002,48.8580228],[2.3634083,48.8579863],[2.3633535,48.8579062]],[[2.3632564,48.8577168],[2.3630414,48.8577923],[2.3631386,48.8579262],[2.3632475,48.8578903],[2.3632447,48.8578872],[2.363281,48.8578738],[2.3632848,48.8578781],[2.3633569,48.8578548],[2.3633209,48.8578051],[2.3633174,48.8578057],[2.3632886,48.8577658],[2.3632908,48.857764],[2.3632564,48.8577168]]]},"properties":{"building":"civic","building:levels":"4","name":"Hôtel Le Peletier de Saint-Fargeau","id":"relation/551465"}},{"type":"Feature","id":"relation/551472","geometry":{"type":"Polygon","coordinates":[[[2.3645793,48.8578299],[2.3647277,48.8578262],[2.3647735,48.8579319],[2.364583,48.8579344],[2.3645813,48.8578857],[2.3645793,48.8578299]],[[2.3647184,48.8578565],[2.3646836,48.857857],[2.3646838,48.8578645],[2.3646914,48.8578658],[2.3646978,48.8578698],[2.3646996,48.8578734],[2.3647172,48.8578731],[2.3647184,48.8578565]]]},"properties":{"building":"yes","building:levels":"7","id":"relation/551472"}},{"type":"Feature","id":"relation/551489","geometry":{"type":"Polygon","coordinates":[[[2.3639253,48.8575775],[2.3638131,48.8574421],[2.3641358,48.8573292],[2.3643161,48.8572619],[2.3643413,48.8572622],[2.3643452,48.8573593],[2.364348,48.8574286],[2.3641579,48.8574956],[2.3639253,48.8575775]],[[2.3641685,48.85737],[2.3640756,48.8574039],[2.3641176,48.8574569],[2.3642306,48.8574175],[2.3641944,48.857369],[2.3641739,48.8573768],[2.3641685,48.85737]]]},"properties":{"building":"apartments","building:levels":"5","roof:levels":"1","roof:shape":"gambrel","id":"relation/551489"}},{"type":"Feature","id":"relation/551512","geometry":{"type":"Polygon","coordinates":[[[2.3652869,48.8580967],[2.3653125,48.8581647],[2.3653288,48.8582068],[2.3653458,48.8582476],[2.3650728,48.8582937],[2.365063,48.858266],[2.3650213,48.8582742],[2.3649779,48.8581673],[2.3650213,48.8581603],[2.365011,48.8581294],[2.3651924,48.8580987],[2.3652215,48.8580938],[2.3652811,48.8580837],[2.3652869,48.8580967]],[[2.3651748,48.8581906],[2.365127,48.8581982],[2.3651435,48.8582409],[2.3652699,48.8582179],[2.3652386,48.8581396],[2.3651893,48.8581473],[2.3651976,48.8581712],[2.3651748,48.8581906]]]},"properties":{"building":"yes","id":"relation/551512"}},{"type":"Feature","id":"relation/551529","geometry":{"type":"Polygon","coordinates":[[[2.3643562,48.857602],[2.3642664,48.8576345],[2.3641579,48.8574956],[2.364348,48.8574286],[2.3643528,48.8575289],[2.3643562,48.857602]],[[2.3642348,48.8575016],[2.3642115,48.8575104],[2.364227,48.8575292],[2.3642503,48.8575203],[2.3642348,48.8575016]]]},"properties":{"building":"apartments","building:levels":"7","id":"relation/551529"}},{"type":"Feature","id":"relation/551534","geometry":{"type":"Polygon","coordinates":[[[2.3652815,48.8580042],[2.3652425,48.8579054],[2.3652316,48.8578791],[2.3652065,48.8578175],[2.3651662,48.8578235],[2.3651365,48.8577519],[2.365352,48.8577149],[2.3653639,48.8577431],[2.365374,48.8577474],[2.3653799,48.8577466],[2.3654027,48.8577928],[2.3654732,48.8579728],[2.3654411,48.8579781],[2.3654225,48.8579811],[2.3653951,48.8579856],[2.3653275,48.8579966],[2.3652815,48.8580042]],[[2.3653565,48.8577985],[2.365253,48.8578144],[2.3652852,48.8578948],[2.3653967,48.8578777],[2.365391,48.8578581],[2.3653765,48.8578534],[2.3653565,48.8577985]]]},"properties":{"building":"apartments","id":"relation/551534"}},{"type":"Feature","id":"relation/551537","geometry":{"type":"Polygon","coordinates":[[[2.3635833,48.8578746],[2.3639143,48.8577586],[2.3640047,48.8577269],[2.3640526,48.8577977],[2.3640959,48.8578712],[2.3636814,48.8580186],[2.3636809,48.8580178],[2.3636476,48.857969],[2.3635833,48.8578746]],[[2.3638907,48.8578278],[2.3636905,48.8578988],[2.3637304,48.8579544],[2.3637578,48.8579456],[2.3637528,48.8579387],[2.3639716,48.8578618],[2.3639483,48.8578336],[2.3639078,48.8578483],[2.3638907,48.8578278]]]},"properties":{"building":"yes","building:levels":"6","id":"relation/551537"}},{"type":"Feature","id":"relation/551556","geometry":{"type":"Polygon","coordinates":[[[2.3671185,48.8582229],[2.366842,48.8581806],[2.3668813,48.8580519],[2.3668854,48.858052],[2.3669083,48.8579779],[2.3670439,48.8579967],[2.3671896,48.8580155],[2.3671519,48.8581256],[2.3671185,48.8582229]],[[2.3670381,48.8580418],[2.3669516,48.8580281],[2.3669107,48.8581447],[2.3669984,48.8581576],[2.3670381,48.8580418]]]},"properties":{"building":"apartments","building:levels":"7","id":"relation/551556"}},{"type":"Feature","id":"relation/551572","geometry":{"type":"Polygon","coordinates":[[[2.3648304,48.8580792],[2.3647735,48.8579319],[2.3647277,48.8578262],[2.3647282,48.8578238],[2.3648577,48.8578056],[2.3648259,48.8577287],[2.3649435,48.8577103],[2.3650117,48.8576989],[2.3650292,48.8577422],[2.3650396,48.8577684],[2.3650303,48.8577702],[2.3651345,48.8580287],[2.3649734,48.8580555],[2.3648304,48.8580792]],[[2.3649917,48.8578658],[2.3648268,48.857893],[2.3648288,48.8578975],[2.3648277,48.8579132],[2.3648517,48.8579719],[2.3648608,48.8579703],[2.3648652,48.8579716],[2.3648883,48.8580272],[2.3650447,48.8580012],[2.3650218,48.8579431],[2.3650289,48.8579416],[2.365007,48.8578805],[2.3649949,48.8578726],[2.3649917,48.8578658]]]},"properties":{"building":"yes","id":"relation/551572"}},{"type":"Feature","id":"relation/551581","geometry":{"type":"Polygon","coordinates":[[[2.3612429,48.8580325],[2.3615699,48.8579037],[2.3616168,48.8578846],[2.3616303,48.8579016],[2.3615907,48.857918],[2.3616752,48.8580145],[2.3617159,48.8579972],[2.3617314,48.8580144],[2.3616778,48.8580375],[2.3613882,48.8581503],[2.3613705,48.8581359],[2.3613178,48.8580933],[2.3612429,48.8580325]],[[2.3615128,48.8579635],[2.3613639,48.8580207],[2.3614172,48.858081],[2.3614743,48.8580599],[2.3614821,48.8580705],[2.3615756,48.8580355],[2.3615128,48.8579635]]]},"properties":{"building":"yes","id":"relation/551581"}},{"type":"Feature","id":"relation/551611","geometry":{"type":"Polygon","coordinates":[[[2.3647194,48.8574655],[2.3647576,48.8575571],[2.3645678,48.8575869],[2.3645659,48.8575369],[2.364564,48.8574859],[2.3646195,48.8574773],[2.3647173,48.8574621],[2.3647194,48.8574655]],[[2.3647152,48.8574891],[2.3646934,48.8574925],[2.364694,48.8574955],[2.3646829,48.8574964],[2.3646924,48.8575232],[2.364729,48.8575172],[2.3647289,48.8575108],[2.3647246,48.857511],[2.3647152,48.8574891]]]},"properties":{"building":"apartments","building:levels":"5","id":"relation/551611"}},{"type":"Feature","id":"relation/551628","geometry":{"type":"Polygon","coordinates":[[[2.364583,48.8579344],[2.3647735,48.8579319],[2.3648304,48.8580792],[2.3647839,48.858087],[2.3647061,48.8581001],[2.3645902,48.8581195],[2.36459,48.858115],[2.3645888,48.8580822],[2.364585,48.8579843],[2.364583,48.8579344]],[[2.364763,48.8579904],[2.3646609,48.8579902],[2.3646666,48.8580585],[2.3647654,48.8580457],[2.364763,48.8579904]]]},"properties":{"building":"apartments","id":"relation/551628"}},{"type":"Feature","id":"relation/551657","geometry":{"type":"Polygon","coordinates":[[[2.3638,48.8566511],[2.3639407,48.8568616],[2.3635276,48.8570078],[2.3633882,48.8568049],[2.3633791,48.8567914],[2.3633699,48.8567779],[2.3635841,48.8567147],[2.3638,48.8566511]],[[2.3637265,48.8567519],[2.3635214,48.8568128],[2.3635851,48.856907],[2.3637897,48.8568442],[2.3637265,48.8567519]]]},"properties":{"building":"yes","id":"relation/551657"}},{"type":"Feature","id":"relation/551658","geometry":{"type":"Polygon","coordinates":[[[2.3659288,48.856871],[2.3659458,48.8569144],[2.3659628,48.8569578],[2.3659776,48.8569956],[2.3658162,48.8570205],[2.365714,48.8570371],[2.3656712,48.8569131],[2.3657606,48.8568985],[2.3657692,48.8568971],[2.3659288,48.856871]],[[2.3658723,48.8569479],[2.3657685,48.8569648],[2.3657801,48.8569956],[2.3658847,48.8569783],[2.3658723,48.8569479]]]},"properties":{"building":"apartments","id":"relation/551658"}},{"type":"Feature","id":"relation/551659","geometry":{"type":"Polygon","coordinates":[[[2.3632206,48.856861],[2.3632994,48.8569735],[2.3633466,48.8569598],[2.3633629,48.856978],[2.3634144,48.8570475],[2.3630973,48.8571617],[2.3630027,48.8570219],[2.3629861,48.8569974],[2.3629671,48.8569693],[2.3629387,48.8569274],[2.3629355,48.8569226],[2.3629366,48.8569223],[2.3630216,48.856896],[2.3632061,48.856839],[2.3632206,48.856861]],[[2.3631897,48.8569098],[2.3630684,48.8569479],[2.3631205,48.8570259],[2.3631526,48.8570702],[2.3632724,48.857032],[2.3631897,48.8569098]]]},"properties":{"building":"apartments","building:levels":"5","roof:levels":"1","id":"relation/551659"}},{"type":"Feature","id":"relation/551660","geometry":{"type":"Polygon","coordinates":[[[2.3673312,48.8580121],[2.3674568,48.8580278],[2.3675494,48.8580376],[2.3677051,48.8580541],[2.3676906,48.8581136],[2.3676769,48.8581696],[2.3675708,48.8581521],[2.3675792,48.8581289],[2.3675513,48.8581252],[2.3675438,48.8581487],[2.3672984,48.8581086],[2.3673143,48.8580618],[2.3673312,48.8580121]],[[2.3675553,48.8580835],[2.3674588,48.8580715],[2.3674622,48.8580552],[2.3674477,48.858054],[2.3674414,48.8580804],[2.3675545,48.8580936],[2.3675553,48.8580835]]]},"properties":{"building":"apartments","building:levels":"7","id":"relation/551660"}},{"type":"Feature","id":"relation/551661","geometry":{"type":"Polygon","coordinates":[[[2.3677906,48.8577037],[2.3677544,48.8578544],[2.3677473,48.8578837],[2.3677316,48.8579489],[2.3675037,48.8579233],[2.3674639,48.8579183],[2.3673678,48.8579064],[2.3673943,48.8578282],[2.3674186,48.8577564],[2.3674477,48.8577367],[2.3675133,48.8577257],[2.3676005,48.857711],[2.3677471,48.8576864],[2.3677605,48.8576841],[2.3677906,48.8577037]],[[2.3676239,48.857793],[2.3675257,48.857783],[2.3675237,48.8577898],[2.3675187,48.8577932],[2.3675104,48.8577965],[2.3674978,48.8577973],[2.3674866,48.8578467],[2.3674978,48.8578493],[2.367507,48.8578559],[2.3675095,48.8578645],[2.3675731,48.8578719],[2.3675762,48.8578574],[2.3676092,48.8578608],[2.3676239,48.857793]]]},"properties":{"building":"apartments","building:levels":"6","id":"relation/551661"}},{"type":"Feature","id":"relation/551662","geometry":{"type":"Polygon","coordinates":[[[2.3676254,48.8567809],[2.3676206,48.8566752],[2.3679139,48.8566781],[2.368033,48.8566842],[2.3680205,48.8567396],[2.3680107,48.856783],[2.3677194,48.8567816],[2.3677129,48.8567602],[2.36769,48.8567599],[2.367689,48.8567812],[2.3676254,48.8567809]],[[2.3678702,48.8567131],[2.3677541,48.8567137],[2.3677542,48.8567258],[2.3678698,48.8567261],[2.3678702,48.8567131]]]},"properties":{"building":"apartments","building:levels":"6","id":"relation/551662"}},{"type":"Feature","id":"relation/551663","geometry":{"type":"Polygon","coordinates":[[[2.364324,48.8568697],[2.3640535,48.8569627],[2.3639646,48.8568542],[2.3641801,48.856779],[2.3643189,48.8567291],[2.3643244,48.8568162],[2.3643277,48.8568691],[2.364324,48.8568697]],[[2.3642008,48.8567983],[2.3640846,48.8568388],[2.3641443,48.8569157],[2.364161,48.8569104],[2.3641527,48.8569028],[2.3641623,48.8568911],[2.3642479,48.8568605],[2.3642008,48.8567983]]]},"properties":{"building":"yes","id":"relation/551663"}},{"type":"Feature","id":"relation/551664","geometry":{"type":"Polygon","coordinates":[[[2.3673971,48.856537],[2.3675985,48.8565366],[2.3676791,48.8565384],[2.3679106,48.8565387],[2.367905,48.8565961],[2.3679434,48.8565932],[2.3679574,48.856554],[2.3680474,48.8565592],[2.3680653,48.8565601],[2.3680538,48.8566079],[2.3680362,48.8566843],[2.368033,48.8566842],[2.3679139,48.8566781],[2.3676206,48.8566752],[2.3675402,48.8566731],[2.367393,48.8566739],[2.3673908,48.8566122],[2.3673881,48.8565372],[2.3673971,48.856537]],[[2.3677274,48.8565847],[2.3676018,48.8565848],[2.3676012,48.8565692],[2.3675533,48.8565691],[2.3675531,48.8565637],[2.3675389,48.8565636],[2.3675398,48.8566357],[2.3676072,48.8566374],[2.3677959,48.8566368],[2.3677925,48.8565738],[2.3677276,48.8565735],[2.3677274,48.8565847]]]},"properties":{"building":"apartments","id":"relation/551664"}},{"type":"Feature","id":"relation/551665","geometry":{"type":"Polygon","coordinates":[[[2.3643413,48.8572622],[2.3643161,48.8572619],[2.3641358,48.8573292],[2.3638131,48.8574421],[2.3637626,48.85737],[2.3637369,48.8573325],[2.3637143,48.8572968],[2.3637251,48.8572926],[2.3637243,48.8572891],[2.3638855,48.8572358],[2.363812,48.85714],[2.3636484,48.8571943],[2.3636162,48.8571524],[2.3635204,48.8570123],[2.3635276,48.8570078],[2.3639407,48.8568616],[2.3639646,48.8568542],[2.3640535,48.8569627],[2.364324,48.8568697],[2.3643297,48.8569998],[2.3643386,48.8572009],[2.364339,48.8572103],[2.3643413,48.8572622]],[[2.36389,48.8573315],[2.3637876,48.8573654],[2.3638057,48.8573897],[2.3639097,48.8573556],[2.36389,48.8573315]],[[2.3641346,48.8571545],[2.3641042,48.8571652],[2.3641055,48.8571677],[2.3639821,48.8572112],[2.3639794,48.8572103],[2.3639559,48.8572188],[2.3640316,48.857313],[2.3640633,48.8573023],[2.3640626,48.8572999],[2.3641782,48.8572585],[2.3641808,48.8572604],[2.3642116,48.8572487],[2.3641346,48.8571545]],[[2.364203,48.8569563],[2.3641111,48.8569916],[2.3640767,48.8569805],[2.3640068,48.857004],[2.364102,48.857121],[2.36416,48.8570996],[2.3641131,48.8570394],[2.3642324,48.856994],[2.364203,48.8569563]]]},"properties":{"building":"apartments","building:levels":"3","id":"relation/551665"}},{"type":"Feature","id":"relation/551666","geometry":{"type":"Polygon","coordinates":[[[2.3673756,48.8561151],[2.3675747,48.8561138],[2.3679488,48.8561189],[2.3681688,48.8561216],[2.3681418,48.8562343],[2.3681185,48.8563317],[2.3679349,48.8563209],[2.3677664,48.8563196],[2.3677399,48.8563193],[2.3673922,48.856316],[2.3673815,48.8563175],[2.367379,48.8562301],[2.3673756,48.8561151]],[[2.3679536,48.8561621],[2.3678078,48.8561591],[2.3678051,48.8561568],[2.3676116,48.8561546],[2.3676098,48.8561815],[2.3675805,48.8561812],[2.3675804,48.856198],[2.3675848,48.8561981],[2.3675832,48.8562435],[2.3676133,48.8562441],[2.3676125,48.8562744],[2.3678021,48.8562816],[2.3678036,48.8562726],[2.3679439,48.8562779],[2.3679604,48.8562667],[2.3679684,48.8561723],[2.3679536,48.8561621]]]},"properties":{"building":"apartments","id":"relation/551666"}},{"type":"Feature","id":"relation/551667","geometry":{"type":"Polygon","coordinates":[[[2.367393,48.8566739],[2.3675402,48.8566731],[2.3676206,48.8566752],[2.3676254,48.8567809],[2.3675717,48.8567806],[2.3673968,48.8567798],[2.3673952,48.8567356],[2.367393,48.8566739]],[[2.3675554,48.8567062],[2.3675044,48.8567058],[2.3675052,48.8567497],[2.3675576,48.85675],[2.3675554,48.8567062]]]},"properties":{"building":"apartments","id":"relation/551667"}},{"type":"Feature","id":"relation/551668","geometry":{"type":"Polygon","coordinates":[[[2.3666387,48.8567542],[2.3666569,48.8568047],[2.3667327,48.8567935],[2.3667678,48.8568926],[2.3668143,48.8570237],[2.3668147,48.8570249],[2.3666798,48.8570478],[2.366544,48.8570708],[2.3664357,48.8567862],[2.3664828,48.8567781],[2.3665298,48.8567701],[2.3666387,48.8567542]],[[2.3666964,48.8568683],[2.366665,48.8568734],[2.3666462,48.8568223],[2.3665505,48.8568378],[2.3665708,48.8568891],[2.3665402,48.8568934],[2.3665527,48.8569256],[2.366584,48.8569196],[2.366608,48.8569844],[2.3666974,48.8569687],[2.3666733,48.8569064],[2.3667078,48.8569009],[2.3666964,48.8568683]]]},"properties":{"building":"apartments","id":"relation/551668"}},{"type":"Feature","id":"relation/551669","geometry":{"type":"Polygon","coordinates":[[[2.3654495,48.8569513],[2.3654997,48.8570726],[2.3655602,48.8572346],[2.3654343,48.8572552],[2.3653442,48.8572699],[2.3651673,48.8572988],[2.3650585,48.8570315],[2.3650523,48.8570177],[2.3651633,48.8569991],[2.3652242,48.8569889],[2.3654495,48.8569513]],[[2.3652861,48.8571518],[2.3652074,48.8571656],[2.3651883,48.8571177],[2.365153,48.8571229],[2.365174,48.857178],[2.3651836,48.8571766],[2.3651931,48.8572016],[2.3651839,48.8572026],[2.365189,48.8572182],[2.3654578,48.8571763],[2.3654049,48.8570339],[2.3652494,48.8570626],[2.3652861,48.8571518]]]},"properties":{"building":"apartments","id":"relation/551669"}},{"type":"Feature","id":"relation/551670","geometry":{"type":"Polygon","coordinates":[[[2.3674115,48.8570571],[2.367496,48.8570627],[2.3674969,48.8570774],[2.3679322,48.8571079],[2.3679216,48.8571561],[2.3679126,48.8571973],[2.3678295,48.85719],[2.3674127,48.8571956],[2.3674112,48.8571488],[2.3674084,48.8570604],[2.3674112,48.8570603],[2.3674115,48.8570571]],[[2.3677564,48.8571325],[2.3675404,48.8571303],[2.3675394,48.8571183],[2.3675157,48.8571188],[2.3675159,48.857149],[2.3675179,48.8571697],[2.3677275,48.857169],[2.367728,48.8571605],[2.3677567,48.8571605],[2.3677564,48.8571325]],[[2.367784,48.8571028],[2.3677597,48.8571033],[2.3677602,48.8571184],[2.3677848,48.8571178],[2.367784,48.8571028]]]},"properties":{"building":"apartments","id":"relation/551670"}},{"type":"Feature","id":"relation/551671","geometry":{"type":"Polygon","coordinates":[[[2.3650585,48.8570315],[2.3651673,48.8572988],[2.3650467,48.8573189],[2.3649472,48.8573356],[2.3649191,48.8572641],[2.3648854,48.8571787],[2.3648676,48.8571319],[2.3648415,48.8570661],[2.3649377,48.8570508],[2.3650585,48.8570315]],[[2.3650105,48.8571292],[2.3649624,48.857138],[2.3649613,48.857136],[2.3649394,48.8571395],[2.3649474,48.8571568],[2.364974,48.857154],[2.3650114,48.8572491],[2.3650744,48.8572398],[2.3650317,48.8571363],[2.3650144,48.857139],[2.3650105,48.8571292]]]},"properties":{"building":"apartments","id":"relation/551671"}},{"type":"Feature","id":"relation/551672","geometry":{"type":"Polygon","coordinates":[[[2.3640524,48.8565761],[2.3641132,48.856675],[2.3641453,48.8567273],[2.3641571,48.8567473],[2.3641639,48.8567567],[2.3641801,48.856779],[2.3639646,48.8568542],[2.3639407,48.8568616],[2.3638,48.8566511],[2.3639089,48.8566187],[2.3640524,48.8565761]],[[2.3640428,48.8566943],[2.3639257,48.856729],[2.3639705,48.8567968],[2.3640826,48.8567595],[2.3640428,48.8566943]]]},"properties":{"building":"yes","building:levels":"5","id":"relation/551672"}},{"type":"Feature","id":"relation/571171","geometry":{"type":"Polygon","coordinates":[[[2.3626606,48.8567213],[2.3625127,48.8567691],[2.3624181,48.856799],[2.3623659,48.8568163],[2.3622721,48.8566858],[2.3622955,48.8566784],[2.362586,48.8565869],[2.3626227,48.856653],[2.3626234,48.8566542],[2.3626606,48.8567213]],[[2.3624669,48.8566535],[2.3624391,48.8566616],[2.3624451,48.856674],[2.362372,48.8566976],[2.3624153,48.8567593],[2.3624911,48.8567343],[2.3624977,48.8567432],[2.3625142,48.8567385],[2.3625045,48.8567196],[2.3624983,48.8567208],[2.3624945,48.8567133],[2.3624997,48.8567122],[2.3624669,48.8566535]]]},"properties":{"building":"apartments","id":"relation/571171"}},{"type":"Feature","id":"relation/571172","geometry":{"type":"Polygon","coordinates":[[[2.3614374,48.856421],[2.3619102,48.8563827],[2.362009,48.8565284],[2.3619808,48.8565396],[2.3619436,48.8565498],[2.3617911,48.8565621],[2.3616698,48.8565715],[2.3614691,48.8565887],[2.3614539,48.8565082],[2.3614374,48.856421]],[[2.3618237,48.8564466],[2.3618049,48.8564397],[2.3617783,48.8564413],[2.3617757,48.8564438],[2.3616581,48.8564531],[2.3616552,48.8564514],[2.3616154,48.8564552],[2.3616267,48.8565133],[2.3618325,48.8564991],[2.3618237,48.8564466]]]},"properties":{"building":"apartments","id":"relation/571172"}},{"type":"Feature","id":"relation/571175","geometry":{"type":"Polygon","coordinates":[[[2.3615165,48.8552184],[2.3615479,48.8552827],[2.3616299,48.8553889],[2.3615763,48.8554087],[2.3616235,48.8554651],[2.3616293,48.8554742],[2.3616783,48.8555306],[2.3615358,48.8555814],[2.3614681,48.855605],[2.3614411,48.8555702],[2.3614117,48.8555293],[2.3613452,48.8554367],[2.3613423,48.8554251],[2.3613412,48.8554136],[2.3613201,48.8552656],[2.361388,48.8552493],[2.3615165,48.8552184]],[[2.3615557,48.8554172],[2.3614557,48.8554529],[2.361505,48.8555188],[2.3616093,48.8554814],[2.3615557,48.8554172]]]},"properties":{"building":"apartments","building:levels":"7","id":"relation/571175"}},{"type":"Feature","id":"relation/571192","geometry":{"type":"Polygon","coordinates":[[[2.3622473,48.8549738],[2.3623587,48.8551225],[2.3623691,48.8551369],[2.3624096,48.8551906],[2.3623914,48.855195],[2.3623015,48.8552205],[2.362296,48.8552219],[2.3622276,48.8551349],[2.3622529,48.8551216],[2.3621652,48.8550025],[2.3621783,48.8549979],[2.3622473,48.8549738]],[[2.3623203,48.855105],[2.3622833,48.8551174],[2.3623059,48.8551431],[2.3623428,48.8551328],[2.3623203,48.855105]]]},"properties":{"building":"apartments","building:levels":"7","id":"relation/571192"}},{"type":"Feature","id":"relation/571193","geometry":{"type":"Polygon","coordinates":[[[2.3627715,48.8547439],[2.3629584,48.8549792],[2.3629423,48.8549859],[2.3629553,48.855006],[2.3629107,48.8550204],[2.3629006,48.8550063],[2.3628354,48.8550334],[2.3628218,48.8550136],[2.3626584,48.854795],[2.3626789,48.8547857],[2.3627353,48.8547602],[2.3627715,48.8547439]],[[2.3628249,48.8548843],[2.3627913,48.8548951],[2.3627679,48.8548657],[2.3627524,48.8548707],[2.3628022,48.8549393],[2.3628524,48.8549208],[2.3628249,48.8548843]]]},"properties":{"building":"apartments","id":"relation/571193"}},{"type":"Feature","id":"relation/571194","geometry":{"type":"Polygon","coordinates":[[[2.3628932,48.8551547],[2.3628719,48.8551153],[2.3628115,48.8551299],[2.3627499,48.8550654],[2.3627761,48.8550568],[2.3628354,48.8550334],[2.3629006,48.8550063],[2.3629107,48.8550204],[2.3629553,48.855006],[2.3630291,48.8551152],[2.3629645,48.855134],[2.3628932,48.8551547]],[[2.3629017,48.8550338],[2.3628629,48.8550475],[2.3628463,48.8550504],[2.3628373,48.8550603],[2.3628134,48.8550506],[2.3628633,48.8551026],[2.3628807,48.855097],[2.3628768,48.8550916],[2.3629161,48.8550796],[2.3629211,48.8550859],[2.362936,48.8550803],[2.3629017,48.8550338]]]},"properties":{"building":"apartments","id":"relation/571194"}},{"type":"Feature","id":"relation/571195","geometry":{"type":"Polygon","coordinates":[[[2.3622202,48.8556867],[2.3624033,48.8556252],[2.362545,48.855585],[2.3625544,48.8555984],[2.3625745,48.8556278],[2.3626261,48.8557044],[2.3626523,48.8557551],[2.3626198,48.8557652],[2.3624782,48.855809],[2.3623263,48.8558561],[2.3623154,48.8558595],[2.3622766,48.8557829],[2.3622615,48.8557514],[2.3622202,48.8556867]],[[2.362451,48.8556387],[2.3624348,48.8556447],[2.3624382,48.8556485],[2.3623724,48.8556737],[2.3623689,48.8556707],[2.3623616,48.8556732],[2.3624259,48.855779],[2.3624656,48.8557697],[2.3624634,48.8557632],[2.3624755,48.85576],[2.3624706,48.8557493],[2.3624734,48.855745],[2.3624766,48.8557419],[2.362517,48.8557321],[2.362451,48.8556387]]]},"properties":{"building":"apartments","id":"relation/571195"}},{"type":"Feature","id":"relation/571196","geometry":{"type":"Polygon","coordinates":[[[2.3621333,48.8555611],[2.3623032,48.8555025],[2.3623169,48.8555227],[2.3622703,48.8555387],[2.3622857,48.8555626],[2.3623762,48.8555314],[2.3623692,48.8555208],[2.3623652,48.8555224],[2.3623615,48.8555227],[2.3623555,48.8555206],[2.3623358,48.8554925],[2.3624536,48.8554539],[2.3624793,48.8554907],[2.3624575,48.8554957],[2.3624931,48.8555459],[2.3625126,48.8555394],[2.3625145,48.855541],[2.362533,48.855568],[2.362545,48.855585],[2.3624033,48.8556252],[2.3622202,48.8556867],[2.3621596,48.8555991],[2.3621453,48.8555785],[2.3621333,48.8555611]],[[2.3624058,48.8555738],[2.3623079,48.8556062],[2.3623235,48.8556291],[2.3624049,48.8556012],[2.3624264,48.8556007],[2.3624058,48.8555738]]]},"properties":{"building":"apartments","id":"relation/571196"}},{"type":"Feature","id":"relation/571197","geometry":{"type":"Polygon","coordinates":[[[2.3622254,48.8554199],[2.3622822,48.8554787],[2.3623032,48.8555025],[2.3621333,48.8555611],[2.3620986,48.8555242],[2.362089,48.8555141],[2.362028,48.8554494],[2.3621081,48.8554311],[2.362139,48.855424],[2.362213,48.8554072],[2.3622254,48.8554199]],[[2.3622002,48.8554625],[2.3621798,48.8554341],[2.3621238,48.8554465],[2.3621522,48.8554764],[2.3621764,48.8554665],[2.3621853,48.8554679],[2.3621948,48.8554803],[2.3622312,48.8554666],[2.3622194,48.8554553],[2.3622002,48.8554625]]]},"properties":{"building":"yes","building:levels":"5","id":"relation/571197"}},{"type":"Feature","id":"relation/571198","geometry":{"type":"Polygon","coordinates":[[[2.3632563,48.8548715],[2.3633227,48.8548494],[2.3633719,48.8548363],[2.3633865,48.854853],[2.3634311,48.8549196],[2.3634791,48.8549873],[2.3633699,48.8550229],[2.3633131,48.8549472],[2.3632563,48.8548715]],[[2.3634294,48.8549202],[2.3634159,48.8549175],[2.363403,48.8549229],[2.363415,48.8549394],[2.3634233,48.8549363],[2.3634177,48.8549266],[2.3634309,48.8549215],[2.3634294,48.8549202]]]},"properties":{"building":"apartments","building:levels":"7","id":"relation/571198"}},{"type":"Feature","id":"relation/571227","geometry":{"type":"Polygon","coordinates":[[[2.363915,48.8560286],[2.3636683,48.8560912],[2.3636093,48.8559957],[2.3638478,48.8559462],[2.3638622,48.8559433],[2.3638632,48.8559449],[2.3638857,48.8559813],[2.3638992,48.8560031],[2.363915,48.8560286]],[[2.3637586,48.8560101],[2.3637149,48.856018],[2.3637276,48.8560377],[2.3637701,48.856028],[2.3637586,48.8560101]]]},"properties":{"building":"apartments","id":"relation/571227"}},{"type":"Feature","id":"relation/571228","geometry":{"type":"Polygon","coordinates":[[[2.3637685,48.8565837],[2.3637035,48.8564855],[2.3636744,48.8564418],[2.3636183,48.8563567],[2.3637286,48.8563289],[2.3638732,48.8565534],[2.3638161,48.8565699],[2.3637685,48.8565837]],[[2.3637581,48.8564556],[2.363728,48.8564643],[2.3637646,48.8565173],[2.3637864,48.8565096],[2.3637588,48.8564678],[2.3637652,48.8564664],[2.3637581,48.8564556]]]},"properties":{"building":"yes","id":"relation/571228"}},{"type":"Feature","id":"relation/571229","geometry":{"type":"Polygon","coordinates":[[[2.3634152,48.8566892],[2.3633336,48.856563],[2.3633042,48.8565152],[2.3632104,48.8565441],[2.363151,48.8564592],[2.3631868,48.8564504],[2.3632302,48.8564398],[2.3633399,48.8564157],[2.363404,48.8564005],[2.3634369,48.8564503],[2.3635056,48.8565562],[2.3635625,48.8566447],[2.3634865,48.8566677],[2.3634152,48.8566892]],[[2.3634419,48.8565321],[2.3633715,48.8565531],[2.363381,48.856567],[2.3633958,48.8565678],[2.3634138,48.8565957],[2.3634013,48.8565997],[2.3634094,48.8566098],[2.3634771,48.8565886],[2.3634419,48.8565321]]]},"properties":{"building":"yes","id":"relation/571229"}},{"type":"Feature","id":"relation/571230","geometry":{"type":"Polygon","coordinates":[[[2.3633175,48.8567187],[2.3632413,48.8565948],[2.3632104,48.8565441],[2.3633042,48.8565152],[2.3633336,48.856563],[2.3634152,48.8566892],[2.363369,48.8567032],[2.3633175,48.8567187]],[[2.3632901,48.8565683],[2.363276,48.8565722],[2.3633093,48.856629],[2.3633281,48.8566241],[2.3632901,48.8565683]]]},"properties":{"building":"yes","id":"relation/571230"}},{"type":"Feature","id":"relation/571231","geometry":{"type":"Polygon","coordinates":[[[2.3631619,48.8567644],[2.3631338,48.85672],[2.3630768,48.856738],[2.3630232,48.8566578],[2.3630531,48.8566482],[2.3632413,48.8565948],[2.3633175,48.8567187],[2.3632306,48.8567442],[2.3631619,48.8567644]],[[2.3631619,48.8566422],[2.3631073,48.8566571],[2.3631461,48.8567107],[2.3632227,48.8566874],[2.3632162,48.8566781],[2.3632235,48.8566723],[2.3632502,48.8566653],[2.3632383,48.8566463],[2.363177,48.8566638],[2.3631619,48.8566422]]]},"properties":{"building":"yes","id":"relation/571231"}},{"type":"Feature","id":"relation/571232","geometry":{"type":"Polygon","coordinates":[[[2.3625608,48.8559096],[2.3626238,48.8560237],[2.3624288,48.8560697],[2.3624058,48.8560275],[2.3623526,48.85593],[2.3624113,48.8559181],[2.36253,48.855894],[2.36255,48.8558899],[2.3625608,48.8559096]],[[2.362526,48.8559303],[2.3624646,48.8559423],[2.3624728,48.8559557],[2.3624952,48.8559508],[2.3625108,48.8559761],[2.3625081,48.8559777],[2.3625229,48.8560029],[2.3625353,48.8560042],[2.3625625,48.8559967],[2.362526,48.8559303]]]},"properties":{"building":"apartments","id":"relation/571232"}},{"type":"Feature","id":"relation/571315","geometry":{"type":"Polygon","coordinates":[[[2.3651707,48.8544675],[2.3653216,48.8544389],[2.3652955,48.8543802],[2.365265,48.8543138],[2.3654758,48.8542686],[2.3654897,48.8542666],[2.3656228,48.8542394],[2.3656514,48.8542866],[2.36567,48.8542828],[2.3656944,48.8543454],[2.3657927,48.854332],[2.365818,48.854416],[2.365822,48.8544293],[2.3658442,48.854503],[2.3655743,48.8545392],[2.3655787,48.8545571],[2.3654619,48.8545746],[2.3652325,48.8546085],[2.3651978,48.8545294],[2.3651707,48.8544675]],[[2.3655567,48.8544977],[2.3655561,48.854489],[2.3657227,48.8544671],[2.3656903,48.854344],[2.3655207,48.854375],[2.3655259,48.8543886],[2.3654825,48.8543969],[2.3654661,48.8543537],[2.3653429,48.8543788],[2.3653849,48.8544626],[2.3652893,48.8544795],[2.3653129,48.8545365],[2.3655567,48.8544977]]]},"properties":{"building":"yes","id":"relation/571315"}},{"type":"Feature","id":"relation/571316","geometry":{"type":"Polygon","coordinates":[[[2.3659925,48.8538619],[2.3659439,48.853759],[2.3660136,48.8537424],[2.3660844,48.8537256],[2.3661911,48.853929],[2.3660015,48.853975],[2.3659538,48.8538723],[2.3659925,48.8538619]],[[2.3660872,48.8538274],[2.366045,48.8538364],[2.366049,48.8538454],[2.3660317,48.8538674],[2.3660087,48.8538728],[2.3660279,48.8539103],[2.3661202,48.8538894],[2.3660872,48.8538274]]]},"properties":{"building":"apartments","building:levels":"6","id":"relation/571316"}},{"type":"Feature","id":"relation/571317","geometry":{"type":"Polygon","coordinates":[[[2.3643873,48.854735],[2.3642195,48.8545004],[2.36423,48.8544973],[2.3642694,48.8544859],[2.3642289,48.854424],[2.3642488,48.8544181],[2.364277,48.8544109],[2.3643073,48.8544564],[2.3644041,48.8544321],[2.3644522,48.8545122],[2.3644594,48.8545107],[2.3645714,48.8546836],[2.364411,48.8547282],[2.3643873,48.854735]],[[2.3643959,48.8546568],[2.3644753,48.8546338],[2.36444,48.8545799],[2.3643616,48.8546022],[2.3643959,48.8546568]]]},"properties":{"building":"apartments","id":"relation/571317"}},{"type":"Feature","id":"relation/571318","geometry":{"type":"Polygon","coordinates":[[[2.3654086,48.8541216],[2.3654287,48.8541634],[2.3654507,48.8541593],[2.3654577,48.8541772],[2.3655857,48.8541571],[2.3657317,48.854134],[2.3657575,48.8542178],[2.3657927,48.854332],[2.3656944,48.8543454],[2.36567,48.8542828],[2.3656514,48.8542866],[2.3656228,48.8542394],[2.3654897,48.8542666],[2.3654758,48.8542686],[2.365265,48.8543138],[2.365241,48.8542596],[2.3650948,48.8542919],[2.3650856,48.8542714],[2.3650766,48.8542511],[2.3652237,48.8542169],[2.3652013,48.854164],[2.3652184,48.8541606],[2.3651902,48.854102],[2.3651648,48.8540481],[2.3651299,48.853967],[2.3652406,48.8539383],[2.3653694,48.853905],[2.3654197,48.8540583],[2.3654364,48.8541156],[2.3654086,48.8541216]],[[2.3652966,48.8539735],[2.3652213,48.8539923],[2.3652323,48.8540178],[2.3652202,48.8540207],[2.3652656,48.8541075],[2.3652693,48.8541446],[2.3652758,48.8541445],[2.3652819,48.8541464],[2.3652862,48.8541503],[2.3653643,48.8541355],[2.3653637,48.854128],[2.3653695,48.8541223],[2.3653793,48.8541192],[2.3653605,48.8540939],[2.3653504,48.8540953],[2.3652966,48.8539735]],[[2.3654245,48.8541924],[2.3654446,48.8542354],[2.365479,48.8542302],[2.3654633,48.8541846],[2.3654245,48.8541924]]]},"properties":{"building":"yes","id":"relation/571318"}},{"type":"Feature","id":"relation/571319","geometry":{"type":"Polygon","coordinates":[[[2.3658275,48.8540159],[2.3658102,48.8539701],[2.365779,48.8538877],[2.3657478,48.8538052],[2.3658419,48.853783],[2.3659439,48.853759],[2.3659925,48.8538619],[2.3659538,48.8538723],[2.3660015,48.853975],[2.3658275,48.8540159]],[[2.3658396,48.8539184],[2.3658696,48.8539116],[2.3658839,48.8539412],[2.365935,48.8539295],[2.3658975,48.8538587],[2.3658238,48.8538768],[2.3658396,48.8539184]]]},"properties":{"building":"apartments","building:levels":"4","roof:levels":"1","id":"relation/571319"}},{"type":"Feature","id":"relation/571320","geometry":{"type":"Polygon","coordinates":[[[2.3641235,48.8542671],[2.3642289,48.854424],[2.3642694,48.8544859],[2.36423,48.8544973],[2.3642044,48.854459],[2.3642078,48.8544579],[2.3641984,48.8544433],[2.3641787,48.8544504],[2.3641946,48.8544745],[2.3641857,48.854482],[2.3641539,48.8544917],[2.3641702,48.8545159],[2.3642195,48.8545004],[2.3643873,48.854735],[2.3642734,48.8547669],[2.3642632,48.8547447],[2.3642205,48.8547571],[2.3642328,48.8547781],[2.3642083,48.8547846],[2.3641869,48.8547902],[2.3641192,48.8546948],[2.363993,48.8545275],[2.3639556,48.8544779],[2.3640111,48.8544598],[2.3639203,48.8543275],[2.3639593,48.8543159],[2.3640274,48.8542957],[2.3640768,48.854281],[2.3641235,48.8542671]],[[2.3641224,48.8544016],[2.3641089,48.8543815],[2.3640841,48.8543884],[2.3640852,48.8543908],[2.3640194,48.8544109],[2.3640447,48.8544494],[2.3640724,48.8544412],[2.3640749,48.8544329],[2.364104,48.8544265],[2.3640943,48.8544096],[2.3641224,48.8544016]],[[2.3641007,48.8545279],[2.3640969,48.8544758],[2.3640504,48.8544897],[2.3640605,48.8545051],[2.3640334,48.8545129],[2.3640557,48.8545421],[2.3641007,48.8545279]],[[2.3641869,48.8546022],[2.3641111,48.854625],[2.3641627,48.854691],[2.3642295,48.8546718],[2.3641869,48.8546022]]]},"properties":{"building":"apartments","id":"relation/571320"}},{"type":"Feature","id":"relation/571321","geometry":{"type":"Polygon","coordinates":[[[2.3658275,48.8540159],[2.3660015,48.853975],[2.3661911,48.853929],[2.3662815,48.8539069],[2.3663507,48.8538895],[2.3663658,48.8539183],[2.3664017,48.8539924],[2.3664076,48.8540091],[2.3663378,48.8540229],[2.3662561,48.8540406],[2.3660789,48.8540697],[2.365862,48.8541219],[2.3658437,48.8540657],[2.3658275,48.8540159]],[[2.3660705,48.8540332],[2.3662767,48.8540007],[2.3662802,48.8540057],[2.366326,48.8539984],[2.3662957,48.8539357],[2.3662748,48.8539402],[2.3662784,48.8539494],[2.3662615,48.8539603],[2.3661388,48.853991],[2.3661358,48.8539862],[2.3660594,48.8540049],[2.3660705,48.8540332]]]},"properties":{"building":"yes","id":"relation/571321"}},{"type":"Feature","id":"relation/571726","geometry":{"type":"Polygon","coordinates":[[[2.3662941,48.8544578],[2.366567,48.8544209],[2.3668001,48.8543887],[2.3668097,48.8544085],[2.3668168,48.8544246],[2.3668364,48.8544787],[2.3668462,48.854502],[2.3667932,48.8545117],[2.3668145,48.8545644],[2.3668659,48.8545551],[2.3668836,48.8546026],[2.3669285,48.8547224],[2.3668205,48.8547412],[2.3666692,48.8547677],[2.3662988,48.8548332],[2.3662373,48.8548441],[2.3662391,48.8548482],[2.3660302,48.8548836],[2.366013,48.8548424],[2.3659707,48.8547469],[2.3659202,48.8546219],[2.3659014,48.8545753],[2.3658926,48.8545533],[2.3658866,48.854513],[2.3659198,48.854508],[2.3659797,48.8544989],[2.3659805,48.8545012],[2.3662941,48.8544578]],[[2.3666012,48.8544309],[2.3665331,48.8544411],[2.3665372,48.8544539],[2.3663628,48.8544782],[2.3663584,48.8544658],[2.3662835,48.8544776],[2.3664107,48.8547823],[2.366628,48.8547429],[2.3666338,48.8547558],[2.3666767,48.8547484],[2.3666808,48.8547588],[2.366732,48.8547496],[2.3667227,48.8547245],[2.3667195,48.8547247],[2.3666006,48.8544368],[2.3666043,48.8544355],[2.3666012,48.8544309]],[[2.3661774,48.8545084],[2.3659814,48.8545379],[2.3660805,48.8547898],[2.3662789,48.8547561],[2.3661774,48.8545084]]]},"properties":{"building":"yes","name":"Hôtel Arnaud","id":"relation/571726"}},{"type":"Feature","id":"relation/571727","geometry":{"type":"Polygon","coordinates":[[[2.3662391,48.8548482],[2.3662373,48.8548441],[2.3662988,48.8548332],[2.3666692,48.8547677],[2.3666935,48.854828],[2.3667224,48.8549007],[2.366662,48.8549116],[2.3665155,48.8549363],[2.3663488,48.8549647],[2.3662888,48.8549749],[2.3662391,48.8548482]],[[2.366618,48.8548161],[2.3664654,48.8548428],[2.366464,48.8548389],[2.3663762,48.8548533],[2.3664018,48.8549192],[2.3665007,48.8549016],[2.3664981,48.8548953],[2.3666398,48.8548709],[2.366618,48.8548161]]]},"properties":{"building":"apartments","building:levels":"3","name":"Hôtel de Fourcy","roof:levels":"2","id":"relation/571727"}},{"type":"Feature","id":"relation/571841","geometry":{"type":"Polygon","coordinates":[[[2.3673509,48.8549144],[2.3675994,48.8549191],[2.367744,48.8549211],[2.3680417,48.8549247],[2.3680397,48.8549818],[2.3680377,48.8550407],[2.3678793,48.8550357],[2.3678257,48.855034],[2.3678282,48.8549554],[2.3677192,48.8549534],[2.367718,48.85503],[2.3673424,48.8550249],[2.3673407,48.8549776],[2.3673385,48.854915],[2.3673509,48.8549144]],[[2.3674731,48.8549958],[2.3675985,48.854998],[2.3675991,48.8549516],[2.367474,48.8549498],[2.3674731,48.8549958]]]},"properties":{"building":"apartments","id":"relation/571841"}},{"type":"Feature","id":"relation/571842","geometry":{"type":"Polygon","coordinates":[[[2.3673464,48.8546783],[2.3678893,48.8546723],[2.3678872,48.8547442],[2.367885,48.8547834],[2.3678806,48.8547849],[2.367558,48.8547818],[2.367558,48.8547174],[2.3674975,48.8547164],[2.3674918,48.8547135],[2.367495,48.854753],[2.3675286,48.8547532],[2.3675292,48.8547817],[2.3673479,48.8547814],[2.3673472,48.8547343],[2.3673464,48.8546783]],[[2.3678407,48.8547133],[2.3678489,48.8547128],[2.3678496,48.8547086],[2.367844,48.8547043],[2.3678243,48.8547049],[2.3678227,48.8547144],[2.3677095,48.854715],[2.3676943,48.8547247],[2.3676943,48.8547334],[2.3677056,48.8547332],[2.3677052,48.8547397],[2.3677221,48.8547506],[2.3678303,48.8547501],[2.3678405,48.8547379],[2.3678407,48.8547133]]]},"properties":{"building":"apartments","id":"relation/571842"}},{"type":"Feature","id":"relation/571843","geometry":{"type":"Polygon","coordinates":[[[2.3673578,48.8555327],[2.3675223,48.8555359],[2.3675797,48.8555378],[2.3675798,48.8556123],[2.3675254,48.8556115],[2.3673596,48.855609],[2.3673588,48.8555777],[2.3673578,48.8555327]],[[2.3675436,48.8555661],[2.3675256,48.8555469],[2.3675231,48.855547],[2.3675241,48.8555824],[2.3675658,48.8555832],[2.3675658,48.8555668],[2.3675436,48.8555661]]]},"properties":{"building":"apartments","building:levels":"5","roof:levels":"1","id":"relation/571843"}},{"type":"Feature","id":"relation/571844","geometry":{"type":"Polygon","coordinates":[[[2.3673642,48.8557496],[2.3675074,48.8557587],[2.3675103,48.8558649],[2.367426,48.8558791],[2.3673744,48.8558879],[2.3673701,48.8558852],[2.3673672,48.855818],[2.3673642,48.8557496]],[[2.3674918,48.8558008],[2.367463,48.8558006],[2.3674571,48.8558064],[2.3674461,48.855811],[2.3674913,48.8558123],[2.3674918,48.8558008]]]},"properties":{"building":"apartments","building:levels":"5","id":"relation/571844"}},{"type":"Feature","id":"relation/571845","geometry":{"type":"Polygon","coordinates":[[[2.3685571,48.8545112],[2.3683687,48.8545046],[2.3683234,48.854503],[2.3682922,48.854502],[2.3682923,48.8544813],[2.3682735,48.8544814],[2.3682722,48.8545014],[2.3681874,48.8544989],[2.368187,48.8544946],[2.3681954,48.8544944],[2.3681991,48.8543981],[2.3682039,48.8542726],[2.368612,48.8542819],[2.3685979,48.8543406],[2.3685715,48.8544511],[2.3685571,48.8545112]],[[2.3684415,48.8543279],[2.3684333,48.8543238],[2.3684257,48.8543178],[2.3683402,48.8543176],[2.3683343,48.8544615],[2.3684177,48.8544626],[2.3684345,48.8544542],[2.3684415,48.8543279]]]},"properties":{"building":"apartments","id":"relation/571845"}},{"type":"Feature","id":"relation/571846","geometry":{"type":"Polygon","coordinates":[[[2.368612,48.8542819],[2.3682039,48.8542726],[2.368206,48.8542108],[2.3682078,48.8541532],[2.3682087,48.8541265],[2.3686208,48.8541246],[2.368625,48.8541958],[2.3686265,48.8542205],[2.368612,48.8542819]],[[2.3684339,48.8541629],[2.3684175,48.8541625],[2.3684101,48.8541681],[2.368339,48.8541684],[2.3683375,48.8542354],[2.3683601,48.8542361],[2.3684096,48.8542375],[2.3684178,48.8542441],[2.3684177,48.8542508],[2.368431,48.8542508],[2.3684321,48.8542157],[2.3684339,48.8541629]]]},"properties":{"building":"apartments","id":"relation/571846"}},{"type":"Feature","id":"relation/571847","geometry":{"type":"Polygon","coordinates":[[[2.367362,48.8556914],[2.3675279,48.8557002],[2.3676226,48.8557009],[2.3676817,48.8557001],[2.3676854,48.8557662],[2.3676711,48.8557656],[2.367642,48.8557643],[2.3675074,48.8557587],[2.3673642,48.8557496],[2.3673634,48.8557281],[2.367362,48.8556914]],[[2.3675282,48.855717],[2.3675289,48.8557364],[2.3676303,48.8557379],[2.3676302,48.8557167],[2.3675282,48.855717]]]},"properties":{"building":"apartments","id":"relation/571847"}},{"type":"Feature","id":"relation/571848","geometry":{"type":"Polygon","coordinates":[[[2.3684466,48.8549755],[2.3683707,48.8549762],[2.3683703,48.8549695],[2.3682847,48.8549645],[2.3682637,48.8549635],[2.3681546,48.8549592],[2.3681574,48.8549154],[2.3681595,48.8548829],[2.3681623,48.8548406],[2.3682148,48.8548402],[2.3683108,48.8548395],[2.3684799,48.8548384],[2.3684621,48.8549118],[2.3684466,48.8549755]],[[2.36827,48.8549294],[2.3683764,48.8549373],[2.3683848,48.8549033],[2.3683488,48.8548861],[2.3682859,48.8548856],[2.3682887,48.8549144],[2.3682702,48.8549142],[2.36827,48.8549294]]]},"properties":{"building":"apartments","building:levels":"6","id":"relation/571848"}},{"type":"Feature","id":"relation/571849","geometry":{"type":"Polygon","coordinates":[[[2.3676519,48.8539205],[2.3676714,48.8540258],[2.3674256,48.8540443],[2.3674442,48.8539401],[2.3674505,48.8539358],[2.3676519,48.8539205]],[[2.3676117,48.8539994],[2.3675903,48.853995],[2.3675576,48.8539974],[2.3675445,48.854008],[2.3675467,48.8540225],[2.3675724,48.8540209],[2.367571,48.8540118],[2.3676123,48.8540082],[2.3676117,48.8539994]]]},"properties":{"addr:housenumber":"1","addr:street":"rue de la Bastille","building":"yes","building:levels":"6","name":"Hôtel Bastille Speria","id":"relation/571849"}},{"type":"Feature","id":"relation/571894","geometry":{"type":"Polygon","coordinates":[[[2.3678,48.8534606],[2.3678322,48.853566],[2.3678384,48.8535833],[2.3678491,48.8536186],[2.367765,48.8536275],[2.3677272,48.8536323],[2.3676882,48.8536359],[2.367641,48.8534822],[2.3677129,48.8534725],[2.3678,48.8534606]],[[2.3677563,48.8535993],[2.3677513,48.8535857],[2.3677378,48.8535868],[2.3677357,48.8535817],[2.3677212,48.8535837],[2.3677279,48.8536019],[2.3677563,48.8535993]]]},"properties":{"building":"apartments","building:levels":"6","roof:levels":"1","roof:shape":"gambrel","id":"relation/571894"}},{"type":"Feature","id":"relation/571895","geometry":{"type":"Polygon","coordinates":[[[2.368239,48.8534324],[2.3682413,48.8534405],[2.3682403,48.8534509],[2.368246,48.85345],[2.3682476,48.8534535],[2.3682672,48.8534971],[2.3683083,48.8535886],[2.3683244,48.8536244],[2.3683317,48.8536405],[2.3683529,48.8536876],[2.3683492,48.8536889],[2.3683556,48.8536958],[2.3683599,48.8537035],[2.3683605,48.8537149],[2.3683556,48.8537261],[2.3683459,48.8537346],[2.3683329,48.853742],[2.3683162,48.8537466],[2.3683018,48.8537472],[2.3682969,48.8537452],[2.368293,48.8537457],[2.3682937,48.8537481],[2.3681928,48.853756],[2.3681759,48.8537573],[2.3680384,48.8537679],[2.3680118,48.8536003],[2.3679594,48.8534388],[2.3680858,48.8534213],[2.3681507,48.8534123],[2.3681521,48.8534161],[2.3681649,48.8534111],[2.368179,48.853409],[2.3681971,48.8534088],[2.3682137,48.8534126],[2.3682294,48.853421],[2.368239,48.8534324]],[[2.3681694,48.8536573],[2.3681606,48.8536356],[2.3681461,48.8536383],[2.3681389,48.8536449],[2.3681413,48.853659],[2.3681454,48.8536603],[2.3681473,48.853665],[2.3681547,48.853665],[2.3681694,48.8536573]],[[2.3681267,48.8535553],[2.3681181,48.8535372],[2.3681029,48.8535311],[2.3680969,48.853532],[2.3681014,48.8535448],[2.3680983,48.8535461],[2.3681073,48.8535586],[2.3681267,48.8535553]]]},"properties":{"building":"apartments","building:levels":"6","roof:levels":"1","roof:shape":"gambrel","id":"relation/571895"}},{"type":"Feature","id":"relation/571896","geometry":{"type":"Polygon","coordinates":[[[2.3674242,48.853719],[2.3674964,48.8537019],[2.3675007,48.8537067],[2.3676016,48.853694],[2.3675939,48.8536584],[2.3675922,48.8536466],[2.3676882,48.8536359],[2.3677147,48.8537923],[2.3675912,48.8538018],[2.3675893,48.8538019],[2.3675151,48.8538076],[2.3674572,48.8537844],[2.3674242,48.853719]],[[2.3675672,48.8537037],[2.3675258,48.8537068],[2.3675339,48.8537254],[2.3675714,48.8537215],[2.3675672,48.8537037]]]},"properties":{"building":"apartments","building:levels":"7","id":"relation/571896"}},{"type":"Feature","id":"relation/572776","geometry":{"type":"Polygon","coordinates":[[[2.3619175,48.8540539],[2.3620656,48.8539989],[2.3621257,48.8540779],[2.3621334,48.854088],[2.3621293,48.8540897],[2.362047,48.854123],[2.3620791,48.8541634],[2.3620035,48.8541865],[2.3620407,48.8542319],[2.3620625,48.8542565],[2.3620679,48.8542637],[2.3619678,48.8543081],[2.3619379,48.8542738],[2.3620132,48.8542421],[2.3619603,48.8541822],[2.361985,48.8541719],[2.3619472,48.8541293],[2.3618815,48.854154],[2.3618407,48.8541524],[2.3619336,48.8542642],[2.3619298,48.8542658],[2.3618317,48.854307],[2.3618095,48.8542817],[2.3618463,48.8542674],[2.3618351,48.8542518],[2.3617963,48.8542654],[2.3617628,48.8542266],[2.3617863,48.854218],[2.3617696,48.8541985],[2.3617462,48.8542069],[2.3617246,48.8541818],[2.3618325,48.8541432],[2.3618986,48.854118],[2.3618663,48.8540745],[2.3619175,48.8540539]],[[2.3619603,48.8540682],[2.3619157,48.8540846],[2.3619518,48.8541279],[2.3619947,48.8541112],[2.3619603,48.8540682]]]},"properties":{"building":"yes","id":"relation/572776"}},{"type":"Feature","id":"relation/572782","geometry":{"type":"Polygon","coordinates":[[[2.3619881,48.8547721],[2.3618311,48.8545702],[2.36201,48.8545093],[2.3620505,48.8545515],[2.3619851,48.8545733],[2.3620267,48.8546365],[2.3620987,48.8547469],[2.3620409,48.8547601],[2.3619881,48.8547721]],[[2.3619524,48.8545884],[2.3619013,48.8546056],[2.3619065,48.8546125],[2.3619159,48.8546091],[2.3619273,48.8546233],[2.3619165,48.854627],[2.3619435,48.854666],[2.361996,48.8546509],[2.3619524,48.8545884]]]},"properties":{"building":"apartments","building:levels":"5","id":"relation/572782"}},{"type":"Feature","id":"relation/574629","geometry":{"type":"Polygon","coordinates":[[[2.3617552,48.8536035],[2.3616538,48.8536429],[2.3616021,48.8535858],[2.3615432,48.8536099],[2.3614901,48.8536316],[2.3614686,48.8535979],[2.361284,48.8536668],[2.3612219,48.8535852],[2.3611726,48.8535346],[2.3611693,48.8535323],[2.361126,48.8534883],[2.3612097,48.8534507],[2.3612635,48.8535165],[2.3613049,48.8535002],[2.3612762,48.853463],[2.3613128,48.8534468],[2.3612836,48.8534176],[2.3614439,48.8533464],[2.3614772,48.8533802],[2.3614942,48.8533983],[2.3615228,48.8533852],[2.3615269,48.8533886],[2.3615412,48.8534004],[2.3616008,48.8534505],[2.3616255,48.8534731],[2.3616588,48.853504],[2.3617014,48.8535435],[2.3617242,48.8535691],[2.3617552,48.8536035]],[[2.3614694,48.853438],[2.3613135,48.853497],[2.3613113,48.8534978],[2.3613953,48.8535877],[2.3614974,48.8535472],[2.361565,48.8535203],[2.3615469,48.8535047],[2.361509,48.8534721],[2.3614694,48.853438]]]},"properties":{"building":"yes","id":"relation/574629"}},{"type":"Feature","id":"relation/574765","geometry":{"type":"Polygon","coordinates":[[[2.3622301,48.8531443],[2.3619707,48.8529237],[2.3620999,48.85286],[2.3621352,48.8528904],[2.362239,48.85298],[2.3623609,48.8530802],[2.3622962,48.8531119],[2.3622301,48.8531443]],[[2.3621247,48.8529341],[2.3620636,48.8529639],[2.3620683,48.8529662],[2.3620777,48.8529666],[2.3621972,48.85307],[2.362248,48.8530451],[2.3622402,48.8530309],[2.3622361,48.853031],[2.3621247,48.8529341]]]},"properties":{"building":"yes","building:levels":"5","id":"relation/574765"}},{"type":"Feature","id":"relation/574767","geometry":{"type":"Polygon","coordinates":[[[2.3624223,48.8530503],[2.3621641,48.8528284],[2.3621679,48.8528265],[2.3622283,48.8527977],[2.3622129,48.8527838],[2.3623871,48.8526938],[2.3624979,48.8527885],[2.3626636,48.8529322],[2.3625445,48.8529905],[2.3624223,48.8530503]],[[2.3622546,48.852872],[2.3622412,48.8528786],[2.3622445,48.8528807],[2.3622475,48.8528806],[2.3622592,48.8528902],[2.3622678,48.852884],[2.3622546,48.852872]],[[2.3623806,48.852719],[2.3623568,48.8527304],[2.3623663,48.852738],[2.3623897,48.8527263],[2.3623806,48.852719]],[[2.362366,48.8527715],[2.3622634,48.8528246],[2.3623958,48.8529364],[2.3624114,48.8529285],[2.3624382,48.8529509],[2.3625445,48.8528985],[2.3624992,48.8528589],[2.3624794,48.8528683],[2.362366,48.8527715]]]},"properties":{"building":"yes","id":"relation/574767"}},{"type":"Feature","id":"relation/574768","geometry":{"type":"Polygon","coordinates":[[[2.3620989,48.853207],[2.3619179,48.8530522],[2.3618979,48.8530359],[2.3618666,48.8530082],[2.3618432,48.8529875],[2.3619707,48.8529237],[2.3622301,48.8531443],[2.3621706,48.8531728],[2.3620989,48.853207]],[[2.3620066,48.8529885],[2.3619307,48.8530286],[2.3619593,48.8530524],[2.361976,48.8530438],[2.3620138,48.8530783],[2.3620008,48.8530858],[2.3620223,48.853105],[2.3620352,48.853109],[2.362047,48.8531193],[2.3621085,48.8530903],[2.3620784,48.8530629],[2.3620751,48.8530638],[2.3620302,48.8530177],[2.3620357,48.8530141],[2.3620066,48.8529885]]]},"properties":{"building":"yes","id":"relation/574768"}},{"type":"Feature","id":"relation/574844","geometry":{"type":"Polygon","coordinates":[[[2.3637628,48.8531344],[2.3635866,48.8532165],[2.3634999,48.8531383],[2.363675,48.8530566],[2.3637142,48.8530913],[2.3637628,48.8531344]],[[2.3636639,48.8531427],[2.3636312,48.8531135],[2.3635733,48.8531417],[2.3636075,48.8531705],[2.3636639,48.8531427]]]},"properties":{"building":"apartments","id":"relation/574844"}},{"type":"Feature","id":"relation/574845","geometry":{"type":"Polygon","coordinates":[[[2.3633201,48.8526983],[2.3634075,48.8527772],[2.3634186,48.8527872],[2.3635188,48.8528778],[2.3632518,48.8530264],[2.3630673,48.8528586],[2.3630446,48.8528369],[2.363226,48.8527456],[2.3633017,48.8527075],[2.3633201,48.8526983]],[[2.3634385,48.8528651],[2.3633787,48.8528127],[2.3632626,48.8528697],[2.3632148,48.8528288],[2.3631762,48.8528488],[2.3632867,48.8529494],[2.3634385,48.8528651]]]},"properties":{"building":"apartments","id":"relation/574845"}},{"type":"Feature","id":"relation/574846","geometry":{"type":"Polygon","coordinates":[[[2.3631224,48.85439],[2.3630132,48.8542846],[2.3629578,48.854233],[2.3629749,48.8542251],[2.3629728,48.8542218],[2.3629734,48.8542133],[2.3629774,48.8542079],[2.3629628,48.8541939],[2.3629289,48.8542089],[2.3629176,48.8541984],[2.3630454,48.8541438],[2.3630594,48.8541558],[2.3631671,48.8542514],[2.363256,48.854343],[2.3632536,48.8543443],[2.3632499,48.854342],[2.3632206,48.854353],[2.3631868,48.8543658],[2.3631224,48.85439]],[[2.3630623,48.854217],[2.3630371,48.8542285],[2.3630896,48.8542765],[2.3631019,48.8542763],[2.3631134,48.8542785],[2.363121,48.8542838],[2.3631315,48.8542794],[2.3630623,48.854217]]]},"properties":{"building":"apartments","building:levels":"7","id":"relation/574846"}},{"type":"Feature","id":"relation/574847","geometry":{"type":"Polygon","coordinates":[[[2.3621925,48.8539315],[2.3623517,48.8538739],[2.3623673,48.8538762],[2.3623843,48.8538787],[2.3624436,48.8538543],[2.3624545,48.8538669],[2.3624297,48.8538769],[2.3624321,48.85388],[2.3624176,48.8538924],[2.3623783,48.853912],[2.3623956,48.8539357],[2.362412,48.8539382],[2.3625331,48.8538839],[2.3624898,48.8538375],[2.3625736,48.8538045],[2.3626325,48.8538703],[2.3626913,48.8539352],[2.3626972,48.8539401],[2.3626452,48.8539566],[2.3626103,48.8539677],[2.3626148,48.8539744],[2.3625311,48.8539987],[2.3624705,48.8540162],[2.3624497,48.8539911],[2.3624028,48.8540055],[2.3623223,48.8540301],[2.3623272,48.8540381],[2.3623109,48.8540451],[2.3622875,48.8540383],[2.3622411,48.8539861],[2.3621925,48.8539315]],[[2.3625928,48.8539006],[2.3625835,48.8538916],[2.3625614,48.8539012],[2.3625706,48.8539208],[2.3625569,48.8539378],[2.3625597,48.8539408],[2.3625761,48.853936],[2.3625804,48.8539425],[2.3625943,48.8539393],[2.3625928,48.8539006]]]},"properties":{"building":"yes","id":"relation/574847"}},{"type":"Feature","id":"relation/574848","geometry":{"type":"Polygon","coordinates":[[[2.3641866,48.8539977],[2.3641101,48.8539326],[2.3640968,48.853916],[2.3641044,48.8539117],[2.3640438,48.8538463],[2.3640483,48.8538427],[2.3639891,48.8537941],[2.3640799,48.8537589],[2.3643189,48.8539512],[2.3642493,48.8539788],[2.3641904,48.8540009],[2.3641866,48.8539977]],[[2.3641314,48.8538968],[2.3641684,48.8538767],[2.3641008,48.8538183],[2.3640698,48.8538354],[2.3641314,48.8538968]]]},"properties":{"building":"apartments","building:levels":"5","id":"relation/574848"}},{"type":"Feature","id":"relation/574849","geometry":{"type":"Polygon","coordinates":[[[2.3630673,48.8528586],[2.3632518,48.8530264],[2.3634081,48.8531804],[2.3633843,48.8531901],[2.3633699,48.8531751],[2.3631765,48.8532647],[2.3630706,48.8531687],[2.3630417,48.8531841],[2.3630461,48.8531884],[2.3628718,48.8532749],[2.3629706,48.8533635],[2.3628575,48.8534163],[2.3627103,48.8532805],[2.3625074,48.8530958],[2.3626683,48.853018],[2.3628236,48.8529428],[2.3628495,48.8529666],[2.3629564,48.8529137],[2.3630673,48.8528586]],[[2.3628198,48.8530071],[2.3627157,48.8530579],[2.3626042,48.8531124],[2.362712,48.853213],[2.3629299,48.8531071],[2.3628198,48.8530071]]]},"properties":{"building":"yes","id":"relation/574849"}},{"type":"Feature","id":"relation/574850","geometry":{"type":"Polygon","coordinates":[[[2.3637432,48.8537319],[2.3637696,48.8537524],[2.3638198,48.8538045],[2.3638536,48.85384],[2.3639068,48.8538865],[2.3639529,48.8539163],[2.363905,48.853951],[2.3638975,48.8539508],[2.3638428,48.8539064],[2.3637466,48.853954],[2.3638191,48.8540149],[2.3639197,48.8539654],[2.3639292,48.8539738],[2.3639217,48.8539781],[2.363954,48.8540054],[2.3639631,48.8540017],[2.3640307,48.854056],[2.3639444,48.8540879],[2.363883,48.8541107],[2.3637882,48.8540304],[2.3637856,48.8540302],[2.3637348,48.8539937],[2.3637315,48.8539937],[2.3636774,48.8539498],[2.3636402,48.8539188],[2.3635923,48.8538688],[2.3635408,48.8538202],[2.3635808,48.8538028],[2.3637018,48.85375],[2.3637432,48.8537319]],[[2.3637089,48.853776],[2.3636262,48.8538121],[2.3637017,48.8538887],[2.3637882,48.8538563],[2.3637089,48.853776]]]},"properties":{"building":"apartments","building:levels":"5","id":"relation/574850"}},{"type":"Feature","id":"relation/574851","geometry":{"type":"Polygon","coordinates":[[[2.363675,48.8530566],[2.3634999,48.8531383],[2.3634081,48.8531804],[2.3632518,48.8530264],[2.3635188,48.8528778],[2.3635467,48.8529028],[2.3635903,48.8529418],[2.3637021,48.8530417],[2.363675,48.8530566]],[[2.363573,48.8530686],[2.3635766,48.8530708],[2.3635997,48.8530606],[2.3635583,48.8530239],[2.3635394,48.853033],[2.3635,48.8529972],[2.3635107,48.8529914],[2.3634773,48.8529622],[2.3633444,48.8530371],[2.3634446,48.8531272],[2.363573,48.8530686]]]},"properties":{"building":"apartments","id":"relation/574851"}},{"type":"Feature","id":"relation/574852","geometry":{"type":"Polygon","coordinates":[[[2.3638987,48.8532568],[2.3638429,48.8532834],[2.3638398,48.8532817],[2.3635876,48.8533985],[2.3635849,48.8533975],[2.3633843,48.8531901],[2.3634081,48.8531804],[2.3634999,48.8531383],[2.3635866,48.8532165],[2.3637628,48.8531344],[2.3638145,48.853181],[2.3638987,48.8532568]],[[2.3638024,48.8532515],[2.36373,48.8531832],[2.3636831,48.8532068],[2.3636886,48.8532126],[2.3636176,48.8532423],[2.3636887,48.8533071],[2.3638024,48.8532515]]]},"properties":{"building":"apartments","id":"relation/574852"}},{"type":"Feature","id":"relation/574853","geometry":{"type":"Polygon","coordinates":[[[2.3618643,48.853553],[2.3620193,48.8534881],[2.3621698,48.8534257],[2.3622003,48.8534129],[2.362266,48.8533865],[2.3623561,48.8534851],[2.3623639,48.8534949],[2.3619589,48.8536611],[2.3619056,48.8536002],[2.3618643,48.853553]],[[2.3621421,48.8534591],[2.3621263,48.8534656],[2.3621352,48.8534751],[2.3620033,48.8535292],[2.3620587,48.8535893],[2.3621924,48.8535351],[2.3622001,48.8535426],[2.3622152,48.8535354],[2.3621421,48.8534591]]]},"properties":{"building":"apartments","id":"relation/574853"}},{"type":"Feature","id":"relation/574867","geometry":{"type":"Polygon","coordinates":[[[2.3639589,48.8531724],[2.3640725,48.8531164],[2.3640983,48.8531388],[2.3641606,48.8531083],[2.364135,48.8530857],[2.3641376,48.8530844],[2.3643985,48.8529599],[2.3645616,48.853106],[2.3643023,48.8532328],[2.3642319,48.8531716],[2.3640647,48.8532535],[2.3640295,48.8532218],[2.3639974,48.8531928],[2.363987,48.8531982],[2.363975,48.8531872],[2.3639589,48.8531724]],[[2.3641598,48.8531726],[2.3641353,48.8531504],[2.3640902,48.8531722],[2.3641145,48.8531939],[2.3641598,48.8531726]],[[2.3642449,48.8530941],[2.3643218,48.8531668],[2.3644909,48.8530842],[2.3644691,48.8530643],[2.3644522,48.8530727],[2.3644177,48.8530414],[2.3644359,48.8530325],[2.3644133,48.8530125],[2.3642449,48.8530941]]]},"properties":{"building":"apartments","id":"relation/574867"}},{"type":"Feature","id":"relation/574868","geometry":{"type":"Polygon","coordinates":[[[2.364383,48.8535407],[2.3646348,48.8534129],[2.3646775,48.8533923],[2.3646805,48.8533909],[2.3646973,48.853409],[2.3647872,48.8535009],[2.364697,48.8535328],[2.3644931,48.8536056],[2.3644713,48.8536135],[2.3644281,48.8535779],[2.364383,48.8535407]],[[2.3646673,48.8534433],[2.3645793,48.8534861],[2.3645557,48.8534912],[2.3645974,48.85353],[2.3647102,48.8534812],[2.3646673,48.8534433]]]},"properties":{"building":"apartments","id":"relation/574868"}},{"type":"Feature","id":"relation/574869","geometry":{"type":"Polygon","coordinates":[[[2.3635993,48.8528352],[2.3638107,48.8527172],[2.3638258,48.8527094],[2.36395,48.8528136],[2.3640018,48.8528581],[2.3640121,48.8528669],[2.364052,48.8529011],[2.3639756,48.8529371],[2.3639534,48.8529478],[2.3639511,48.8529461],[2.3638839,48.8529775],[2.3638758,48.8529716],[2.3637931,48.8530099],[2.3636917,48.8529186],[2.3635993,48.8528352]],[[2.3638357,48.8527769],[2.3637528,48.8528224],[2.3638737,48.8529273],[2.3639599,48.8528869],[2.3638357,48.8527769]]]},"properties":{"building":"apartments","building:levels":"6","id":"relation/574869"}},{"type":"Feature","id":"relation/574870","geometry":{"type":"Polygon","coordinates":[[[2.3647839,48.8537921],[2.364702,48.853722],[2.3646813,48.8536992],[2.3646179,48.8537169],[2.3646099,48.8537112],[2.3644931,48.8536056],[2.364697,48.8535328],[2.3647549,48.8535828],[2.3647701,48.8535954],[2.3647993,48.8536197],[2.3648379,48.8536518],[2.3647428,48.8536814],[2.3647826,48.8537113],[2.3648577,48.8537719],[2.3648151,48.8537836],[2.3647852,48.8537917],[2.3647839,48.8537921]],[[2.364587,48.8536544],[2.3646131,48.8536777],[2.3646671,48.853661],[2.3646997,48.853689],[2.3647204,48.8536811],[2.3647029,48.8536502],[2.3647018,48.8536461],[2.3646836,48.8536262],[2.3646822,48.8536143],[2.3646537,48.8535825],[2.3646618,48.853575],[2.3646399,48.8535814],[2.3646507,48.8536016],[2.3646388,48.8536055],[2.3646579,48.8536318],[2.364587,48.8536544]]]},"properties":{"building":"apartments","building:levels":"7","id":"relation/574870"}},{"type":"Feature","id":"relation/574871","geometry":{"type":"Polygon","coordinates":[[[2.3646478,48.8530646],[2.3645616,48.853106],[2.3643985,48.8529599],[2.364454,48.8529326],[2.3645045,48.8529067],[2.3645672,48.8529491],[2.3646014,48.8529723],[2.3647017,48.8530401],[2.3646478,48.8530646]],[[2.3645992,48.8529744],[2.3645931,48.8529701],[2.3645898,48.852972],[2.3645836,48.8529673],[2.3645862,48.8529656],[2.3645546,48.8529445],[2.364551,48.852946],[2.3645461,48.8529427],[2.3645489,48.8529405],[2.3645352,48.8529323],[2.3644592,48.8529719],[2.3645073,48.8530183],[2.3645992,48.8529744]]]},"properties":{"building":"yes","id":"relation/574871"}},{"type":"Feature","id":"relation/574872","geometry":{"type":"Polygon","coordinates":[[[2.3641223,48.8533229],[2.3643023,48.8532328],[2.3645616,48.853106],[2.3646478,48.8530646],[2.364776,48.8531509],[2.3647995,48.8531668],[2.3649403,48.8532616],[2.3647056,48.853379],[2.3646805,48.8533909],[2.3646775,48.8533923],[2.3646168,48.8533351],[2.3647224,48.8532829],[2.3647234,48.8532652],[2.3646414,48.8531971],[2.3646262,48.8532033],[2.3646075,48.8532013],[2.3645929,48.8531896],[2.3644625,48.8532572],[2.3644737,48.8532674],[2.3644977,48.8532558],[2.3645241,48.8532551],[2.3645924,48.8533192],[2.3645855,48.8533355],[2.3645604,48.853347],[2.3646348,48.8534129],[2.364383,48.8535407],[2.3643651,48.8535484],[2.3642891,48.8534778],[2.3642021,48.853397],[2.3641427,48.8533418],[2.3641223,48.8533229]],[[2.3643848,48.8533075],[2.3642826,48.8533573],[2.364364,48.8534322],[2.3644671,48.8533829],[2.3643848,48.8533075]]]},"properties":{"building":"apartments","id":"relation/574872"}},{"type":"Feature","id":"relation/574874","geometry":{"type":"Polygon","coordinates":[[[2.3651839,48.8533603],[2.3649407,48.8534477],[2.3647911,48.8534996],[2.3647872,48.8535009],[2.3646973,48.853409],[2.3647236,48.8533962],[2.3647056,48.853379],[2.3649403,48.8532616],[2.3649977,48.8532347],[2.3649994,48.8532358],[2.3650742,48.8532863],[2.3651839,48.8533603]],[[2.3649566,48.8534063],[2.3649036,48.8533584],[2.364797,48.8534085],[2.364836,48.8534433],[2.3649208,48.8534113],[2.3649269,48.8534119],[2.3649336,48.8534163],[2.3649566,48.8534063]]]},"properties":{"building":"apartments","building:levels":"5","id":"relation/574874"}},{"type":"Feature","id":"relation/574893","geometry":{"type":"Polygon","coordinates":[[[2.3674785,48.8531489],[2.3673224,48.8531773],[2.3671959,48.8532004],[2.3671756,48.8532033],[2.3671376,48.8531056],[2.3674405,48.853051],[2.3674468,48.8530672],[2.3674665,48.8531178],[2.3674785,48.8531489]],[[2.3672966,48.853104],[2.3672828,48.8531063],[2.3672871,48.8531185],[2.3672863,48.8531238],[2.3672837,48.8531271],[2.3672684,48.8531303],[2.3672831,48.8531681],[2.3673192,48.8531613],[2.3672966,48.853104]]]},"properties":{"building":"apartments","id":"relation/574893"}},{"type":"Feature","id":"relation/574897","geometry":{"type":"Polygon","coordinates":[[[2.3674405,48.853051],[2.3671376,48.8531056],[2.3670982,48.8530064],[2.3671775,48.8529928],[2.3672475,48.8529816],[2.3674018,48.8529531],[2.3674179,48.8529939],[2.3674405,48.853051]],[[2.367253,48.8529972],[2.3672179,48.8530034],[2.3672319,48.8530399],[2.367242,48.8530388],[2.3672506,48.8530397],[2.3672584,48.8530457],[2.3672625,48.8530559],[2.3672768,48.853054],[2.367253,48.8529972]]]},"properties":{"building":"apartments","id":"relation/574897"}},{"type":"Feature","id":"relation/574898","geometry":{"type":"Polygon","coordinates":[[[2.36611,48.8527675],[2.3657121,48.8529032],[2.3655671,48.8529521],[2.3657416,48.85318],[2.3659876,48.8535042],[2.3657879,48.853554],[2.3655925,48.8536016],[2.3655481,48.8535641],[2.3655074,48.8535297],[2.3655095,48.8535284],[2.3653601,48.8534202],[2.3651782,48.8532884],[2.3653097,48.8532387],[2.365384,48.853336],[2.3656921,48.8532327],[2.3654917,48.8529746],[2.3654874,48.8529764],[2.3653814,48.8528424],[2.3650413,48.8529726],[2.3651971,48.8531562],[2.3650647,48.8532058],[2.3648795,48.8530715],[2.3648035,48.8530165],[2.3647119,48.8529501],[2.3646898,48.8529341],[2.364839,48.8528745],[2.3648729,48.8529108],[2.3652779,48.8527566],[2.3651036,48.8525377],[2.3649578,48.8526007],[2.3649146,48.8525617],[2.3648749,48.852523],[2.3649922,48.8524662],[2.3651405,48.8524056],[2.365177,48.8524489],[2.3652773,48.8525782],[2.3653777,48.8527081],[2.3654807,48.8528399],[2.3657441,48.8527384],[2.3657802,48.8527819],[2.3658149,48.8527863],[2.3658588,48.8527727],[2.3658783,48.8527667],[2.365891,48.8527628],[2.365927,48.8528105],[2.3659502,48.852801],[2.3659133,48.852755],[2.3660768,48.8526942],[2.3660892,48.8527216],[2.36611,48.8527675]],[[2.3657721,48.8532955],[2.3656221,48.8533436],[2.3655508,48.8533686],[2.3656315,48.8534866],[2.3656453,48.8534852],[2.3656552,48.8534862],[2.3656618,48.85349],[2.3656661,48.853496],[2.3656797,48.8534934],[2.3656786,48.8534896],[2.3658217,48.8534591],[2.3658238,48.8534625],[2.3658871,48.8534474],[2.3657721,48.8532955]]]},"properties":{"building":"school","id":"relation/574898"}},{"type":"Feature","id":"relation/574901","geometry":{"type":"Polygon","coordinates":[[[2.366225,48.853018],[2.3657416,48.85318],[2.3655671,48.8529521],[2.3657121,48.8529032],[2.3657526,48.852956],[2.3657775,48.8529893],[2.3658647,48.8529595],[2.3658845,48.8529866],[2.3659241,48.8529738],[2.3659763,48.8530414],[2.3660062,48.8530313],[2.3659724,48.8529897],[2.3659788,48.8529757],[2.3660396,48.8529554],[2.3660293,48.8529394],[2.3660799,48.8529229],[2.3661681,48.8528936],[2.366199,48.8529611],[2.366225,48.853018]],[[2.3659601,48.8530701],[2.3659487,48.8530563],[2.3658104,48.8531023],[2.3658207,48.8531162],[2.3659601,48.8530701]]]},"properties":{"building":"apartments","id":"relation/574901"}},{"type":"Feature","id":"relation/574902","geometry":{"type":"Polygon","coordinates":[[[2.3644852,48.8527969],[2.3645545,48.8527481],[2.3645999,48.8527255],[2.3647096,48.8526694],[2.3648678,48.8525915],[2.3648642,48.8525863],[2.3649146,48.8525617],[2.3649578,48.8526007],[2.3649809,48.852625],[2.3650412,48.8526823],[2.3649935,48.8527043],[2.3648967,48.8527447],[2.3649204,48.8527684],[2.3648868,48.8527829],[2.3649346,48.8528359],[2.364839,48.8528745],[2.3646898,48.8529341],[2.3645847,48.8528636],[2.3644852,48.8527969]],[[2.364657,48.8527629],[2.3646613,48.8527671],[2.3646596,48.85278],[2.3646308,48.8527979],[2.3646629,48.852819],[2.3646916,48.8528002],[2.3647153,48.8527979],[2.3647362,48.8528132],[2.3648607,48.8527581],[2.3648757,48.8527723],[2.3648941,48.852762],[2.3648297,48.8527014],[2.3648011,48.8526887],[2.364657,48.8527629]]]},"properties":{"building":"apartments","id":"relation/574902"}},{"type":"Feature","id":"relation/574920","geometry":{"type":"Polygon","coordinates":[[[2.367869,48.8532262],[2.3678283,48.8530956],[2.3678276,48.8530917],[2.3680584,48.8530374],[2.3680639,48.8530502],[2.3680748,48.8530755],[2.3680857,48.8531008],[2.3680984,48.8531304],[2.368102,48.8531388],[2.3680986,48.8531416],[2.3681115,48.8531542],[2.3681127,48.8531627],[2.3681099,48.8531747],[2.3681014,48.8531856],[2.3680886,48.853194],[2.368073,48.8531987],[2.3680466,48.8531987],[2.3680453,48.8532025],[2.3678865,48.8532238],[2.367869,48.8532262]],[[2.3678935,48.8530952],[2.3678748,48.8530971],[2.3678849,48.8531267],[2.3679167,48.8531226],[2.3679323,48.8531313],[2.3679435,48.8531244],[2.3679367,48.8531188],[2.3679195,48.8531153],[2.3679134,48.8531085],[2.367898,48.8531096],[2.3678935,48.8530952]]]},"properties":{"building":"apartments","building:levels":"6","roof:levels":"1","id":"relation/574920"}},{"type":"Feature","id":"relation/574921","geometry":{"type":"Polygon","coordinates":[[[2.3676404,48.8531272],[2.3678283,48.8530956],[2.367869,48.8532262],[2.3677371,48.8532428],[2.3677154,48.8532455],[2.3676815,48.8532319],[2.3676626,48.8531838],[2.3676404,48.8531272]],[[2.3678226,48.8531206],[2.3678125,48.8531213],[2.3678116,48.8531264],[2.3677824,48.8531297],[2.3677729,48.8531373],[2.3677903,48.8531453],[2.3677981,48.8531375],[2.3678265,48.8531335],[2.3678226,48.8531206]]]},"properties":{"building":"apartments","building:levels":"6","roof:levels":"1","id":"relation/574921"}},{"type":"Feature","id":"relation/15970960","geometry":{"type":"Polygon","coordinates":[[[2.3671165,48.8574855],[2.3670684,48.8573604],[2.3670204,48.8572353],[2.3670629,48.857228],[2.3672783,48.8571912],[2.3672841,48.857292],[2.3672206,48.8573017],[2.3672315,48.8573318],[2.3672427,48.8573627],[2.3672823,48.8573557],[2.3672836,48.8574585],[2.3671165,48.8574855]]]},"properties":{"addr:housenumber":"37","addr:street":"Rue des tournelles","building":"residential","id":"relation/15970960"}},{"type":"Feature","id":"relation/17954024","geometry":{"type":"Polygon","coordinates":[[[2.3626121,48.8561041],[2.3625643,48.8561142],[2.3624642,48.8561354],[2.3624464,48.8561024],[2.3624288,48.8560697],[2.3626238,48.8560237],[2.3626256,48.8560268],[2.3626619,48.8560936],[2.3626121,48.8561041]],[[2.3625438,48.8561015],[2.36261,48.8560876],[2.3626,48.8560671],[2.3625338,48.856081],[2.3625438,48.8561015]]]},"properties":{"building":"yes","id":"relation/17954024"}},{"type":"Feature","id":"relation/18812504","geometry":{"type":"Polygon","coordinates":[[[2.3648688,48.85654],[2.3648704,48.8565442],[2.3648747,48.8565449],[2.3648759,48.8565489],[2.3648726,48.85655],[2.3648813,48.8565724],[2.3648846,48.8565724],[2.3648863,48.856577],[2.3648834,48.8565779],[2.3649381,48.8567201],[2.3648943,48.856727],[2.3648966,48.856733],[2.3648927,48.8567335],[2.3648055,48.8567449],[2.3647667,48.8566262],[2.364784,48.8566239],[2.3648479,48.856613],[2.3648202,48.856516],[2.3647902,48.8563945],[2.3648187,48.8563906],[2.365211,48.8563271],[2.3652253,48.8563672],[2.3652543,48.856449],[2.3652237,48.8564535],[2.3652159,48.8564326],[2.365204,48.8564346],[2.3652163,48.8564681],[2.3652316,48.8564661],[2.3652948,48.8566363],[2.3652814,48.8566472],[2.3652289,48.8566554],[2.3652231,48.8566349],[2.3652062,48.8566377],[2.3651986,48.8566212],[2.365185,48.8566191],[2.3651792,48.8566047],[2.3651902,48.8565971],[2.3651838,48.8565792],[2.365201,48.856576],[2.3651854,48.8565317],[2.3651815,48.8565316],[2.365169,48.8564969],[2.3651716,48.8564956],[2.365171,48.8564927],[2.3648688,48.85654]]]},"properties":{"building":"apartments","building:levels":"4","name":"Hôtel du Cardinal de Richelieu","roof:shape":"hipped","id":"relation/18812504"}},{"type":"Feature","id":"relation/18812505","geometry":{"type":"Polygon","coordinates":[[[2.3649432,48.8564137],[2.3648068,48.8564352],[2.3647902,48.8563945],[2.3648187,48.8563906],[2.365211,48.8563271],[2.3652253,48.8563672],[2.3649432,48.8564137]]]},"properties":{"building:min_level":"1","building:part":"yes","id":"relation/18812505"}},{"type":"Feature","id":"way/49734494","geometry":{"type":"Polygon","coordinates":[[[2.3646193,48.8563349],[2.3645105,48.8563506],[2.3644679,48.8563568],[2.3644041,48.8563178],[2.3643476,48.8562833],[2.3643138,48.8562627],[2.3642075,48.8561978],[2.3643722,48.8561697],[2.3645629,48.8561368],[2.3645876,48.8562005],[2.3645126,48.8562125],[2.3644955,48.8562019],[2.3644706,48.8562199],[2.3644784,48.8562411],[2.3645122,48.8562618],[2.3645857,48.8562489],[2.3646193,48.8563349]]]},"properties":{"building":"apartments","building:levels":"7","id":"way/49734494"}},{"type":"Feature","id":"way/49734495","geometry":{"type":"Polygon","coordinates":[[[2.3647418,48.8561062],[2.3648188,48.8563013],[2.3647931,48.856306],[2.3647575,48.8563119],[2.3646193,48.8563349],[2.3645857,48.8562489],[2.3646166,48.8562433],[2.3646099,48.8562249],[2.3646502,48.8562177],[2.3646401,48.8561916],[2.3645876,48.8562005],[2.3645629,48.8561368],[2.364614,48.8561279],[2.3646815,48.8561164],[2.3647418,48.8561062]]]},"properties":{"building":"apartments","building:levels":"3","name":"Hôtel de Montbrun","roof:levels":"1","id":"way/49734495"}},{"type":"Feature","id":"way/49734496","geometry":{"type":"Polygon","coordinates":[[[2.3647975,48.8548402],[2.3648769,48.8550376],[2.3648924,48.8550761],[2.3645815,48.8551282],[2.364565,48.8550902],[2.3645488,48.8550529],[2.3646129,48.8550414],[2.3647754,48.8550122],[2.3647156,48.8548559],[2.364724,48.8548543],[2.3647975,48.8548402]]]},"properties":{"building":"apartments","building:levels":"3","name":"Hôtel de Montmorin","roof:levels":"2","roof:shape":"hipped","id":"way/49734496"}},{"type":"Feature","id":"way/49734498","geometry":{"type":"Polygon","coordinates":[[[2.3657504,48.8547483],[2.3657635,48.8547835],[2.3658037,48.854878],[2.3658213,48.8549194],[2.3656113,48.8549541],[2.365595,48.8549142],[2.3655412,48.8547821],[2.3654992,48.8546737],[2.3655352,48.8546684],[2.3655641,48.8547424],[2.3655589,48.8547431],[2.3655861,48.8548147],[2.3657337,48.8547893],[2.3657203,48.8547536],[2.3657504,48.8547483]]]},"properties":{"building":"yes","building:levels":"5","name":"Hôtel Genou de Guiberville","id":"way/49734498"}},{"type":"Feature","id":"way/49734499","geometry":{"type":"Polygon","coordinates":[[[2.3653412,48.854854],[2.3653983,48.8548439],[2.3655125,48.8548247],[2.3654992,48.8547896],[2.3655412,48.8547821],[2.365595,48.8549142],[2.3656113,48.8549541],[2.3654027,48.8549896],[2.3653893,48.8549532],[2.3653878,48.8549494],[2.3653627,48.8548811],[2.3653511,48.8548835],[2.3653412,48.854854]]]},"properties":{"building":"yes","building:levels":"4","name":"Pavillon du Roi","id":"way/49734499"}},{"type":"Feature","id":"way/49734500","geometry":{"type":"Polygon","coordinates":[[[2.364411,48.8547282],[2.3644432,48.8547883],[2.3645066,48.8549472],[2.3643008,48.8549829],[2.3642083,48.8547846],[2.3642328,48.8547781],[2.3642734,48.8547669],[2.3643873,48.854735],[2.364411,48.8547282]]]},"properties":{"building":"yes","id":"way/49734500"}},{"type":"Feature","id":"way/49734501","geometry":{"type":"Polygon","coordinates":[[[2.3660302,48.8548836],[2.3658213,48.8549194],[2.3658037,48.854878],[2.3657635,48.8547835],[2.3657953,48.854778],[2.3658752,48.8547638],[2.3659707,48.8547469],[2.366013,48.8548424],[2.3660302,48.8548836]]]},"properties":{"building":"yes","building:levels":"5","name":"Hôtel Regnouart","id":"way/49734501"}},{"type":"Feature","id":"way/49734502","geometry":{"type":"Polygon","coordinates":[[[2.3652325,48.8546085],[2.3654619,48.8545746],[2.3654837,48.8546309],[2.3654992,48.8546737],[2.3655412,48.8547821],[2.3654992,48.8547896],[2.365494,48.8547903],[2.3654797,48.8547537],[2.3654715,48.8547556],[2.3654544,48.8547148],[2.3654629,48.8547134],[2.3654483,48.8546775],[2.365419,48.8546761],[2.3654056,48.8546594],[2.3653627,48.8546651],[2.3653727,48.8546815],[2.365369,48.8546873],[2.3653365,48.8546959],[2.3653983,48.8548439],[2.3653412,48.854854],[2.3653348,48.8548395],[2.3652999,48.8547607],[2.3652837,48.8547241],[2.3652325,48.8546085]]]},"properties":{"building":"yes","building:levels":"5","id":"way/49734502"}},{"type":"Feature","id":"way/49734504","geometry":{"type":"Polygon","coordinates":[[[2.3666935,48.854828],[2.3667217,48.8548229],[2.3667291,48.8548405],[2.3668848,48.8548133],[2.3668631,48.8547579],[2.3668441,48.8547608],[2.3668278,48.8547595],[2.3668205,48.8547412],[2.3669285,48.8547224],[2.3668836,48.8546026],[2.3672072,48.8545497],[2.3672107,48.8546324],[2.3671705,48.8546322],[2.3671697,48.8546196],[2.3669894,48.8546482],[2.3670114,48.854707],[2.3669666,48.8547145],[2.367,48.8548],[2.367046,48.854793],[2.3670477,48.8547968],[2.3672152,48.8547703],[2.3672163,48.8548159],[2.3669043,48.8548708],[2.3667822,48.8548904],[2.3667224,48.8549007],[2.3666935,48.854828]]]},"properties":{"building":"apartments","id":"way/49734504"}},{"type":"Feature","id":"way/49734507","geometry":{"type":"Polygon","coordinates":[[[2.3650385,48.854588],[2.3648136,48.8546349],[2.3648022,48.8546148],[2.3648746,48.8545989],[2.36486,48.854565],[2.3648437,48.8545675],[2.3648317,48.8545753],[2.3648098,48.8545794],[2.3648126,48.8545875],[2.3647888,48.8545917],[2.3647697,48.8545563],[2.365006,48.8545057],[2.3650234,48.8545499],[2.3650385,48.854588]]]},"properties":{"building":"apartments","building:levels":"6","roof:shape":"gambrel","id":"way/49734507"}},{"type":"Feature","id":"way/49734508","geometry":{"type":"Polygon","coordinates":[[[2.364986,48.8544538],[2.3647404,48.8545054],[2.364736,48.8545057],[2.3647074,48.854458],[2.3648551,48.8544239],[2.364884,48.8544172],[2.3649652,48.8544031],[2.3649773,48.8544326],[2.364986,48.8544538]]]},"properties":{"building":"apartments","id":"way/49734508"}},{"type":"Feature","id":"way/49734509","geometry":{"type":"Polygon","coordinates":[[[2.364986,48.8544538],[2.3649968,48.8544817],[2.365006,48.8545057],[2.3647697,48.8545563],[2.3647404,48.8545054],[2.364986,48.8544538]]]},"properties":{"building":"apartments","building:levels":"5","roof:levels":"1","roof:shape":"gambrel","id":"way/49734509"}},{"type":"Feature","id":"way/49734510","geometry":{"type":"Polygon","coordinates":[[[2.3644379,48.8543438],[2.3644436,48.8543454],[2.3644497,48.8543548],[2.3644474,48.8543633],[2.3644292,48.8543689],[2.364483,48.8544584],[2.3645275,48.8544482],[2.3645399,48.8544643],[2.3646006,48.8544491],[2.3645982,48.8544443],[2.3646409,48.854434],[2.3646664,48.8544681],[2.3647074,48.854458],[2.364736,48.8545057],[2.3647404,48.8545054],[2.3647697,48.8545563],[2.3647888,48.8545917],[2.3648022,48.8546148],[2.3648136,48.8546349],[2.3648251,48.8546561],[2.364831,48.8546669],[2.3648409,48.8546834],[2.3647478,48.8547094],[2.3646123,48.8547473],[2.3645714,48.8546836],[2.3644594,48.8545107],[2.3644522,48.8545122],[2.3644041,48.8544321],[2.3643572,48.8543553],[2.3643526,48.8543471],[2.3643692,48.8543426],[2.3643812,48.8543618],[2.3644379,48.8543438]]]},"properties":{"building":"apartments","id":"way/49734510"}},{"type":"Feature","id":"way/49734513","geometry":{"type":"Polygon","coordinates":[[[2.3648637,48.8541398],[2.3648761,48.854172],[2.3649055,48.8542484],[2.364925,48.8542989],[2.3649652,48.8544031],[2.364884,48.8544172],[2.364873,48.8543966],[2.3647675,48.8541991],[2.3647574,48.8541803],[2.3647543,48.8541714],[2.3648637,48.8541398]]]},"properties":{"building":"yes","building:levels":"6","id":"way/49734513"}},{"type":"Feature","id":"way/49734516","geometry":{"type":"Polygon","coordinates":[[[2.3647478,48.8547094],[2.3647975,48.8548402],[2.364724,48.8548543],[2.3647163,48.8548331],[2.3645414,48.8548631],[2.3646129,48.8550414],[2.3645488,48.8550529],[2.3645369,48.8550232],[2.3645066,48.8549472],[2.3644432,48.8547883],[2.364411,48.8547282],[2.3645714,48.8546836],[2.3646123,48.8547473],[2.3647478,48.8547094]]]},"properties":{"building":"yes","id":"way/49734516"}},{"type":"Feature","id":"way/49734517","geometry":{"type":"Polygon","coordinates":[[[2.3648282,48.8540496],[2.3648288,48.8540511],[2.3648455,48.8540935],[2.3648637,48.8541398],[2.3647543,48.8541714],[2.3647044,48.8540824],[2.3647546,48.8540691],[2.3648282,48.8540496]]]},"properties":{"building":"yes","id":"way/49734517"}},{"type":"Feature","id":"way/49734518","geometry":{"type":"Polygon","coordinates":[[[2.3631937,48.8545819],[2.3631956,48.8545844],[2.3632668,48.8546778],[2.3632405,48.8546872],[2.3632522,48.8547061],[2.3632435,48.8547095],[2.3632691,48.8547432],[2.363302,48.8547319],[2.3633439,48.8547951],[2.3633719,48.8548363],[2.3633227,48.8548494],[2.363253,48.8547577],[2.3632457,48.8547469],[2.3631379,48.8546039],[2.3631361,48.8546015],[2.3631451,48.8545984],[2.3631937,48.8545819]]]},"properties":{"building":"apartments","building:levels":"6","id":"way/49734518"}},{"type":"Feature","id":"way/49734519","geometry":{"type":"Polygon","coordinates":[[[2.3631379,48.8546039],[2.3632457,48.8547469],[2.3632219,48.8547548],[2.3632289,48.8547652],[2.363253,48.8547577],[2.3633227,48.8548494],[2.3632563,48.8548715],[2.3631539,48.8547387],[2.3631451,48.8547273],[2.3630817,48.8546449],[2.3630962,48.8546165],[2.363111,48.854612],[2.3631379,48.8546039]]]},"properties":{"building":"apartments","building:levels":"6","roof:levels":"1","id":"way/49734519"}},{"type":"Feature","id":"way/49734520","geometry":{"type":"Polygon","coordinates":[[[2.3672163,48.8548159],[2.3672185,48.8548615],[2.3672143,48.8548617],[2.3672152,48.8548975],[2.3672165,48.8549487],[2.3671355,48.8549628],[2.3671208,48.854927],[2.367101,48.8548785],[2.3669443,48.8549062],[2.3669801,48.8549902],[2.3669526,48.854995],[2.3669043,48.8548708],[2.3672163,48.8548159]]]},"properties":{"building":"apartments","building:levels":"5","id":"way/49734520"}},{"type":"Feature","id":"way/49734521","geometry":{"type":"Polygon","coordinates":[[[2.3645873,48.8541177],[2.3646245,48.8541068],[2.3646571,48.8540973],[2.364712,48.854193],[2.3647188,48.8542048],[2.3646897,48.8542131],[2.3646786,48.8541993],[2.3646042,48.8542192],[2.3645863,48.85419],[2.3646263,48.8541798],[2.3645921,48.8541284],[2.3645873,48.8541177]]]},"properties":{"building":"apartments","building:levels":"5","roof:levels":"1","roof:shape":"gabled","id":"way/49734521"}},{"type":"Feature","id":"way/49734522","geometry":{"type":"Polygon","coordinates":[[[2.3646559,48.8540946],[2.3646803,48.8540885],[2.3647044,48.8540824],[2.3647543,48.8541714],[2.3647574,48.8541803],[2.364712,48.854193],[2.3646571,48.8540973],[2.3646559,48.8540946]]]},"properties":{"building":"apartments","building:levels":"6","roof:shape":"gambrel","id":"way/49734522"}},{"type":"Feature","id":"way/49734523","geometry":{"type":"Polygon","coordinates":[[[2.3648551,48.8544239],[2.3647074,48.854458],[2.3646664,48.8544681],[2.3646409,48.854434],[2.3645537,48.8543112],[2.3645832,48.8543032],[2.3646264,48.8543619],[2.3646697,48.8543516],[2.3646948,48.8543879],[2.364791,48.854367],[2.364728,48.8542541],[2.3645466,48.8542991],[2.3644936,48.8542244],[2.3644527,48.8541609],[2.3644718,48.854158],[2.3645123,48.8541549],[2.3645527,48.8541417],[2.3645582,48.8541381],[2.3645796,48.8541209],[2.3645873,48.8541177],[2.3645921,48.8541284],[2.3646263,48.8541798],[2.3645863,48.85419],[2.3646042,48.8542192],[2.3646786,48.8541993],[2.3646897,48.8542131],[2.3647188,48.8542048],[2.3647227,48.8542114],[2.3647675,48.8541991],[2.364873,48.8543966],[2.3648569,48.8543998],[2.3648611,48.8544082],[2.3648478,48.8544115],[2.3648551,48.8544239]]]},"properties":{"building":"apartments","id":"way/49734523"}},{"type":"Feature","id":"way/49734524","geometry":{"type":"Polygon","coordinates":[[[2.3635159,48.8547883],[2.3634758,48.8547241],[2.3634264,48.8546578],[2.3633409,48.854539],[2.3633325,48.8545288],[2.3633944,48.8545016],[2.3634132,48.8544935],[2.3635152,48.8546354],[2.3635579,48.8546188],[2.3636124,48.8545976],[2.3637103,48.8547288],[2.3635159,48.8547883]]]},"properties":{"building":"apartments","building:levels":"6","id":"way/49734524"}},{"type":"Feature","id":"way/49734525","geometry":{"type":"Polygon","coordinates":[[[2.3634132,48.8544935],[2.3634601,48.8544749],[2.3635061,48.8544559],[2.3635871,48.8545637],[2.3635756,48.8545683],[2.3635688,48.8545613],[2.3635581,48.8545655],[2.3635609,48.8545696],[2.363559,48.8545739],[2.3635538,48.8545764],[2.363547,48.8545761],[2.3635413,48.8545724],[2.3635293,48.854578],[2.3635579,48.8546188],[2.3635152,48.8546354],[2.3634132,48.8544935]]]},"properties":{"building":"apartments","building:levels":"6","roof:levels":"1","id":"way/49734525"}},{"type":"Feature","id":"way/49734526","geometry":{"type":"Polygon","coordinates":[[[2.3635334,48.8548137],[2.3633865,48.854853],[2.3633719,48.8548363],[2.3633439,48.8547951],[2.3634401,48.8547691],[2.3633774,48.8546735],[2.3633607,48.8546728],[2.3633469,48.8546676],[2.3633397,48.8546598],[2.36329,48.8546762],[2.3633229,48.8547252],[2.363302,48.8547319],[2.3632668,48.8546778],[2.3631956,48.8545844],[2.3632572,48.8545652],[2.3633409,48.854539],[2.3634264,48.8546578],[2.3634758,48.8547241],[2.3635159,48.8547883],[2.3635334,48.8548137]]]},"properties":{"building":"apartments","building:levels":"5","roof:levels":"1","id":"way/49734526"}},{"type":"Feature","id":"way/49734535","geometry":{"type":"Polygon","coordinates":[[[2.3641706,48.8542502],[2.3642523,48.8543768],[2.3642647,48.8543946],[2.3642382,48.8544021],[2.3642488,48.8544181],[2.3642289,48.854424],[2.3641235,48.8542671],[2.3641447,48.8542595],[2.3641706,48.8542502]]]},"properties":{"building":"apartments","building:levels":"6","roof:levels":"1","id":"way/49734535"}},{"type":"Feature","id":"way/49734537","geometry":{"type":"Polygon","coordinates":[[[2.3643383,48.8541957],[2.3643888,48.8541803],[2.3644527,48.8541609],[2.3644936,48.8542244],[2.3645466,48.8542991],[2.3645537,48.8543112],[2.3646409,48.854434],[2.3645982,48.8544443],[2.3645925,48.8544451],[2.3645864,48.8544434],[2.3645647,48.8544136],[2.3645584,48.8544154],[2.3645504,48.8544135],[2.3645129,48.8543622],[2.3645136,48.8543564],[2.3645238,48.854353],[2.364485,48.8542972],[2.3644946,48.8542936],[2.3644749,48.8542671],[2.3644432,48.8542771],[2.3644455,48.8542801],[2.3644066,48.8542925],[2.3643383,48.8541957]]]},"properties":{"building":"yes","building:levels":"6","id":"way/49734537"}},{"type":"Feature","id":"way/49734538","geometry":{"type":"Polygon","coordinates":[[[2.3643383,48.8541957],[2.3644066,48.8542925],[2.3644379,48.8543438],[2.3643812,48.8543618],[2.3643692,48.8543426],[2.3643526,48.8543471],[2.3642713,48.8542187],[2.3642965,48.85421],[2.3643383,48.8541957]]]},"properties":{"building":"hotel","building:levels":"6","id":"way/49734538"}},{"type":"Feature","id":"way/49734539","geometry":{"type":"Polygon","coordinates":[[[2.3642354,48.8542297],[2.3642532,48.8542242],[2.3642713,48.8542187],[2.3643526,48.8543471],[2.3643572,48.8543553],[2.3643193,48.8543622],[2.3643166,48.8543614],[2.3642354,48.8542297]]]},"properties":{"building":"apartments","building:levels":"6","id":"way/49734539"}},{"type":"Feature","id":"way/49734540","geometry":{"type":"Polygon","coordinates":[[[2.3642354,48.8542297],[2.3643166,48.8543614],[2.3643077,48.8543633],[2.3642523,48.8543768],[2.3641706,48.8542502],[2.3641997,48.854241],[2.3642354,48.8542297]]]},"properties":{"building":"apartments","building:levels":"6","id":"way/49734540"}},{"type":"Feature","id":"way/49734541","geometry":{"type":"Polygon","coordinates":[[[2.3643077,48.8543633],[2.3643222,48.8543881],[2.3643199,48.8543919],[2.36427,48.8544029],[2.3642647,48.8543946],[2.3642523,48.8543768],[2.3643077,48.8543633]]]},"properties":{"building":"yes","building:levels":"1","id":"way/49734541"}},{"type":"Feature","id":"way/49734545","geometry":{"type":"Polygon","coordinates":[[[2.3640746,48.8555782],[2.3643426,48.855536],[2.364324,48.8554858],[2.364053,48.8555307],[2.3640358,48.8554858],[2.3643479,48.8554344],[2.3643949,48.8555615],[2.3642751,48.8555819],[2.364088,48.8556128],[2.3640746,48.8555782]]]},"properties":{"building":"yes","id":"way/49734545"}},{"type":"Feature","id":"way/49734547","geometry":{"type":"Polygon","coordinates":[[[2.3633699,48.8550229],[2.3634791,48.8549873],[2.3634816,48.8549903],[2.3635996,48.8551493],[2.3634934,48.8551854],[2.3634342,48.8551075],[2.3633699,48.8550229]]]},"properties":{"building":"hotel","building:levels":"7","id":"way/49734547"}},{"type":"Feature","id":"way/49734548","geometry":{"type":"Polygon","coordinates":[[[2.3638467,48.8556518],[2.3638106,48.8556039],[2.3637574,48.8555332],[2.3640358,48.8554858],[2.364053,48.8555307],[2.3640585,48.8555484],[2.3640623,48.855548],[2.3640746,48.8555782],[2.364088,48.8556128],[2.3638467,48.8556518]]]},"properties":{"building":"yes","building:levels":"5","id":"way/49734548"}},{"type":"Feature","id":"way/49734549","geometry":{"type":"Polygon","coordinates":[[[2.3644713,48.8554142],[2.3645074,48.8555073],[2.36452,48.8555399],[2.3644612,48.85555],[2.3643949,48.8555615],[2.3643479,48.8554344],[2.3644117,48.855424],[2.3644713,48.8554142]]]},"properties":{"addr:housenumber":"11","addr:street":"Place des Vosges","building":"apartments","building:levels":"3","name":"Hôtel Pierrard","roof:levels":"1","roof:shape":"hipped","id":"way/49734549"}},{"type":"Feature","id":"way/49734550","geometry":{"type":"Polygon","coordinates":[[[2.36371,48.8554711],[2.3639767,48.855427],[2.3642294,48.8553864],[2.3643231,48.8553689],[2.3642512,48.8551876],[2.3642825,48.8551821],[2.3643163,48.8551761],[2.3643766,48.8551654],[2.3644713,48.8554142],[2.3644117,48.855424],[2.3643479,48.8554344],[2.3640358,48.8554858],[2.3637574,48.8555332],[2.36371,48.8554711]]]},"properties":{"building":"apartments","building:levels":"3","name":"Hôtel de Chaulnes","roof:levels":"2","id":"way/49734550"}},{"type":"Feature","id":"way/49734554","geometry":{"type":"Polygon","coordinates":[[[2.3643155,48.8550166],[2.3643434,48.8550112],[2.3643562,48.8550418],[2.3643493,48.8550562],[2.3643844,48.8550501],[2.3643816,48.8550422],[2.3644368,48.855032],[2.3644398,48.8550404],[2.3645369,48.8550232],[2.3645488,48.8550529],[2.364565,48.8550902],[2.3645815,48.8551282],[2.3643766,48.8551654],[2.3643617,48.8551241],[2.364356,48.8551085],[2.3643155,48.8550166]]]},"properties":{"building":"apartments","building:levels":"3","name":"Hôtel de la Salle","roof:levels":"2","roof:shape":"hipped","id":"way/49734554"}},{"type":"Feature","id":"way/49734557","geometry":{"type":"Polygon","coordinates":[[[2.36395,48.8552052],[2.3639527,48.8552027],[2.3639705,48.8551992],[2.3639939,48.8552312],[2.3642512,48.8551876],[2.3643231,48.8553689],[2.3642294,48.8553864],[2.3642143,48.8553472],[2.3642224,48.8553376],[2.3642727,48.8553281],[2.3642402,48.8552418],[2.364223,48.8552452],[2.3642222,48.8552436],[2.3640076,48.8552817],[2.3640061,48.8552778],[2.36398,48.8552826],[2.3639751,48.8552801],[2.3639766,48.8552705],[2.36395,48.8552052]]]},"properties":{"building":"yes","id":"way/49734557"}},{"type":"Feature","id":"way/49734558","geometry":{"type":"Polygon","coordinates":[[[2.3639262,48.8552914],[2.3639767,48.855427],[2.36371,48.8554711],[2.3636851,48.8554386],[2.3636165,48.8553493],[2.3637282,48.8553201],[2.3639262,48.8552914]]]},"properties":{"building":"yes","building:levels":"1","name":"ellia-artgallery","id":"way/49734558"}},{"type":"Feature","id":"way/49734560","geometry":{"type":"Polygon","coordinates":[[[2.3639517,48.8551761],[2.3639738,48.8551723],[2.3640421,48.8551606],[2.3640472,48.8551722],[2.3642653,48.8551355],[2.3642626,48.8551241],[2.3643246,48.8551134],[2.364356,48.8551085],[2.3643617,48.8551241],[2.3643766,48.8551654],[2.3643163,48.8551761],[2.3642825,48.8551821],[2.3642512,48.8551876],[2.3640683,48.8552186],[2.3639939,48.8552312],[2.3639705,48.8551992],[2.3639517,48.8551761]]]},"properties":{"building":"apartments","building:levels":"1","name":"Hôtel de Sully","roof:levels":"1","id":"way/49734560"}},{"type":"Feature","id":"way/49734562","geometry":{"type":"Polygon","coordinates":[[[2.3637282,48.8553201],[2.3636912,48.8552701],[2.3636899,48.8552678],[2.3636869,48.855263],[2.3635996,48.8551493],[2.3634816,48.8549903],[2.3636496,48.8549426],[2.3637591,48.8549127],[2.3637622,48.8549169],[2.3638304,48.8550092],[2.3638536,48.8550405],[2.3639218,48.8551327],[2.3638706,48.855149],[2.3638558,48.8551451],[2.3638191,48.8550937],[2.3637983,48.8550996],[2.3637181,48.8549826],[2.3635989,48.8550159],[2.363659,48.8551117],[2.3636791,48.8551064],[2.3637721,48.8552286],[2.3638728,48.8551946],[2.3639148,48.8552491],[2.3639301,48.8552765],[2.3639333,48.8552775],[2.3639387,48.8552847],[2.3639385,48.8552895],[2.3639262,48.8552914],[2.3637282,48.8553201]]]},"properties":{"building":"yes","id":"way/49734562"}},{"type":"Feature","id":"way/49734565","geometry":{"type":"Polygon","coordinates":[[[2.3635996,48.8551493],[2.3636869,48.855263],[2.3636631,48.8552712],[2.3636688,48.8552786],[2.3636912,48.8552701],[2.3637282,48.8553201],[2.3636165,48.8553493],[2.3635539,48.855266],[2.3634934,48.8551854],[2.3635996,48.8551493]]]},"properties":{"building":"apartments","building:levels":"7","id":"way/49734565"}},{"type":"Feature","id":"way/49734566","geometry":{"type":"Polygon","coordinates":[[[2.36452,48.8555399],[2.3646192,48.8557908],[2.3645585,48.8558007],[2.3643713,48.8558312],[2.364354,48.8557849],[2.3644742,48.8557648],[2.3644238,48.8556321],[2.3643013,48.8556538],[2.3642751,48.8555819],[2.3643949,48.8555615],[2.3644612,48.85555],[2.36452,48.8555399]]]},"properties":{"building":"apartments","building:levels":"3","name":"Hôtel Dyel des Hameaux","roof:levels":"1","id":"way/49734566"}},{"type":"Feature","id":"way/49734567","geometry":{"type":"Polygon","coordinates":[[[2.3643594,48.8561356],[2.3646009,48.8560934],[2.364614,48.8561279],[2.3645629,48.8561368],[2.3643722,48.8561697],[2.3643594,48.8561356]]]},"properties":{"building":"apartments","building:levels":"6","id":"way/49734567"}},{"type":"Feature","id":"way/49734568","geometry":{"type":"Polygon","coordinates":[[[2.364354,48.8557849],[2.3643713,48.8558312],[2.3643515,48.8558343],[2.3643361,48.8558367],[2.3640048,48.855891],[2.3639705,48.8558392],[2.3639273,48.8557738],[2.3639095,48.8557468],[2.3638467,48.8556518],[2.364088,48.8556128],[2.3642751,48.8555819],[2.3643013,48.8556538],[2.3641594,48.8556774],[2.3641637,48.8556887],[2.3640048,48.8557137],[2.3640456,48.8558235],[2.3642058,48.8557965],[2.3642091,48.8558086],[2.364354,48.8557849]]]},"properties":{"building":"apartments","id":"way/49734568"}},{"type":"Feature","id":"way/49734569","geometry":{"type":"Polygon","coordinates":[[[2.3642574,48.8559868],[2.3642751,48.8560343],[2.3643128,48.856143],[2.3643594,48.8561356],[2.3643722,48.8561697],[2.3642075,48.8561978],[2.3641467,48.8561054],[2.3640881,48.8560163],[2.3642574,48.8559868]]]},"properties":{"building":"apartments","id":"way/49734569"}},{"type":"Feature","id":"way/49734570","geometry":{"type":"Polygon","coordinates":[[[2.3647418,48.8561062],[2.3646815,48.8561164],[2.364614,48.8561279],[2.3646009,48.8560934],[2.3645687,48.8560048],[2.3643257,48.8560457],[2.3643182,48.8560268],[2.3642751,48.8560343],[2.3642574,48.8559868],[2.3646071,48.8559264],[2.3646667,48.8559161],[2.3647418,48.8561062]]]},"properties":{"building":"apartments","building:levels":"3","name":"Hôtel de Chabannes","roof:levels":"1","id":"way/49734570"}},{"type":"Feature","id":"way/49734571","geometry":{"type":"Polygon","coordinates":[[[2.3646192,48.8557908],[2.3646667,48.8559161],[2.3646071,48.8559264],[2.3642574,48.8559868],[2.3640881,48.8560163],[2.3640491,48.8559577],[2.3640048,48.855891],[2.3643361,48.8558367],[2.3643451,48.85586],[2.3641561,48.85589],[2.36418,48.855953],[2.3644214,48.8559123],[2.3643943,48.8558416],[2.3643563,48.8558475],[2.3643515,48.8558343],[2.3643713,48.8558312],[2.3645585,48.8558007],[2.3646192,48.8557908]]]},"properties":{"building":"apartments","building:levels":"3","name":"Hôtel Marchand","roof:levels":"1","id":"way/49734571"}},{"type":"Feature","id":"way/49734576","geometry":{"type":"Polygon","coordinates":[[[2.3654507,48.8541593],[2.3654364,48.8541156],[2.3654197,48.8540583],[2.3655051,48.8540464],[2.3655642,48.8540399],[2.3655658,48.8540429],[2.3656988,48.8540249],[2.3657136,48.854074],[2.365716,48.8540819],[2.3657317,48.854134],[2.3655857,48.8541571],[2.3654577,48.8541772],[2.3654507,48.8541593]]]},"properties":{"building":"yes","id":"way/49734576"}},{"type":"Feature","id":"way/49734578","geometry":{"type":"Polygon","coordinates":[[[2.365862,48.8541219],[2.3660789,48.8540697],[2.3661105,48.8541555],[2.3658876,48.8542062],[2.365874,48.8541614],[2.365862,48.8541219]]]},"properties":{"building":"yes","id":"way/49734578"}},{"type":"Feature","id":"way/49734579","geometry":{"type":"Polygon","coordinates":[[[2.3651902,48.854102],[2.3652184,48.8541606],[2.3652013,48.854164],[2.3652237,48.8542169],[2.3650766,48.8542511],[2.3650574,48.8542063],[2.365036,48.8541562],[2.3650911,48.8541465],[2.3650972,48.8541558],[2.36514,48.8541469],[2.3651444,48.8541468],[2.3651551,48.8541704],[2.365177,48.8541663],[2.365149,48.8541098],[2.3651902,48.854102]]]},"properties":{"building":"yes","id":"way/49734579"}},{"type":"Feature","id":"way/49734580","geometry":{"type":"Polygon","coordinates":[[[2.3651902,48.854102],[2.365149,48.8541098],[2.3651429,48.8540958],[2.3651233,48.8540993],[2.3651293,48.8541137],[2.3651257,48.8541144],[2.36514,48.8541469],[2.3650972,48.8541558],[2.3650911,48.8541465],[2.365036,48.8541562],[2.3650182,48.8541154],[2.3649999,48.8540732],[2.3650517,48.8540628],[2.3650545,48.8540694],[2.365137,48.8540536],[2.3651648,48.8540481],[2.3651902,48.854102]]]},"properties":{"building":"apartments","building:levels":"6","roof:levels":"1","roof:shape":"quadruple_saltbox","id":"way/49734580"}},{"type":"Feature","id":"way/49734583","geometry":{"type":"Polygon","coordinates":[[[2.3659518,48.8544137],[2.3662614,48.8543649],[2.3662941,48.8544578],[2.3659805,48.8545012],[2.3659797,48.8544989],[2.365959,48.8544358],[2.3659518,48.8544137]]]},"properties":{"building":"yes","id":"way/49734583"}},{"type":"Feature","id":"way/49734584","geometry":{"type":"Polygon","coordinates":[[[2.3661832,48.8537017],[2.3662815,48.8539069],[2.3661911,48.853929],[2.3660844,48.8537256],[2.3661267,48.8537154],[2.3661832,48.8537017]]]},"properties":{"building":"apartments","building:levels":"5","roof:levels":"1","id":"way/49734584"}},{"type":"Feature","id":"way/49734585","geometry":{"type":"Polygon","coordinates":[[[2.3660789,48.8540697],[2.3662561,48.8540406],[2.366302,48.8541277],[2.3663136,48.8541506],[2.3663597,48.8542358],[2.3662518,48.8542571],[2.3661669,48.8542739],[2.3661105,48.8541555],[2.3660789,48.8540697]]]},"properties":{"building":"construction","id":"way/49734585"}},{"type":"Feature","id":"way/49734589","geometry":{"type":"Polygon","coordinates":[[[2.3667914,48.8539232],[2.3668474,48.8540799],[2.3668587,48.8541186],[2.3668753,48.8541813],[2.3668873,48.8542282],[2.366902,48.8542914],[2.3669044,48.8542981],[2.366924,48.8543737],[2.3668001,48.8543887],[2.3665706,48.8544199],[2.3665117,48.8542677],[2.3665081,48.8542667],[2.3664983,48.8542431],[2.3664848,48.8542105],[2.3664565,48.8541417],[2.3665422,48.8541275],[2.3665251,48.8540816],[2.3665218,48.8540788],[2.3664862,48.8539935],[2.3665284,48.8539834],[2.3665225,48.853967],[2.3666114,48.8539481],[2.3666608,48.8539535],[2.3667914,48.8539232]]]},"properties":{"building":"yes","id":"way/49734589"}},{"type":"Feature","id":"way/49734590","geometry":{"type":"Polygon","coordinates":[[[2.3651299,48.853967],[2.3651648,48.8540481],[2.365137,48.8540536],[2.3651251,48.8540286],[2.3650968,48.8540353],[2.3650712,48.8539822],[2.3651004,48.8539746],[2.3651299,48.853967]]]},"properties":{"building":"apartments","building:levels":"6","roof:shape":"saltbox","id":"way/49734590"}},{"type":"Feature","id":"way/49734591","geometry":{"type":"Polygon","coordinates":[[[2.3655025,48.8538708],[2.365535,48.8539768],[2.3655281,48.8539781],[2.3655238,48.853979],[2.3655111,48.8540274],[2.3655051,48.8540464],[2.3654197,48.8540583],[2.3653694,48.853905],[2.3654241,48.8538909],[2.3655025,48.8538708]]]},"properties":{"building":"apartments","building:levels":"6","id":"way/49734591"}},{"type":"Feature","id":"way/49734592","geometry":{"type":"Polygon","coordinates":[[[2.3655025,48.8538708],[2.3655709,48.853852],[2.365633,48.853835],[2.3656387,48.8538367],[2.3656401,48.8538371],[2.3656414,48.8538375],[2.3656427,48.8538379],[2.3656691,48.8539259],[2.3656988,48.8540249],[2.3655658,48.8540429],[2.3655642,48.8540399],[2.3655051,48.8540464],[2.3655111,48.8540274],[2.3655586,48.8540222],[2.36555,48.8539942],[2.3655281,48.8539781],[2.365535,48.8539768],[2.3655025,48.8538708]]]},"properties":{"building":"apartments","building:levels":"6","roof:shape":"gambrel","id":"way/49734592"}},{"type":"Feature","id":"way/49734593","geometry":{"type":"Polygon","coordinates":[[[2.3650712,48.8539822],[2.3650968,48.8540353],[2.3651251,48.8540286],[2.365137,48.8540536],[2.3650545,48.8540694],[2.3650517,48.8540628],[2.3649999,48.8540732],[2.3649875,48.8540417],[2.3649749,48.8540096],[2.3649737,48.8540065],[2.3650141,48.8539964],[2.3650712,48.8539822]]]},"properties":{"building":"apartments","building:levels":"6","id":"way/49734593"}},{"type":"Feature","id":"way/49734599","geometry":{"type":"Polygon","coordinates":[[[2.3657093,48.8547553],[2.3656874,48.8546962],[2.3657276,48.8546896],[2.3657504,48.8547483],[2.3657203,48.8547536],[2.3657093,48.8547553]]]},"properties":{"building":"yes","building:levels":"1","id":"way/49734599"}},{"type":"Feature","id":"way/49734600","geometry":{"type":"Polygon","coordinates":[[[2.3658442,48.854503],[2.3658473,48.8545117],[2.3658498,48.8545189],[2.3658503,48.8545217],[2.365672,48.8545455],[2.3656933,48.854601],[2.3654837,48.8546309],[2.3654619,48.8545746],[2.3655787,48.8545571],[2.3655743,48.8545392],[2.3658442,48.854503]]]},"properties":{"building":"yes","id":"way/49734600"}},{"type":"Feature","id":"way/49734601","geometry":{"type":"Polygon","coordinates":[[[2.3659014,48.8545753],[2.365751,48.8545942],[2.36578,48.8546703],[2.3657669,48.8546725],[2.3657896,48.8547352],[2.3657812,48.8547448],[2.3657953,48.854778],[2.3657635,48.8547835],[2.3657504,48.8547483],[2.3657276,48.8546896],[2.3656933,48.854601],[2.365672,48.8545455],[2.3658503,48.8545217],[2.3658498,48.8545189],[2.3658719,48.8545154],[2.3658866,48.854513],[2.3658926,48.8545533],[2.3659014,48.8545753]]]},"properties":{"building":"yes","id":"way/49734601"}},{"type":"Feature","id":"way/49734602","geometry":{"type":"Polygon","coordinates":[[[2.3661105,48.8541555],[2.3661669,48.8542739],[2.3660478,48.854298],[2.3659235,48.8543231],[2.3659182,48.8543057],[2.3659089,48.8542757],[2.3658876,48.8542062],[2.3661105,48.8541555]]]},"properties":{"building":"yes","building:levels":"5","id":"way/49734602"}},{"type":"Feature","id":"way/49734606","geometry":{"type":"Polygon","coordinates":[[[2.3650385,48.854588],[2.3650488,48.854615],[2.365059,48.8546419],[2.3648409,48.8546834],[2.364831,48.8546669],[2.3648745,48.8546576],[2.3648696,48.8546461],[2.3648251,48.8546561],[2.3648136,48.8546349],[2.3650385,48.854588]]]},"properties":{"building":"yes","building:levels":"7","id":"way/49734606"}},{"type":"Feature","id":"way/49734607","geometry":{"type":"Polygon","coordinates":[[[2.3651447,48.8544094],[2.3652955,48.8543802],[2.3653216,48.8544389],[2.3651707,48.8544675],[2.3651545,48.8544314],[2.3651447,48.8544094]]]},"properties":{"building":"yes","building:levels":"6","id":"way/49734607"}},{"type":"Feature","id":"way/49734608","geometry":{"type":"Polygon","coordinates":[[[2.3650948,48.8542919],[2.365241,48.8542596],[2.365265,48.8543138],[2.3652955,48.8543802],[2.3651447,48.8544094],[2.3651241,48.8543608],[2.3651172,48.8543446],[2.3651122,48.8543328],[2.3650948,48.8542919]]]},"properties":{"building":"yes","building:levels":"6","id":"way/49734608"}},{"type":"Feature","id":"way/49734611","geometry":{"type":"Polygon","coordinates":[[[2.3662496,48.8536864],[2.3663507,48.8538895],[2.3662815,48.8539069],[2.3661832,48.8537017],[2.3662121,48.853695],[2.3662496,48.8536864]]]},"properties":{"building":"yes","name":"La Herse d'Or","id":"way/49734611"}},{"type":"Feature","id":"way/49734613","geometry":{"type":"Polygon","coordinates":[[[2.366754,48.8538019],[2.3667662,48.8538349],[2.3667637,48.8538376],[2.3667914,48.8539232],[2.3666608,48.8539535],[2.3666306,48.8538843],[2.3667244,48.853864],[2.3667144,48.8538434],[2.3667119,48.8538428],[2.3667097,48.8538388],[2.366711,48.8538365],[2.3667001,48.8538142],[2.366754,48.8538019]]]},"properties":{"building":"yes","id":"way/49734613"}},{"type":"Feature","id":"way/49734614","geometry":{"type":"Polygon","coordinates":[[[2.3663511,48.8541335],[2.3663646,48.8541307],[2.3663582,48.8541155],[2.366302,48.8541277],[2.3662561,48.8540406],[2.3663378,48.8540229],[2.3664076,48.8540091],[2.3664017,48.8539924],[2.3663658,48.8539183],[2.3665023,48.8538812],[2.3665674,48.8538634],[2.3666114,48.8539481],[2.3665225,48.853967],[2.3665284,48.8539834],[2.3664862,48.8539935],[2.3665218,48.8540788],[2.3665251,48.8540816],[2.3665422,48.8541275],[2.3664565,48.8541417],[2.3664848,48.8542105],[2.3664195,48.8542237],[2.3663597,48.8542358],[2.3663136,48.8541506],[2.3663545,48.8541429],[2.3663511,48.8541335]]]},"properties":{"building":"yes","id":"way/49734614"}},{"type":"Feature","id":"way/49734615","geometry":{"type":"Polygon","coordinates":[[[2.3664988,48.8536269],[2.3665353,48.8536928],[2.36656,48.8536867],[2.3665765,48.8537095],[2.3665505,48.8537151],[2.3665602,48.8537319],[2.3665106,48.8537425],[2.3665273,48.8537774],[2.3665729,48.8537676],[2.3665706,48.853761],[2.366575,48.85376],[2.3667277,48.853734],[2.366754,48.8538019],[2.3667001,48.8538142],[2.3665581,48.8538448],[2.3665674,48.8538634],[2.3665023,48.8538812],[2.366456,48.8537942],[2.3665064,48.8537819],[2.3664924,48.8537531],[2.3664771,48.8537568],[2.3664727,48.8537497],[2.3664369,48.8537591],[2.3663808,48.8536558],[2.3664174,48.8536468],[2.3664633,48.8536356],[2.3664988,48.8536269]]]},"properties":{"building":"yes","id":"way/49734615"}},{"type":"Feature","id":"way/49734617","geometry":{"type":"Polygon","coordinates":[[[2.3671941,48.8537392],[2.3672431,48.8537545],[2.3672729,48.8537638],[2.3672793,48.8538366],[2.3672852,48.8539033],[2.3671366,48.8539246],[2.3671289,48.8537816],[2.3672157,48.8538082],[2.3671941,48.8537392]]]},"properties":{"building":"apartments","building:levels":"4","id":"way/49734617"}},{"type":"Feature","id":"way/49734618","geometry":{"type":"Polygon","coordinates":[[[2.3672852,48.8539033],[2.3672909,48.8539723],[2.3672947,48.8540193],[2.367145,48.854041],[2.3671366,48.8539246],[2.3672852,48.8539033]]]},"properties":{"building":"apartments","building:levels":"6","id":"way/49734618"}},{"type":"Feature","id":"way/49734620","geometry":{"type":"Polygon","coordinates":[[[2.3666816,48.8535829],[2.3667277,48.853734],[2.366575,48.85376],[2.3665602,48.8537319],[2.3665505,48.8537151],[2.3665765,48.8537095],[2.36656,48.8536867],[2.3665353,48.8536928],[2.3664988,48.8536269],[2.3665305,48.8536193],[2.3666252,48.8535965],[2.3666816,48.8535829]]]},"properties":{"building":"apartments","building:levels":"7","id":"way/49734620"}},{"type":"Feature","id":"way/49734621","geometry":{"type":"Polygon","coordinates":[[[2.3662496,48.8536864],[2.366311,48.8536721],[2.3663808,48.8536558],[2.3664369,48.8537591],[2.3663378,48.8537849],[2.3663537,48.8538176],[2.366456,48.8537942],[2.3665023,48.8538812],[2.3663658,48.8539183],[2.3663507,48.8538895],[2.3662496,48.8536864]]]},"properties":{"building":"apartments","building:levels":"6","roof:levels":"1","id":"way/49734621"}},{"type":"Feature","id":"way/49734624","geometry":{"type":"Polygon","coordinates":[[[2.3662941,48.8544578],[2.3662614,48.8543649],[2.3662452,48.85432],[2.366393,48.85429],[2.3664305,48.8542824],[2.3665081,48.8542667],[2.3665117,48.8542677],[2.3665706,48.8544199],[2.366567,48.8544209],[2.3662941,48.8544578]]]},"properties":{"building":"yes","id":"way/49734624"}},{"type":"Feature","id":"way/49734628","geometry":{"type":"Polygon","coordinates":[[[2.3672114,48.8546711],[2.3672138,48.8547186],[2.367183,48.8547202],[2.3671798,48.8547087],[2.3671817,48.854708],[2.3671752,48.854685],[2.3671714,48.8546853],[2.36717,48.8546751],[2.3672114,48.8546711]]]},"properties":{"building":"yes","id":"way/49734628"}},{"type":"Feature","id":"way/49734630","geometry":{"type":"Polygon","coordinates":[[[2.3672673,48.8541727],[2.3672566,48.8541765],[2.3671706,48.8541891],[2.3668873,48.8542282],[2.3668753,48.8541813],[2.3671573,48.8541452],[2.3671574,48.8541421],[2.3671863,48.8541394],[2.3671792,48.8541117],[2.3671735,48.8541119],[2.3671611,48.854069],[2.3670976,48.8540777],[2.3670976,48.8540863],[2.3668587,48.8541186],[2.3668474,48.8540799],[2.367145,48.854041],[2.3672947,48.8540193],[2.3672869,48.8540632],[2.3672853,48.854072],[2.3672804,48.8540994],[2.3672711,48.8541516],[2.3672673,48.8541727]]]},"properties":{"building":"apartments","id":"way/49734630"}},{"type":"Feature","id":"way/49734634","geometry":{"type":"Polygon","coordinates":[[[2.3669796,48.8554006],[2.3669931,48.8554333],[2.3670117,48.8554902],[2.3669777,48.855496],[2.3669893,48.8555314],[2.3669346,48.8555411],[2.3665897,48.8556017],[2.3665285,48.8556125],[2.3664797,48.8554855],[2.3665414,48.8554754],[2.3666054,48.855465],[2.3668164,48.8554287],[2.3668255,48.8554573],[2.3666701,48.855484],[2.366691,48.8555391],[2.3669172,48.8554989],[2.3668855,48.8554168],[2.3669796,48.8554006]]]},"properties":{"building":"apartments","building:levels":"3","name":"Hôtel d'Asfeldt","roof:levels":"2","roof:shape":"hipped","id":"way/49734634"}},{"type":"Feature","id":"way/49734635","geometry":{"type":"Polygon","coordinates":[[[2.367039,48.8555226],[2.3671543,48.8555021],[2.3672337,48.8554883],[2.3672357,48.855563],[2.3672374,48.8556238],[2.3670374,48.8556578],[2.3670314,48.8556588],[2.3670154,48.8556105],[2.3670839,48.8555992],[2.3670624,48.8555444],[2.3670496,48.8555467],[2.367039,48.8555226]]]},"properties":{"building":"apartments","building:levels":"5","id":"way/49734635"}},{"type":"Feature","id":"way/49734636","geometry":{"type":"Polygon","coordinates":[[[2.3651563,48.8549159],[2.3651646,48.8549148],[2.365242,48.8549021],[2.3652609,48.8548983],[2.3652796,48.8548957],[2.3652827,48.8548952],[2.3652858,48.8548946],[2.3653134,48.8548899],[2.3653511,48.8548835],[2.3653627,48.8548811],[2.3653878,48.8549494],[2.3653893,48.8549532],[2.3654027,48.8549896],[2.3653222,48.8550033],[2.3653041,48.8550064],[2.3652853,48.8550098],[2.3652607,48.8550139],[2.3651986,48.8550242],[2.3651847,48.8549886],[2.3651833,48.854985],[2.3651563,48.8549159]]]},"properties":{"building":"apartments","building:levels":"3","name":"Pavillon du Roi","roof:levels":"1","roof:shape":"hipped","id":"way/49734636"}},{"type":"Feature","id":"way/49734637","geometry":{"type":"Polygon","coordinates":[[[2.366994,48.8549876],[2.3669819,48.85496],[2.3670865,48.8549398],[2.3670985,48.8549695],[2.366994,48.8549876]]]},"properties":{"building":"yes","id":"way/49734637"}},{"type":"Feature","id":"way/49734638","geometry":{"type":"Polygon","coordinates":[[[2.3665155,48.8549363],[2.366662,48.8549116],[2.3666724,48.854941],[2.3666658,48.8549497],[2.3665937,48.8549627],[2.3665825,48.8549572],[2.3665804,48.8549511],[2.3665259,48.8549605],[2.3665155,48.8549363]]]},"properties":{"building":"yes","building:levels":"4","id":"way/49734638"}},{"type":"Feature","id":"way/49734639","geometry":{"type":"Polygon","coordinates":[[[2.3669526,48.854995],[2.3665697,48.8550619],[2.3665547,48.8550268],[2.3668191,48.8549789],[2.3667822,48.8548904],[2.3669043,48.8548708],[2.3669526,48.854995]]]},"properties":{"building":"apartments","building:levels":"4","id":"way/49734639"}},{"type":"Feature","id":"way/49734640","geometry":{"type":"Polygon","coordinates":[[[2.3665155,48.8549363],[2.3665259,48.8549605],[2.3665327,48.8549749],[2.3665437,48.8549732],[2.3665538,48.8549768],[2.3665586,48.8549878],[2.3665523,48.8549929],[2.3665409,48.8549945],[2.3665547,48.8550268],[2.3665697,48.8550619],[2.3663963,48.8550925],[2.3663355,48.8551032],[2.3662888,48.8549749],[2.3663488,48.8549647],[2.3665155,48.8549363]]]},"properties":{"building":"apartments","building:levels":"3","name":"Hôtel de Châtillon","roof:levels":"2","id":"way/49734640"}},{"type":"Feature","id":"way/49734641","geometry":{"type":"Polygon","coordinates":[[[2.3672165,48.8549487],[2.367221,48.855067],[2.3672233,48.855154],[2.3670998,48.8551746],[2.3670977,48.8550373],[2.3664966,48.8551441],[2.3665067,48.8551695],[2.3665006,48.8551711],[2.3665052,48.8551837],[2.3664969,48.8551852],[2.3665044,48.8552024],[2.3665117,48.8552012],[2.3665158,48.8552124],[2.3665093,48.8552136],[2.3665216,48.8552417],[2.3665938,48.855228],[2.3666085,48.8552594],[2.3665324,48.8552726],[2.3664693,48.8552835],[2.3664085,48.855294],[2.3663355,48.8551032],[2.3663963,48.8550925],[2.3665697,48.8550619],[2.3669526,48.854995],[2.3669801,48.8549902],[2.366994,48.8549876],[2.3670985,48.8549695],[2.3671355,48.8549628],[2.3672165,48.8549487]]]},"properties":{"building":"school","building:levels":"3","name":"Hôtel Lafont","roof:levels":"2","id":"way/49734641"}},{"type":"Feature","id":"way/49734642","geometry":{"type":"Polygon","coordinates":[[[2.3672298,48.8553577],[2.3669796,48.8554006],[2.3668855,48.8554168],[2.3668164,48.8554287],[2.3666054,48.855465],[2.3665324,48.8552726],[2.3666085,48.8552594],[2.3670998,48.8551746],[2.3672233,48.855154],[2.3672233,48.8551991],[2.3672209,48.8551988],[2.3672248,48.8553157],[2.3672287,48.8553154],[2.3672298,48.8553577]]]},"properties":{"building":"yes","name":"Synagogue de la rue des Tournelles","id":"way/49734642"}},{"type":"Feature","id":"way/49734643","geometry":{"type":"Polygon","coordinates":[[[2.3672298,48.8553577],[2.3672321,48.8554351],[2.3672337,48.8554883],[2.3671543,48.8555021],[2.3671197,48.8554132],[2.3669931,48.8554333],[2.3669796,48.8554006],[2.3672298,48.8553577]]]},"properties":{"building":"apartments","building:levels":"4","id":"way/49734643"}},{"type":"Feature","id":"way/49734644","geometry":{"type":"Polygon","coordinates":[[[2.3669346,48.8555411],[2.3669432,48.8555643],[2.3669198,48.8555688],[2.3669211,48.8555728],[2.366847,48.8555859],[2.3668486,48.85559],[2.3667651,48.855605],[2.3667889,48.8556636],[2.3668658,48.8556473],[2.3668703,48.8556344],[2.3670154,48.8556105],[2.3670314,48.8556588],[2.3669877,48.8556665],[2.3669511,48.855673],[2.3666382,48.8557289],[2.3665759,48.85574],[2.3665285,48.8556125],[2.3665897,48.8556017],[2.3669346,48.8555411]]]},"properties":{"building":"apartments","building:levels":"3","name":"Hôtel de Clermont-Tonnerre","roof:levels":"2","roof:shape":"hipped","id":"way/49734644"}},{"type":"Feature","id":"way/49734645","geometry":{"type":"Polygon","coordinates":[[[2.3669511,48.855673],[2.3669877,48.8556665],[2.3670058,48.8557166],[2.3669705,48.8557224],[2.3669641,48.855706],[2.3669511,48.855673]]]},"properties":{"building":"yes","id":"way/49734645"}},{"type":"Feature","id":"way/49734646","geometry":{"type":"Polygon","coordinates":[[[2.3669641,48.855706],[2.3668486,48.8557274],[2.3668536,48.855741],[2.3668096,48.8557502],[2.3668273,48.8557912],[2.366871,48.855783],[2.3668765,48.8557958],[2.3669472,48.8557838],[2.3669565,48.8558094],[2.3666858,48.8558546],[2.3666232,48.855865],[2.3665759,48.85574],[2.3666382,48.8557289],[2.3669511,48.855673],[2.3669641,48.855706]]]},"properties":{"building":"apartments","building:levels":"3","name":"Hôtel d'Angennes de Rambouillet","roof:levels":"2","roof:shape":"hipped","id":"way/49734646"}},{"type":"Feature","id":"way/49734647","geometry":{"type":"Polygon","coordinates":[[[2.3670878,48.8557875],[2.3670675,48.8557909],[2.3670387,48.8557957],[2.3669565,48.8558094],[2.3669472,48.8557838],[2.367078,48.8557623],[2.3670878,48.8557875]]]},"properties":{"building":"yes","id":"way/49734647"}},{"type":"Feature","id":"way/49734648","geometry":{"type":"Polygon","coordinates":[[[2.3670374,48.8556578],[2.3672374,48.8556238],[2.3672413,48.8556237],[2.3672448,48.8557063],[2.3672471,48.855761],[2.3672407,48.8557621],[2.3670878,48.8557875],[2.367078,48.8557623],[2.3670374,48.8556578]]]},"properties":{"building":"apartments","building:levels":"4","id":"way/49734648"}},{"type":"Feature","id":"way/49734650","geometry":{"type":"Polygon","coordinates":[[[2.3670992,48.8558822],[2.3670732,48.8558073],[2.3670675,48.8557909],[2.3670878,48.8557875],[2.3672407,48.8557621],[2.3672411,48.8558111],[2.3672412,48.8558303],[2.3672414,48.855858],[2.3670992,48.8558822]]]},"properties":{"building":"apartments","building:levels":"5","id":"way/49734650"}},{"type":"Feature","id":"way/49734651","geometry":{"type":"Polygon","coordinates":[[[2.3666733,48.8559986],[2.3666232,48.855865],[2.3666858,48.8558546],[2.3669565,48.8558094],[2.3670387,48.8557957],[2.3670446,48.8558119],[2.3670702,48.8558868],[2.3670205,48.8558939],[2.3669573,48.855904],[2.366937,48.85585],[2.3668152,48.8558698],[2.3668356,48.855923],[2.3669174,48.8559076],[2.3669181,48.85591],[2.3669369,48.8559574],[2.3668004,48.8559787],[2.3667372,48.8559886],[2.3667005,48.8559943],[2.3666733,48.8559986]]]},"properties":{"building":"apartments","building:levels":"3","name":"Hôtel de Laffemas","roof:levels":"2","roof:shape":"hipped","id":"way/49734651"}},{"type":"Feature","id":"way/49734652","geometry":{"type":"Polygon","coordinates":[[[2.3670205,48.8558939],[2.3670388,48.8559415],[2.3670166,48.8559449],[2.3669369,48.8559574],[2.3669181,48.85591],[2.3669573,48.855904],[2.3670205,48.8558939]]]},"properties":{"building":"apartments","building:levels":"7","id":"way/49734652"}},{"type":"Feature","id":"way/49734653","geometry":{"type":"Polygon","coordinates":[[[2.3672414,48.855858],[2.3672521,48.8558577],[2.3672538,48.8558944],[2.3672544,48.8559074],[2.3671849,48.8559184],[2.3671821,48.8559188],[2.3670756,48.8559356],[2.3670388,48.8559415],[2.3670205,48.8558939],[2.3670702,48.8558868],[2.3670992,48.8558822],[2.3672414,48.855858]]]},"properties":{"building":"apartments","building:levels":"5","id":"way/49734653"}},{"type":"Feature","id":"way/49824129","geometry":{"type":"Polygon","coordinates":[[[2.3658596,48.8552924],[2.3659019,48.8552454],[2.3659434,48.8552635],[2.3660231,48.8554762],[2.3657882,48.8555153],[2.3657661,48.8554969],[2.3657388,48.8554789],[2.3657064,48.8554627],[2.3657828,48.8553773],[2.3657888,48.8553786],[2.3658029,48.8553797],[2.3658168,48.8553792],[2.3658299,48.8553771],[2.3658429,48.8553735],[2.3658546,48.8553682],[2.3658644,48.8553619],[2.3658725,48.8553545],[2.3658785,48.8553459],[2.3658818,48.8553373],[2.3658831,48.8553283],[2.3658816,48.8553189],[2.3658777,48.8553103],[2.3658716,48.855302],[2.3658633,48.8552947],[2.3658596,48.8552924]]]},"properties":{"landuse":"grass","id":"way/49824129"}},{"type":"Feature","id":"way/49824130","geometry":{"type":"Polygon","coordinates":[[[2.3650263,48.8554316],[2.3650231,48.8554403],[2.3650223,48.8554493],[2.3650239,48.8554582],[2.365028,48.8554667],[2.3650342,48.8554747],[2.3650426,48.8554818],[2.3650527,48.8554878],[2.3650642,48.8554925],[2.3650769,48.8554958],[2.3650903,48.8554976],[2.3651039,48.8554977],[2.3651173,48.8554963],[2.3651301,48.8554933],[2.365142,48.8554888],[2.3651558,48.8554825],[2.3652839,48.8555328],[2.3652696,48.8555551],[2.3652555,48.8555769],[2.3652434,48.855609],[2.3650178,48.8556457],[2.3649306,48.8554287],[2.3649525,48.855403],[2.3650263,48.8554316]]]},"properties":{"landuse":"grass","id":"way/49824130"}},{"type":"Feature","id":"way/49824131","geometry":{"type":"Polygon","coordinates":[[[2.3651336,48.8554314],[2.3651373,48.8554358],[2.3651399,48.8554405],[2.3651411,48.8554454],[2.3651409,48.8554504],[2.3651394,48.8554553],[2.3651366,48.85546],[2.3651325,48.8554642],[2.3651274,48.8554679],[2.3651214,48.8554709],[2.3651146,48.8554732],[2.3651073,48.8554747],[2.3650998,48.8554752],[2.3650922,48.8554749],[2.3650848,48.8554737],[2.3650779,48.8554716],[2.3650716,48.8554688],[2.3650662,48.8554652],[2.3650619,48.8554611],[2.3650588,48.8554566],[2.3650569,48.8554517],[2.3650564,48.8554467],[2.3650572,48.8554418],[2.3650594,48.855437],[2.3650628,48.8554325],[2.3650674,48.8554285],[2.365073,48.8554252],[2.3650795,48.8554225],[2.3650865,48.8554206],[2.3650939,48.8554196],[2.3651015,48.8554195],[2.3651091,48.8554203],[2.3651162,48.8554219],[2.3651229,48.8554244],[2.3651287,48.8554276],[2.3651336,48.8554314]]]},"properties":{"natural":"water","id":"way/49824131"}},{"type":"Feature","id":"way/49824132","geometry":{"type":"Polygon","coordinates":[[[2.3658377,48.8553097],[2.3658424,48.8553138],[2.3658458,48.8553184],[2.365848,48.8553233],[2.3658488,48.8553284],[2.3658482,48.8553335],[2.3658462,48.8553384],[2.3658429,48.855343],[2.3658384,48.8553472],[2.3658328,48.8553508],[2.3658264,48.8553537],[2.3658193,48.8553557],[2.3658117,48.8553569],[2.365804,48.8553572],[2.3657963,48.8553566],[2.3657888,48.8553551],[2.3657819,48.8553527],[2.3657758,48.8553495],[2.3657706,48.8553457],[2.3657666,48.8553414],[2.3657638,48.8553366],[2.3657623,48.8553316],[2.3657622,48.8553265],[2.3657635,48.8553214],[2.3657661,48.8553166],[2.36577,48.8553122],[2.3657751,48.8553083],[2.3657811,48.8553051],[2.3657879,48.8553026],[2.3657953,48.855301],[2.365803,48.8553002],[2.3658107,48.8553004],[2.3658183,48.8553015],[2.3658255,48.8553034],[2.365832,48.8553062],[2.3658377,48.8553097]]]},"properties":{"natural":"water","id":"way/49824132"}},{"type":"Feature","id":"way/49824133","geometry":{"type":"Polygon","coordinates":[[[2.3657523,48.8553659],[2.3656731,48.85545],[2.3656465,48.8554427],[2.365606,48.855435],[2.3655656,48.8554326],[2.3655075,48.8552709],[2.3658298,48.8552165],[2.3658711,48.8552336],[2.3658286,48.85528],[2.3658152,48.855278],[2.365801,48.8552777],[2.3657873,48.8552791],[2.3657741,48.8552819],[2.3657619,48.8552864],[2.3657511,48.8552922],[2.3657422,48.8552991],[2.3657351,48.855307],[2.3657304,48.8553157],[2.365728,48.8553246],[2.3657282,48.8553338],[2.3657307,48.8553427],[2.3657358,48.8553515],[2.3657433,48.8553593],[2.3657523,48.8553659]]]},"properties":{"landuse":"grass","id":"way/49824133"}},{"type":"Feature","id":"way/49824134","geometry":{"type":"Polygon","coordinates":[[[2.3650439,48.8554124],[2.364971,48.8553837],[2.36499,48.8553607],[2.3653228,48.8553029],[2.3653792,48.8554626],[2.3653492,48.8554758],[2.3653231,48.8554946],[2.3653035,48.8555145],[2.3651723,48.8554617],[2.3651749,48.8554529],[2.3651753,48.8554439],[2.3651731,48.855435],[2.3651686,48.8554265],[2.3651617,48.8554185],[2.3651529,48.8554116],[2.3651425,48.8554059],[2.3651304,48.8554013],[2.3651173,48.8553984],[2.365104,48.855397],[2.3650902,48.8553972],[2.3650767,48.855399],[2.365064,48.8554024],[2.3650524,48.8554071],[2.3650439,48.8554124]]]},"properties":{"landuse":"grass","id":"way/49824134"}},{"type":"Feature","id":"way/49824135","geometry":{"type":"Polygon","coordinates":[[[2.3653327,48.8558764],[2.3654076,48.8557936],[2.3654392,48.8558032],[2.3654762,48.8558108],[2.365516,48.8558124],[2.3655781,48.8559684],[2.3652535,48.8560215],[2.3652148,48.856006],[2.3652545,48.8559614],[2.3652672,48.8559633],[2.3652801,48.8559639],[2.365293,48.855963],[2.3653055,48.8559607],[2.3653173,48.855957],[2.3653279,48.8559522],[2.3653372,48.8559462],[2.3653448,48.8559393],[2.3653506,48.8559316],[2.3653543,48.8559235],[2.365356,48.855915],[2.3653554,48.8559065],[2.3653527,48.8558981],[2.3653479,48.8558902],[2.3653412,48.8558829],[2.3653327,48.8558764]]]},"properties":{"landuse":"grass","id":"way/49824135"}},{"type":"Feature","id":"way/49824136","geometry":{"type":"Polygon","coordinates":[[[2.3652234,48.8559491],[2.3651825,48.8559936],[2.3651478,48.8559809],[2.3650643,48.8557655],[2.3653003,48.8557284],[2.3653188,48.8557458],[2.365343,48.8557629],[2.3653749,48.8557803],[2.3652996,48.8558638],[2.3652873,48.8558622],[2.3652747,48.855862],[2.3652622,48.8558631],[2.3652501,48.8558655],[2.3652388,48.8558691],[2.3652285,48.855874],[2.3652196,48.8558798],[2.3652122,48.8558865],[2.3652066,48.855894],[2.3652029,48.8559019],[2.3652012,48.8559101],[2.3652015,48.8559184],[2.3652039,48.8559265],[2.3652083,48.8559343],[2.3652145,48.8559415],[2.3652234,48.8559491]]]},"properties":{"landuse":"grass","id":"way/49824136"}},{"type":"Feature","id":"way/49824137","geometry":{"type":"Polygon","coordinates":[[[2.3654838,48.8560975],[2.3654881,48.8561018],[2.3654897,48.8561069],[2.3654882,48.8561119],[2.3654838,48.8561163],[2.3654773,48.8561192],[2.3654696,48.8561202],[2.3654619,48.8561192],[2.3654553,48.8561163],[2.3654509,48.856112],[2.3654493,48.856107],[2.3654509,48.8561019],[2.3654552,48.8560975],[2.3654617,48.8560947],[2.3654695,48.8560936],[2.3654772,48.8560946],[2.3654838,48.8560975]]]},"properties":{"building":"toilets","id":"way/49824137"}},{"type":"Feature","id":"way/49824138","geometry":{"type":"Polygon","coordinates":[[[2.3659867,48.8560147],[2.3659915,48.8560193],[2.3659932,48.8560248],[2.3659916,48.8560303],[2.365987,48.856035],[2.3659799,48.8560382],[2.3659715,48.8560393],[2.3659632,48.8560382],[2.365956,48.8560352],[2.3659512,48.8560305],[2.3659495,48.856025],[2.3659511,48.8560195],[2.3659558,48.8560148],[2.3659628,48.8560117],[2.3659712,48.8560105],[2.3659796,48.8560116],[2.3659867,48.8560147]]]},"properties":{"building":"toilets","id":"way/49824138"}},{"type":"Feature","id":"way/49824139","geometry":{"type":"Polygon","coordinates":[[[2.3659309,48.8557615],[2.3658056,48.8557119],[2.3658217,48.8556871],[2.3658319,48.855663],[2.3658361,48.8556394],[2.3660713,48.8556003],[2.3661527,48.8558143],[2.3661304,48.8558397],[2.3660572,48.8558114],[2.3660601,48.8558032],[2.3660609,48.8557949],[2.3660596,48.8557866],[2.3660562,48.8557785],[2.3660508,48.855771],[2.3660435,48.8557641],[2.3660346,48.8557581],[2.3660243,48.8557533],[2.3660129,48.8557496],[2.3660007,48.8557472],[2.3659881,48.8557462],[2.3659754,48.8557466],[2.365963,48.8557484],[2.3659512,48.8557516],[2.3659404,48.855756],[2.3659309,48.8557615]]]},"properties":{"landuse":"grass","id":"way/49824139"}},{"type":"Feature","id":"way/49824140","geometry":{"type":"Polygon","coordinates":[[[2.3653098,48.8558933],[2.3653143,48.8558969],[2.3653178,48.855901],[2.3653202,48.8559055],[2.3653215,48.8559101],[2.3653216,48.8559148],[2.3653206,48.8559194],[2.3653184,48.8559239],[2.3653151,48.8559281],[2.3653108,48.8559318],[2.3653056,48.855935],[2.3652997,48.8559377],[2.3652932,48.8559396],[2.3652863,48.8559409],[2.3652792,48.8559413],[2.3652721,48.855941],[2.3652651,48.8559399],[2.3652585,48.8559381],[2.3652525,48.8559356],[2.3652472,48.8559325],[2.3652427,48.8559288],[2.3652392,48.8559247],[2.3652368,48.8559203],[2.3652355,48.8559157],[2.3652354,48.855911],[2.3652364,48.8559063],[2.3652386,48.8559019],[2.3652419,48.8558977],[2.3652462,48.855894],[2.3652514,48.8558907],[2.3652573,48.8558881],[2.3652638,48.8558861],[2.3652707,48.8558849],[2.3652778,48.8558844],[2.3652849,48.8558848],[2.3652919,48.8558858],[2.3652985,48.8558877],[2.3653045,48.8558902],[2.3653098,48.8558933]]]},"properties":{"natural":"water","id":"way/49824140"}},{"type":"Feature","id":"way/49824141","geometry":{"type":"Polygon","coordinates":[[[2.3660387,48.8558311],[2.3661114,48.8558606],[2.3660894,48.8558844],[2.365762,48.8559388],[2.3657005,48.855786],[2.3657344,48.8557706],[2.3657669,48.8557495],[2.3657866,48.8557329],[2.3659129,48.855782],[2.3659103,48.8557906],[2.3659101,48.8557993],[2.3659122,48.8558079],[2.3659165,48.8558162],[2.365923,48.8558238],[2.3659313,48.8558305],[2.3659414,48.8558362],[2.3659528,48.8558406],[2.3659652,48.8558437],[2.3659782,48.8558453],[2.3659914,48.8558454],[2.3660045,48.8558439],[2.366017,48.855841],[2.3660285,48.8558367],[2.3660387,48.8558311]]]},"properties":{"landuse":"grass","id":"way/49824141"}},{"type":"Feature","id":"way/49824142","geometry":{"type":"Polygon","coordinates":[[[2.366025,48.8557884],[2.3660264,48.855793],[2.3660266,48.8557978],[2.3660254,48.8558024],[2.3660231,48.8558069],[2.3660196,48.8558111],[2.3660151,48.8558148],[2.3660097,48.8558179],[2.3660035,48.8558203],[2.3659968,48.855822],[2.3659898,48.8558229],[2.3659826,48.855823],[2.3659755,48.8558223],[2.3659687,48.8558208],[2.3659624,48.8558185],[2.3659568,48.8558155],[2.3659521,48.8558119],[2.3659483,48.8558079],[2.3659457,48.8558035],[2.3659444,48.8557988],[2.3659442,48.8557941],[2.3659453,48.8557894],[2.3659477,48.8557849],[2.3659511,48.8557808],[2.3659557,48.8557771],[2.3659611,48.855774],[2.3659672,48.8557715],[2.3659739,48.8557698],[2.365981,48.8557689],[2.3659882,48.8557688],[2.3659953,48.8557696],[2.3660021,48.8557711],[2.3660084,48.8557734],[2.366014,48.8557764],[2.3660187,48.8557799],[2.3660224,48.855784],[2.366025,48.8557884]]]},"properties":{"natural":"water","id":"way/49824142"}},{"type":"Feature","id":"way/50591601","geometry":{"type":"Polygon","coordinates":[[[2.3671307,48.8562196],[2.3671286,48.8561712],[2.3671358,48.8561708],[2.3671352,48.8561503],[2.3671279,48.8561502],[2.3671284,48.8561018],[2.3671418,48.8561037],[2.3672477,48.8561011],[2.3672489,48.8561509],[2.3672504,48.8562177],[2.3671307,48.8562196]]]},"properties":{"building":"apartments","building:levels":"7","id":"way/50591601"}},{"type":"Feature","id":"way/50591610","geometry":{"type":"Polygon","coordinates":[[[2.367018,48.856033],[2.3670306,48.856069],[2.367018,48.8560717],[2.3670204,48.856088],[2.3670263,48.8561021],[2.3669968,48.8561086],[2.3670118,48.8561466],[2.3670229,48.8561498],[2.3670445,48.8561995],[2.3670272,48.8562029],[2.366908,48.8562227],[2.3669004,48.856202],[2.3669597,48.8561916],[2.3669513,48.8561662],[2.3669421,48.8561674],[2.3669386,48.8561588],[2.3669214,48.8561607],[2.3669039,48.8561199],[2.3668719,48.8561245],[2.3668482,48.8560606],[2.3669557,48.8560432],[2.367018,48.856033]]]},"properties":{"building":"apartments","building:levels":"7","id":"way/50591610"}},{"type":"Feature","id":"way/50591615","geometry":{"type":"Polygon","coordinates":[[[2.3661913,48.8561664],[2.366205,48.8562084],[2.3662412,48.8563047],[2.3662559,48.8563437],[2.3662131,48.8563501],[2.3662005,48.8563119],[2.3661361,48.8563219],[2.3661383,48.8563288],[2.3660419,48.8563447],[2.3660399,48.8563374],[2.3659692,48.856349],[2.3659812,48.8563859],[2.365937,48.8563903],[2.3659268,48.8563552],[2.3659251,48.8563491],[2.365923,48.8563494],[2.3659185,48.8563371],[2.3659128,48.8563246],[2.3658405,48.8563363],[2.3658207,48.8563397],[2.3658035,48.8563421],[2.3657569,48.8563497],[2.3657285,48.8563544],[2.3657251,48.8563527],[2.3657156,48.8563291],[2.3657005,48.8562896],[2.3656845,48.8562479],[2.3657313,48.8562406],[2.3657624,48.8562357],[2.3657782,48.8562332],[2.3657981,48.85623],[2.365815,48.8562273],[2.3661913,48.8561664]]]},"properties":{"building":"apartments","building:levels":"3","name":"Hôtel d'Espinoy et Pavillon de la Reine","roof:levels":"1","roof:shape":"hipped","id":"way/50591615"}},{"type":"Feature","id":"way/50591622","geometry":{"type":"Polygon","coordinates":[[[2.367018,48.856033],[2.3671106,48.8560179],[2.3672151,48.8560008],[2.3672465,48.8560167],[2.3672469,48.8560445],[2.3672477,48.8561011],[2.3671418,48.8561037],[2.3671417,48.856097],[2.3671552,48.8560966],[2.3671473,48.8560797],[2.3671079,48.8560878],[2.3671097,48.8560908],[2.3670973,48.8561008],[2.3670314,48.8561133],[2.3670263,48.8561021],[2.3670204,48.856088],[2.367018,48.8560717],[2.3670306,48.856069],[2.367018,48.856033]]]},"properties":{"building":"apartments","building:levels":"7","id":"way/50591622"}},{"type":"Feature","id":"way/50591625","geometry":{"type":"Polygon","coordinates":[[[2.3646748,48.857001],[2.3646607,48.8569149],[2.3646569,48.8568831],[2.3649239,48.8568393],[2.3649687,48.8569513],[2.3649037,48.8569623],[2.3648093,48.8569783],[2.3646748,48.857001]]]},"properties":{"building":"apartments","building:levels":"7","id":"way/50591625"}},{"type":"Feature","id":"way/50591627","geometry":{"type":"Polygon","coordinates":[[[2.3648055,48.8567449],[2.3646417,48.8567657],[2.3646402,48.8567578],[2.3646194,48.8566013],[2.3646123,48.8565457],[2.3645916,48.8564262],[2.3646591,48.8564154],[2.3647902,48.8563945],[2.3648202,48.856516],[2.3648479,48.856613],[2.364784,48.8566239],[2.3647583,48.8565458],[2.364763,48.8565452],[2.3647554,48.8565253],[2.364682,48.8565358],[2.3647154,48.8566307],[2.3647649,48.8566231],[2.3647667,48.8566262],[2.3648055,48.8567449]]]},"properties":{"building":"apartments","building:levels":"4","roof:levels":"1","id":"way/50591627"}},{"type":"Feature","id":"way/50591633","geometry":{"type":"Polygon","coordinates":[[[2.3646194,48.8566013],[2.3646402,48.8567578],[2.3645228,48.8567616],[2.3645184,48.8566873],[2.3645181,48.8566828],[2.3645135,48.8566051],[2.3646194,48.8566013]]]},"properties":{"building":"yes","building:levels":"5","id":"way/50591633"}},{"type":"Feature","id":"way/50591637","geometry":{"type":"Polygon","coordinates":[[[2.3646765,48.8570161],[2.3645976,48.8570288],[2.36454,48.857038],[2.3645398,48.8570339],[2.364536,48.8569692],[2.3645331,48.8569192],[2.3646607,48.8569149],[2.3646748,48.857001],[2.3646765,48.8570161]]]},"properties":{"building":"yes","building:levels":"5","id":"way/50591637"}},{"type":"Feature","id":"way/50591640","geometry":{"type":"Polygon","coordinates":[[[2.3645228,48.8567616],[2.3646402,48.8567578],[2.3646417,48.8567657],[2.3646465,48.8568123],[2.3646525,48.856853],[2.3646569,48.8568831],[2.3646607,48.8569149],[2.3645331,48.8569192],[2.3645281,48.8568431],[2.3645228,48.8567616]]]},"properties":{"building":"yes","building:levels":"5","id":"way/50591640"}},{"type":"Feature","id":"way/50591642","geometry":{"type":"Polygon","coordinates":[[[2.3645916,48.8564262],[2.3646123,48.8565457],[2.3646194,48.8566013],[2.3645135,48.8566051],[2.3645092,48.8565335],[2.3645044,48.8564528],[2.3645037,48.8564404],[2.3645471,48.8564334],[2.3645916,48.8564262]]]},"properties":{"building":"apartments","building:levels":"5","id":"way/50591642"}},{"type":"Feature","id":"way/50591644","geometry":{"type":"Polygon","coordinates":[[[2.3659761,48.8564931],[2.3662685,48.856444],[2.3662467,48.8563849],[2.3662684,48.856381],[2.3663177,48.8565117],[2.366368,48.8566502],[2.3661385,48.8566852],[2.3661237,48.8566398],[2.3660355,48.8566562],[2.3660196,48.8566124],[2.3660182,48.8566087],[2.3659761,48.8564931]]]},"properties":{"building":"hotel","roof:levels":"2","id":"way/50591644"}},{"type":"Feature","id":"way/50591646","geometry":{"type":"Polygon","coordinates":[[[2.366368,48.8566502],[2.3663957,48.8567279],[2.3662917,48.8567453],[2.3662083,48.8567593],[2.3661932,48.8567618],[2.3660807,48.8567806],[2.3660669,48.8567426],[2.3660596,48.8567225],[2.3660355,48.8566562],[2.3661237,48.8566398],[2.3661385,48.8566852],[2.366368,48.8566502]]]},"properties":{"building":"apartments","building:levels":"4","id":"way/50591646"}},{"type":"Feature","id":"way/50591651","geometry":{"type":"Polygon","coordinates":[[[2.3652948,48.8566363],[2.3653207,48.8566316],[2.3653432,48.8566934],[2.3652964,48.8567009],[2.3652583,48.8567069],[2.3652754,48.8567502],[2.3652489,48.8567543],[2.3653052,48.8568967],[2.365309,48.8569087],[2.3651908,48.8569283],[2.3650717,48.856948],[2.3650672,48.8569354],[2.365034,48.8569408],[2.3649687,48.8569513],[2.3649239,48.8568393],[2.3648927,48.8567335],[2.3648966,48.856733],[2.3648943,48.856727],[2.3649381,48.8567201],[2.3649739,48.8567144],[2.3649938,48.8567246],[2.3650247,48.8568088],[2.3650177,48.8568099],[2.3650254,48.8568284],[2.3652161,48.8567964],[2.3651711,48.856682],[2.3651921,48.8566612],[2.3652289,48.8566554],[2.3652814,48.8566472],[2.3652948,48.8566363]]]},"properties":{"building":"apartments","id":"way/50591651"}},{"type":"Feature","id":"way/50591660","geometry":{"type":"Polygon","coordinates":[[[2.365211,48.8563271],[2.3653667,48.8563011],[2.3653823,48.8563416],[2.3653981,48.856383],[2.3654242,48.8564516],[2.3653683,48.8564603],[2.3652888,48.8564726],[2.3652945,48.8564917],[2.3652708,48.8564955],[2.3652543,48.856449],[2.3652253,48.8563672],[2.365211,48.8563271]]]},"properties":{"building":"apartments","building:levels":"4","name":"Hôtel du Cardinal de Richelieu","roof:shape":"hipped","id":"way/50591660"}},{"type":"Feature","id":"way/50591664","geometry":{"type":"Polygon","coordinates":[[[2.3656655,48.8564851],[2.3656792,48.856517],[2.3657074,48.856513],[2.3656548,48.8563769],[2.3656484,48.8563766],[2.3656444,48.8563725],[2.3656452,48.8563674],[2.3656499,48.8563648],[2.3656402,48.8563419],[2.3657156,48.8563291],[2.3657251,48.8563527],[2.3657285,48.8563544],[2.3657406,48.8563857],[2.3657529,48.8564175],[2.3657861,48.8565033],[2.3657104,48.8565196],[2.3655785,48.8565425],[2.3655543,48.8565456],[2.3655468,48.8565469],[2.3655384,48.8565228],[2.3655568,48.8565201],[2.3655516,48.856504],[2.3655619,48.8565027],[2.3655566,48.8564894],[2.3656503,48.8564734],[2.3656555,48.8564867],[2.3656655,48.8564851]]]},"properties":{"building":"yes","building:levels":"2","roof:levels":"1","id":"way/50591664"}},{"type":"Feature","id":"way/50591668","geometry":{"type":"Polygon","coordinates":[[[2.3656242,48.8567129],[2.3655288,48.856729],[2.3655217,48.8567107],[2.3654631,48.8565582],[2.3655335,48.8565467],[2.3655343,48.8565488],[2.3655468,48.8565469],[2.3655543,48.8565456],[2.3656242,48.8567129]]]},"properties":{"building":"yes","id":"way/50591668"}},{"type":"Feature","id":"way/50591669","geometry":{"type":"Polygon","coordinates":[[[2.3654679,48.856371],[2.3655335,48.8565467],[2.3654631,48.8565582],[2.3654242,48.8564516],[2.3653981,48.856383],[2.3654679,48.856371]]]},"properties":{"building":"yes","building:levels":"2","roof:levels":"1","id":"way/50591669"}},{"type":"Feature","id":"way/50591670","geometry":{"type":"Polygon","coordinates":[[[2.3656845,48.8562479],[2.3657005,48.8562896],[2.3657156,48.8563291],[2.3656402,48.8563419],[2.3654679,48.856371],[2.3653981,48.856383],[2.3653823,48.8563416],[2.3653667,48.8563011],[2.3656845,48.8562479]]]},"properties":{"building":"apartments","building:levels":"3","name":"Hôtel de l'Escalopier","roof:levels":"1","roof:shape":"hipped","id":"way/50591670"}},{"type":"Feature","id":"way/50591672","geometry":{"type":"Polygon","coordinates":[[[2.3654242,48.8564516],[2.3654631,48.8565582],[2.3655217,48.8567107],[2.3654529,48.8567237],[2.3654347,48.8566797],[2.3654048,48.8566844],[2.36542,48.8567284],[2.3653238,48.8567421],[2.365312,48.8567456],[2.3652964,48.8567009],[2.3653432,48.8566934],[2.3653207,48.8566316],[2.3654386,48.8566127],[2.365413,48.8565515],[2.3653931,48.8565407],[2.3653698,48.8564723],[2.3653724,48.856472],[2.3653683,48.8564603],[2.3654242,48.8564516]]]},"properties":{"building":"yes","id":"way/50591672"}},{"type":"Feature","id":"way/50591685","geometry":{"type":"Polygon","coordinates":[[[2.3657861,48.8565033],[2.365817,48.8565859],[2.3658243,48.8566054],[2.3658507,48.8566759],[2.3656871,48.8567027],[2.3656681,48.8566507],[2.3657561,48.8566357],[2.3657145,48.8565294],[2.3655825,48.8565527],[2.3655785,48.8565425],[2.3657104,48.8565196],[2.3657861,48.8565033]]]},"properties":{"building":"yes","id":"way/50591685"}},{"type":"Feature","id":"way/50591692","geometry":{"type":"Polygon","coordinates":[[[2.3670126,48.8565388],[2.366994,48.8564885],[2.367065,48.8564784],[2.3671443,48.8564693],[2.3670787,48.856504],[2.3670126,48.8565388]]]},"properties":{"building":"yes","building:levels":"3","id":"way/50591692"}},{"type":"Feature","id":"way/50591694","geometry":{"type":"Polygon","coordinates":[[[2.3669598,48.8562641],[2.3669742,48.856262],[2.3669675,48.8562446],[2.3669187,48.8562519],[2.366908,48.8562227],[2.3670272,48.8562029],[2.36705,48.8562624],[2.3670321,48.856265],[2.3670441,48.8562997],[2.3670548,48.8563069],[2.3671427,48.856295],[2.3671423,48.8562767],[2.3671305,48.8562755],[2.3671307,48.8562196],[2.3672504,48.8562177],[2.367251,48.8562544],[2.3672519,48.8563194],[2.3669591,48.8563591],[2.3669514,48.8563408],[2.3669486,48.8563331],[2.3669973,48.856324],[2.3669926,48.8563106],[2.3669782,48.856313],[2.3669598,48.8562641]]]},"properties":{"building":"apartments","building:levels":"7","id":"way/50591694"}},{"type":"Feature","id":"way/50591701","geometry":{"type":"Polygon","coordinates":[[[2.3670297,48.8564709],[2.367061,48.8564665],[2.367065,48.8564784],[2.366994,48.8564885],[2.3666571,48.8565317],[2.3666328,48.856468],[2.3666265,48.8564511],[2.366625,48.856445],[2.3666117,48.8564102],[2.3669248,48.8563645],[2.3669591,48.8563591],[2.3672519,48.8563194],[2.3672655,48.8563173],[2.3672675,48.8563907],[2.3672678,48.8564006],[2.3672692,48.8564513],[2.3671443,48.8564693],[2.367141,48.8564392],[2.3671747,48.856438],[2.3671668,48.8563748],[2.3670046,48.8563946],[2.3670297,48.8564709]]]},"properties":{"building":"apartments","id":"way/50591701"}},{"type":"Feature","id":"way/50591708","geometry":{"type":"Polygon","coordinates":[[[2.3670126,48.8565388],[2.3669781,48.856557],[2.3669649,48.856564],[2.3669426,48.8565758],[2.3667946,48.8566539],[2.3667751,48.8566642],[2.3667098,48.8566756],[2.3666841,48.856603],[2.3667026,48.8566],[2.3667059,48.8566087],[2.3667158,48.8566068],[2.3667024,48.8565685],[2.3666724,48.8565729],[2.3666571,48.8565317],[2.366994,48.8564885],[2.3670126,48.8565388]]]},"properties":{"building":"apartments","building:levels":"7","id":"way/50591708"}},{"type":"Feature","id":"way/50591710","geometry":{"type":"Polygon","coordinates":[[[2.3665518,48.8564551],[2.366625,48.856445],[2.3666265,48.8564511],[2.3666145,48.856453],[2.3666165,48.8564594],[2.3666016,48.8564649],[2.3666042,48.8564724],[2.3666328,48.856468],[2.3666571,48.8565317],[2.3666724,48.8565729],[2.3666841,48.856603],[2.3667098,48.8566756],[2.3666211,48.8566903],[2.3664879,48.8567125],[2.3663957,48.8567279],[2.366368,48.8566502],[2.3663177,48.8565117],[2.3664345,48.8564933],[2.3664506,48.8565373],[2.3664954,48.8565304],[2.3664962,48.8565325],[2.366408,48.8565455],[2.3664542,48.8566703],[2.3666199,48.8566433],[2.3665631,48.8564812],[2.3664827,48.8564942],[2.3664818,48.8564911],[2.3665594,48.8564802],[2.3665518,48.8564551]]]},"properties":{"building":"apartments","id":"way/50591710"}},{"type":"Feature","id":"way/56003331","geometry":{"type":"Polygon","coordinates":[[[2.3614866,48.8573067],[2.3613749,48.8571803],[2.3614141,48.8571661],[2.3614318,48.8571666],[2.3614639,48.8572041],[2.3614943,48.8571931],[2.3614567,48.8571465],[2.3614444,48.8571503],[2.3614278,48.8571509],[2.3614101,48.8571306],[2.3614173,48.8571191],[2.3614273,48.8571157],[2.3613926,48.8570725],[2.3615147,48.8570295],[2.3615477,48.8570725],[2.3615641,48.8570939],[2.3615963,48.857136],[2.3616623,48.857222],[2.3616577,48.8572338],[2.3616523,48.8572474],[2.3615853,48.8572714],[2.3614866,48.8573067]]]},"properties":{"building":"apartments","building:levels":"7","id":"way/56003331"}},{"type":"Feature","id":"way/56040566","geometry":{"type":"Polygon","coordinates":[[[2.3613711,48.8560629],[2.3615907,48.856046],[2.3615937,48.8560609],[2.3616293,48.8560586],[2.3616271,48.8560432],[2.3616732,48.8560396],[2.3616826,48.8560512],[2.361728,48.8561177],[2.3617495,48.8561517],[2.3616746,48.8561579],[2.3615542,48.856167],[2.3613929,48.8561788],[2.3613754,48.8560856],[2.3613711,48.8560629]]]},"properties":{"building":"apartments","building:levels":"7","id":"way/56040566"}},{"type":"Feature","id":"way/56040573","geometry":{"type":"Polygon","coordinates":[[[2.3624779,48.8569701],[2.3623659,48.8568163],[2.3624181,48.856799],[2.3624473,48.8568376],[2.3625191,48.8568151],[2.3625396,48.8568421],[2.3625619,48.8568348],[2.3625127,48.8567691],[2.3626606,48.8567213],[2.3626981,48.8567903],[2.3627477,48.8568819],[2.3627452,48.8568827],[2.362613,48.8569259],[2.3624813,48.856969],[2.3624779,48.8569701]]]},"properties":{"building":"apartments","building:levels":"6","id":"way/56040573"}},{"type":"Feature","id":"way/56040575","geometry":{"type":"Polygon","coordinates":[[[2.3623666,48.8561781],[2.3621881,48.8562204],[2.3621692,48.8562247],[2.3621611,48.8562075],[2.3618728,48.8562793],[2.3618843,48.8562961],[2.361855,48.8563031],[2.3618269,48.8562622],[2.3617495,48.8561517],[2.361728,48.8561177],[2.3618388,48.8560897],[2.3618828,48.8561654],[2.3619125,48.8561684],[2.3619247,48.856186],[2.3619213,48.8561882],[2.3619392,48.8562004],[2.3621301,48.8561536],[2.3621491,48.8561893],[2.3622476,48.8561653],[2.362181,48.8560468],[2.3621674,48.8560496],[2.3621606,48.856038],[2.3621734,48.856035],[2.3621664,48.8560209],[2.3621421,48.8560344],[2.3621279,48.8560129],[2.3622503,48.8559757],[2.3622835,48.8560335],[2.3623001,48.8560624],[2.3623043,48.8560697],[2.3623168,48.8560914],[2.36235,48.8561492],[2.3623666,48.8561781]]]},"properties":{"building":"apartments","id":"way/56040575"}},{"type":"Feature","id":"way/56040577","geometry":{"type":"Polygon","coordinates":[[[2.3613507,48.8559482],[2.3615103,48.8559352],[2.3615213,48.856004],[2.3615487,48.856002],[2.3615394,48.8559428],[2.3615332,48.8559457],[2.3615204,48.8559463],[2.3615184,48.8559343],[2.3615967,48.8559281],[2.3616732,48.8560396],[2.3616271,48.8560432],[2.3615907,48.856046],[2.3613711,48.8560629],[2.3613538,48.8559659],[2.3613507,48.8559482]]]},"properties":{"building":"apartments","id":"way/56040577"}},{"type":"Feature","id":"way/56040578","geometry":{"type":"Polygon","coordinates":[[[2.3616564,48.8552044],[2.3616859,48.855241],[2.3616894,48.8552454],[2.3617409,48.8553094],[2.3617921,48.8553729],[2.361738,48.8553917],[2.3617094,48.8553609],[2.36169,48.8553674],[2.3616825,48.8553604],[2.3616746,48.8553621],[2.3616656,48.8553615],[2.3616588,48.8553593],[2.3616535,48.8553546],[2.3616319,48.8553626],[2.361648,48.855382],[2.3616299,48.8553889],[2.3615479,48.8552827],[2.3615165,48.8552184],[2.3615337,48.8552145],[2.3615428,48.8552125],[2.3615938,48.8552011],[2.3616196,48.8551953],[2.3616564,48.8552044]]]},"properties":{"building":"apartments","building:levels":"6","roof:levels":"1","id":"way/56040578"}},{"type":"Feature","id":"way/56040579","geometry":{"type":"Polygon","coordinates":[[[2.36252,48.8564481],[2.3623748,48.8564945],[2.3623165,48.8564135],[2.3623391,48.8564039],[2.3624701,48.8563563],[2.3624948,48.8564018],[2.36252,48.8564481]]]},"properties":{"building":"apartments","building:levels":"6","id":"way/56040579"}},{"type":"Feature","id":"way/56040582","geometry":{"type":"Polygon","coordinates":[[[2.3614143,48.8562973],[2.3615754,48.8562832],[2.3615806,48.856312],[2.3615979,48.8563109],[2.3616039,48.8563137],[2.3616072,48.8563345],[2.3616024,48.8563387],[2.3615863,48.8563393],[2.3615899,48.8563618],[2.3616361,48.8563685],[2.361788,48.8563563],[2.3617723,48.8562677],[2.3618269,48.8562622],[2.361855,48.8563031],[2.3619102,48.8563827],[2.3614374,48.856421],[2.3614176,48.8563151],[2.3614143,48.8562973]]]},"properties":{"building":"apartments","id":"way/56040582"}},{"type":"Feature","id":"way/56040587","geometry":{"type":"Polygon","coordinates":[[[2.3623704,48.8564956],[2.362336,48.8565056],[2.3623287,48.8565055],[2.3623246,48.8564977],[2.3623622,48.8564847],[2.3623704,48.8564956]]]},"properties":{"building":"yes","id":"way/56040587"}},{"type":"Feature","id":"way/56040590","geometry":{"type":"Polygon","coordinates":[[[2.362586,48.8565869],[2.3622955,48.8566784],[2.3622661,48.8566371],[2.3622405,48.8566447],[2.3622025,48.8565932],[2.3622275,48.8565855],[2.3621977,48.8565437],[2.3623251,48.8565063],[2.3623496,48.8565413],[2.3623431,48.8565515],[2.3622744,48.8565731],[2.3623062,48.856619],[2.362378,48.8565997],[2.3623932,48.8566028],[2.3624026,48.8566165],[2.3624381,48.8566082],[2.3623748,48.8564945],[2.36252,48.8564481],[2.3625219,48.8564512],[2.362517,48.8564617],[2.3625492,48.8565201],[2.362586,48.8565869]]]},"properties":{"building":"apartments","building:levels":"7","id":"way/56040590"}},{"type":"Feature","id":"way/56040594","geometry":{"type":"Polygon","coordinates":[[[2.3613929,48.8561788],[2.3615542,48.856167],[2.3615667,48.8562361],[2.361687,48.8562267],[2.3616746,48.8561579],[2.3617495,48.8561517],[2.3618269,48.8562622],[2.3617723,48.8562677],[2.3615754,48.8562832],[2.3614143,48.8562973],[2.361396,48.8561958],[2.3613929,48.8561788]]]},"properties":{"building":"apartments","id":"way/56040594"}},{"type":"Feature","id":"way/56040595","geometry":{"type":"Polygon","coordinates":[[[2.3615773,48.8558951],[2.3615727,48.855895],[2.3615167,48.8558165],[2.3614738,48.8557562],[2.3614676,48.8557579],[2.3614188,48.8556926],[2.3613807,48.855643],[2.3613787,48.8556378],[2.3614681,48.855605],[2.3615358,48.8555814],[2.3616335,48.8557211],[2.3618875,48.8556396],[2.3617713,48.8554976],[2.3618671,48.8554654],[2.3619385,48.8555554],[2.3619595,48.8555819],[2.3619731,48.8555846],[2.3620118,48.8555709],[2.3620759,48.8556636],[2.3621494,48.8557917],[2.3621765,48.8558389],[2.362171,48.8558412],[2.3622131,48.8559126],[2.3622503,48.8559757],[2.3621279,48.8560129],[2.3620836,48.856027],[2.3619002,48.8560742],[2.3618388,48.8560897],[2.361728,48.8561177],[2.3616826,48.8560512],[2.3617695,48.8560299],[2.361783,48.8560493],[2.3617594,48.8560564],[2.3617718,48.8560802],[2.3618319,48.8560655],[2.3618263,48.8560543],[2.3620477,48.8559984],[2.3620519,48.8560054],[2.3620902,48.8559951],[2.3620826,48.8559806],[2.362134,48.8559679],[2.3620781,48.8558709],[2.3620693,48.8558736],[2.3620651,48.8558682],[2.3620677,48.8558666],[2.3620142,48.855792],[2.3619272,48.8558218],[2.3619237,48.8558169],[2.3619261,48.8558154],[2.3618672,48.8557391],[2.3616249,48.8558156],[2.3616647,48.8558685],[2.3615773,48.8558951]]]},"properties":{"addr:housenumber":"7-9","addr:street":"Rue de Sévigné","building":"yes","name":"Hôtel de Chavigny","id":"way/56040595"}},{"type":"Feature","id":"way/56040597","geometry":{"type":"Polygon","coordinates":[[[2.3621692,48.8565517],[2.3620247,48.8565944],[2.3619808,48.8565396],[2.362009,48.8565284],[2.3622978,48.8564199],[2.3623073,48.8564312],[2.3622828,48.8564407],[2.3623089,48.8564737],[2.3621517,48.8565276],[2.3621692,48.8565517]]]},"properties":{"building":"yes","building:levels":"7","id":"way/56040597"}},{"type":"Feature","id":"way/56040600","geometry":{"type":"Polygon","coordinates":[[[2.36181,48.8566715],[2.3619864,48.8566062],[2.3619436,48.8565498],[2.3619808,48.8565396],[2.3620247,48.8565944],[2.3621692,48.8565517],[2.3621726,48.8565507],[2.3622025,48.8565932],[2.3622405,48.8566447],[2.3622543,48.8566637],[2.3621807,48.8566881],[2.3621835,48.8566921],[2.3619791,48.8567557],[2.3619762,48.8567517],[2.3619407,48.8567633],[2.3621346,48.8570288],[2.3622679,48.8569851],[2.3623054,48.8570266],[2.3623012,48.857028],[2.3621073,48.857091],[2.3619866,48.8571302],[2.3617758,48.8571987],[2.3617438,48.8571572],[2.3619758,48.8570821],[2.3619751,48.8570799],[2.3619895,48.8570751],[2.3619914,48.8570767],[2.3620099,48.8570709],[2.36201,48.8570683],[2.362021,48.8570648],[2.3620132,48.8570556],[2.3620173,48.8570544],[2.3620025,48.8570343],[2.3619989,48.857035],[2.361991,48.8570256],[2.3619937,48.8570241],[2.3619775,48.8570005],[2.3619741,48.8570005],[2.3619677,48.8569927],[2.3619707,48.8569913],[2.3619532,48.8569662],[2.3619492,48.8569663],[2.3619434,48.8569591],[2.3619463,48.856958],[2.3619309,48.8569359],[2.3619269,48.8569362],[2.3619197,48.856926],[2.3619227,48.856925],[2.3619077,48.8569045],[2.3619038,48.8569043],[2.3618974,48.8568966],[2.3618863,48.8569006],[2.3618822,48.8569001],[2.3618617,48.8569071],[2.3618624,48.8569092],[2.3618508,48.8569119],[2.3618191,48.8568717],[2.361831,48.8568678],[2.361749,48.8567625],[2.3615692,48.8568237],[2.3616484,48.8569246],[2.3616547,48.856923],[2.3616886,48.8569658],[2.3616118,48.8569894],[2.3615855,48.856957],[2.3615782,48.8569481],[2.3615858,48.8569454],[2.3615617,48.8569138],[2.3615041,48.8568382],[2.3614972,48.8568408],[2.3614871,48.8568295],[2.3615042,48.8568285],[2.3615045,48.8568028],[2.3615046,48.8567855],[2.36181,48.8566715]]]},"properties":{"building":"university","height":"15","name":"Hôtel de Lamoignon","roof:shape":"hipped","id":"way/56040600"}},{"type":"Feature","id":"way/56040602","geometry":{"type":"Polygon","coordinates":[[[2.3617911,48.8565621],[2.3619436,48.8565498],[2.3619864,48.8566062],[2.36181,48.8566715],[2.3617911,48.8565621]]]},"properties":{"building":"yes","building:levels":"2","id":"way/56040602"}},{"type":"Feature","id":"way/56040603","geometry":{"type":"Polygon","coordinates":[[[2.3618671,48.8554654],[2.3617713,48.8554976],[2.3616783,48.8555306],[2.3616293,48.8554742],[2.3617464,48.8554325],[2.3617427,48.8554273],[2.3617563,48.8554222],[2.3617408,48.855403],[2.3616719,48.8554274],[2.3616845,48.8554436],[2.3616235,48.8554651],[2.3615763,48.8554087],[2.3616299,48.8553889],[2.361648,48.855382],[2.36169,48.8553674],[2.3617094,48.8553609],[2.361738,48.8553917],[2.3617921,48.8553729],[2.3618296,48.8554192],[2.3618671,48.8554654]]]},"properties":{"building":"yes","name":"Casa San Pablo","id":"way/56040603"}},{"type":"Feature","id":"way/56040610","geometry":{"type":"Polygon","coordinates":[[[2.3619002,48.8560742],[2.3620836,48.856027],[2.3621243,48.8560944],[2.361941,48.8561395],[2.3619002,48.8560742]]]},"properties":{"building":"yes","id":"way/56040610"}},{"type":"Feature","id":"way/56040614","geometry":{"type":"Polygon","coordinates":[[[2.3624701,48.8563563],[2.3623391,48.8564039],[2.3623165,48.8564135],[2.3622978,48.8564199],[2.362009,48.8565284],[2.3619102,48.8563827],[2.361855,48.8563031],[2.3618843,48.8562961],[2.3621266,48.8562368],[2.3621416,48.8562587],[2.3621303,48.856275],[2.361956,48.8563239],[2.3619743,48.8563458],[2.3620446,48.8563178],[2.3621311,48.85642],[2.3622964,48.8563603],[2.3621881,48.8562204],[2.3623666,48.8561781],[2.3624187,48.8562678],[2.3624701,48.8563563]]]},"properties":{"building":"apartments","id":"way/56040614"}},{"type":"Feature","id":"way/56040615","geometry":{"type":"Polygon","coordinates":[[[2.3614691,48.8565887],[2.3616698,48.8565715],[2.3616757,48.856587],[2.3616791,48.8566029],[2.36168,48.8566189],[2.3616784,48.8566349],[2.3616722,48.8566532],[2.3616632,48.856671],[2.3616514,48.856688],[2.3616361,48.8567051],[2.361618,48.8567209],[2.3616079,48.8567279],[2.3615973,48.8567353],[2.3615744,48.8567481],[2.3615494,48.8567592],[2.3615205,48.8567714],[2.3615179,48.8567522],[2.3615153,48.8567331],[2.3614971,48.8567341],[2.3614963,48.85673],[2.3614732,48.8566098],[2.3614691,48.8565887]]]},"properties":{"building":"apartments","id":"way/56040615"}},{"type":"Feature","id":"way/56043176","geometry":{"type":"Polygon","coordinates":[[[2.3631765,48.8552399],[2.3633112,48.8552034],[2.3633388,48.8552395],[2.3633649,48.8552737],[2.3632247,48.8553144],[2.3632015,48.8552785],[2.3631765,48.8552399]]]},"properties":{"building":"apartments","building:levels":"7","id":"way/56043176"}},{"type":"Feature","id":"way/56043177","geometry":{"type":"Polygon","coordinates":[[[2.3625403,48.8552554],[2.3624817,48.8551694],[2.3624978,48.8551651],[2.3625092,48.8551844],[2.3625303,48.8551786],[2.3625199,48.8551594],[2.3625347,48.8551553],[2.3625168,48.855127],[2.3625791,48.8551075],[2.3626103,48.8551572],[2.3626275,48.8551846],[2.3626368,48.8551995],[2.3626258,48.855209],[2.3626188,48.8552211],[2.3626154,48.8552333],[2.3625786,48.8552441],[2.3625403,48.8552554]]]},"properties":{"building":"apartments","building:levels":"7","id":"way/56043177"}},{"type":"Feature","id":"way/56043178","geometry":{"type":"Polygon","coordinates":[[[2.3630597,48.8551894],[2.3631016,48.8552555],[2.363143,48.8553208],[2.363011,48.855356],[2.3629682,48.8552888],[2.3629476,48.8552565],[2.3629269,48.8552241],[2.362932,48.8552198],[2.3629913,48.8552035],[2.3629947,48.8552026],[2.3630373,48.8551908],[2.3630504,48.8551856],[2.3630597,48.8551894]]]},"properties":{"building":"apartments","building:levels":"7","id":"way/56043178"}},{"type":"Feature","id":"way/56043179","geometry":{"type":"Polygon","coordinates":[[[2.3621652,48.8550025],[2.3622529,48.8551216],[2.3622276,48.8551349],[2.362296,48.8552219],[2.3622328,48.8552395],[2.3621711,48.8551552],[2.3621872,48.8551494],[2.3621867,48.8551448],[2.3621929,48.8551408],[2.3621981,48.8551409],[2.3622027,48.8551425],[2.3622088,48.8551393],[2.3622014,48.8551267],[2.3622092,48.8551223],[2.3621936,48.8551018],[2.3621445,48.8551228],[2.3620775,48.8550402],[2.3620878,48.8550358],[2.3621652,48.8550025]]]},"properties":{"building":"apartments","building:levels":"5","roof:levels":"1","id":"way/56043179"}},{"type":"Feature","id":"way/56043180","geometry":{"type":"Polygon","coordinates":[[[2.3628327,48.8547165],[2.3629119,48.8548274],[2.3629243,48.8548455],[2.3630135,48.8549618],[2.3630125,48.8549633],[2.3629912,48.8549688],[2.3630065,48.8549927],[2.3630105,48.8549919],[2.3630193,48.8549924],[2.3630246,48.8549948],[2.3630473,48.8550278],[2.363094,48.8550129],[2.3630786,48.8549932],[2.3630813,48.8549922],[2.363137,48.8549722],[2.3631694,48.8550149],[2.3632064,48.8550638],[2.3632072,48.8550648],[2.3631358,48.855085],[2.3631202,48.8550894],[2.3630291,48.8551152],[2.3629553,48.855006],[2.3629423,48.8549859],[2.3629584,48.8549792],[2.3627715,48.8547439],[2.3628005,48.8547309],[2.3628327,48.8547165]]]},"properties":{"building":"apartments","building:levels":"5","roof:levels":"1","id":"way/56043180"}},{"type":"Feature","id":"way/56043182","geometry":{"type":"Polygon","coordinates":[[[2.3630902,48.8554811],[2.3630927,48.8554837],[2.3631177,48.8555248],[2.3631273,48.8555392],[2.3631365,48.8555543],[2.3630014,48.8555919],[2.362978,48.8555554],[2.3629575,48.8555235],[2.3629583,48.8555201],[2.3629612,48.8555168],[2.3629684,48.8555129],[2.363022,48.855499],[2.3630902,48.8554811]]]},"properties":{"building":"apartments","building:levels":"7","id":"way/56043182"}},{"type":"Feature","id":"way/56043184","geometry":{"type":"Polygon","coordinates":[[[2.3626123,48.8554078],[2.3624973,48.8554411],[2.3624426,48.8553575],[2.3624955,48.8553424],[2.3625506,48.8553267],[2.362564,48.8553294],[2.3625784,48.8553529],[2.3625818,48.8553583],[2.3626123,48.8554078]]]},"properties":{"building":"yes","building:levels":"7","id":"way/56043184"}},{"type":"Feature","id":"way/56043185","geometry":{"type":"Polygon","coordinates":[[[2.3624489,48.855281],[2.3623914,48.855195],[2.3624096,48.8551906],[2.3624817,48.8551694],[2.3625403,48.8552554],[2.3624879,48.8552701],[2.3624489,48.855281]]]},"properties":{"addr:housenumber":"9","addr:street":"Rue d'Ormesson","building":"yes","building:levels":"7","name":"Hôtel Pratic","id":"way/56043185"}},{"type":"Feature","id":"way/56043187","geometry":{"type":"Polygon","coordinates":[[[2.3626792,48.8550885],[2.3627499,48.8550654],[2.3628115,48.8551299],[2.3628719,48.8551153],[2.3628932,48.8551547],[2.3628254,48.8551747],[2.3627839,48.8551869],[2.3627617,48.8551784],[2.3627326,48.8551726],[2.3627075,48.8551331],[2.3626792,48.8550885]]]},"properties":{"building":"apartments","building:levels":"7","id":"way/56043187"}},{"type":"Feature","id":"way/56043189","geometry":{"type":"Polygon","coordinates":[[[2.3633192,48.8554621],[2.36347,48.8554161],[2.3634962,48.8554495],[2.3635289,48.8554914],[2.3635249,48.8554976],[2.363454,48.8555187],[2.3633762,48.8555418],[2.3633674,48.855539],[2.3633663,48.8555373],[2.3633421,48.8554987],[2.3633192,48.8554621]]]},"properties":{"building":"apartments","building:levels":"7","id":"way/56043189"}},{"type":"Feature","id":"way/56043192","geometry":{"type":"Polygon","coordinates":[[[2.3632579,48.8551317],[2.363284,48.8551668],[2.3633112,48.8552034],[2.3631765,48.8552399],[2.3631515,48.8552008],[2.3631293,48.8551661],[2.3631355,48.8551606],[2.3631826,48.8551472],[2.3632455,48.8551292],[2.3632579,48.8551317]]]},"properties":{"building":"apartments","building:levels":"7","id":"way/56043192"}},{"type":"Feature","id":"way/56043194","geometry":{"type":"Polygon","coordinates":[[[2.3626523,48.8557551],[2.3626261,48.8557044],[2.3627989,48.8556527],[2.3629059,48.8556221],[2.3629225,48.8556472],[2.3629371,48.8556692],[2.362932,48.855676],[2.3628512,48.8557],[2.3628476,48.8556988],[2.3628456,48.8556945],[2.3628164,48.8557037],[2.3626523,48.8557551]]]},"properties":{"building":"apartments","building:levels":"6","id":"way/56043194"}},{"type":"Feature","id":"way/56043196","geometry":{"type":"Polygon","coordinates":[[[2.363011,48.855356],[2.363143,48.8553208],[2.3631822,48.855382],[2.3632034,48.8554151],[2.363223,48.8554459],[2.3630927,48.8554837],[2.3630902,48.8554811],[2.3630561,48.8554273],[2.3630452,48.85541],[2.363011,48.855356]]]},"properties":{"building":"apartments","building:levels":"7","id":"way/56043196"}},{"type":"Feature","id":"way/56043198","geometry":{"type":"Polygon","coordinates":[[[2.3619993,48.8550834],[2.3620649,48.8551694],[2.3620564,48.8551745],[2.3621207,48.8552667],[2.3620784,48.8552788],[2.3620727,48.8552767],[2.3620609,48.8552738],[2.3620209,48.855264],[2.3620106,48.85525],[2.3619743,48.855197],[2.3618954,48.8552203],[2.3618823,48.8552004],[2.3618512,48.8551532],[2.3619528,48.8551053],[2.3619993,48.8550834]]]},"properties":{"building":"apartments","building:levels":"7","roof:levels":"1","id":"way/56043198"}},{"type":"Feature","id":"way/56043199","geometry":{"type":"Polygon","coordinates":[[[2.3630014,48.8555919],[2.3631365,48.8555543],[2.3631714,48.8556041],[2.3631053,48.8556242],[2.3630414,48.8556437],[2.3630325,48.855641],[2.3630162,48.8556153],[2.3630014,48.8555919]]]},"properties":{"building":"yes","building:levels":"7","id":"way/56043199"}},{"type":"Feature","id":"way/56043200","geometry":{"type":"Polygon","coordinates":[[[2.3618954,48.8552203],[2.3619743,48.855197],[2.3620106,48.85525],[2.3619099,48.8552813],[2.3618974,48.8552638],[2.3618917,48.8552559],[2.3618713,48.8552272],[2.3618954,48.8552203]]]},"properties":{"building":"apartments","building:levels":"5","id":"way/56043200"}},{"type":"Feature","id":"way/56043201","geometry":{"type":"Polygon","coordinates":[[[2.3626584,48.854795],[2.3628218,48.8550136],[2.3627617,48.855038],[2.3627036,48.8549609],[2.3625967,48.8548231],[2.3626217,48.8548118],[2.3626584,48.854795]]]},"properties":{"building":"apartments","building:levels":"6","id":"way/56043201"}},{"type":"Feature","id":"way/56043203","geometry":{"type":"Polygon","coordinates":[[[2.3620775,48.8550402],[2.3621445,48.8551228],[2.3621711,48.8551552],[2.3622328,48.8552395],[2.3622695,48.8553002],[2.3621729,48.855331],[2.3621207,48.8552667],[2.3620564,48.8551745],[2.3620649,48.8551694],[2.3619993,48.8550834],[2.3619939,48.8550758],[2.3620227,48.8550635],[2.3620775,48.8550402]]]},"properties":{"building":"apartments","building:levels":"6","roof:levels":"1","id":"way/56043203"}},{"type":"Feature","id":"way/56043206","geometry":{"type":"Polygon","coordinates":[[[2.3625967,48.8548231],[2.3627036,48.8549609],[2.3626164,48.8549864],[2.3625807,48.8549289],[2.3625344,48.8548544],[2.3625341,48.8548485],[2.3625561,48.8548384],[2.3625946,48.8548206],[2.3625967,48.8548231]]]},"properties":{"building":"apartments","building:levels":"7","id":"way/56043206"}},{"type":"Feature","id":"way/56043207","geometry":{"type":"Polygon","coordinates":[[[2.3623417,48.8549403],[2.3624356,48.8550556],[2.3624516,48.8550775],[2.3624584,48.8550881],[2.3624898,48.8551349],[2.3625168,48.855127],[2.3625347,48.8551553],[2.3625199,48.8551594],[2.3624978,48.8551651],[2.3624817,48.8551694],[2.3624096,48.8551906],[2.3623691,48.8551369],[2.3624182,48.8551209],[2.3624189,48.8551023],[2.3623988,48.8550721],[2.3623594,48.8550857],[2.3623815,48.8551146],[2.3623587,48.8551225],[2.3622473,48.8549738],[2.3622784,48.8549628],[2.3623417,48.8549403]]]},"properties":{"building":"apartments","building:levels":"6","roof:levels":"1","id":"way/56043207"}},{"type":"Feature","id":"way/56043209","geometry":{"type":"Polygon","coordinates":[[[2.3632711,48.8553877],[2.3634162,48.8553446],[2.3634397,48.8553758],[2.36347,48.8554161],[2.3633192,48.8554621],[2.3632921,48.8554202],[2.3632711,48.8553877]]]},"properties":{"building":"apartments","building:levels":"7","id":"way/56043209"}},{"type":"Feature","id":"way/56043210","geometry":{"type":"Polygon","coordinates":[[[2.3620991,48.8553812],[2.3620829,48.855362],[2.3621729,48.855331],[2.3622695,48.8553002],[2.3622328,48.8552395],[2.362296,48.8552219],[2.3623015,48.8552205],[2.3623597,48.8553072],[2.3623195,48.8553186],[2.3622093,48.8553499],[2.3620991,48.8553812]]]},"properties":{"building":"apartments","id":"way/56043210"}},{"type":"Feature","id":"way/56043211","geometry":{"type":"Polygon","coordinates":[[[2.3627219,48.8555836],[2.3627209,48.8555855],[2.3626071,48.8556184],[2.3625947,48.8555997],[2.3625841,48.8556027],[2.3625768,48.855592],[2.3625544,48.8555984],[2.362545,48.855585],[2.362533,48.855568],[2.362686,48.8555257],[2.3627004,48.8555489],[2.3627219,48.8555836]]]},"properties":{"building":"apartments","building:levels":"7","id":"way/56043211"}},{"type":"Feature","id":"way/56043212","geometry":{"type":"Polygon","coordinates":[[[2.3626164,48.8549864],[2.3627036,48.8549609],[2.3627617,48.855038],[2.3627761,48.8550568],[2.3627499,48.8550654],[2.3626792,48.8550885],[2.362647,48.8550361],[2.3626164,48.8549864]]]},"properties":{"building":"yes","building:levels":"7","id":"way/56043212"}},{"type":"Feature","id":"way/56043213","geometry":{"type":"Polygon","coordinates":[[[2.362686,48.8555257],[2.362533,48.855568],[2.3625145,48.855541],[2.3625525,48.8555309],[2.3625311,48.8555005],[2.3626497,48.8554686],[2.3626662,48.8554945],[2.3626764,48.8555106],[2.362686,48.8555257]]]},"properties":{"building":"apartments","building:levels":"7","id":"way/56043213"}},{"type":"Feature","id":"way/56043214","geometry":{"type":"Polygon","coordinates":[[[2.3632247,48.8553144],[2.3633649,48.8552737],[2.3633897,48.8553079],[2.3634162,48.8553446],[2.3632711,48.8553877],[2.3632481,48.8553515],[2.3632247,48.8553144]]]},"properties":{"building":"apartments","building:levels":"7","id":"way/56043214"}},{"type":"Feature","id":"way/56043215","geometry":{"type":"Polygon","coordinates":[[[2.3626123,48.8554078],[2.3626311,48.8554383],[2.3626497,48.8554686],[2.3625311,48.8555005],[2.3624936,48.855511],[2.3624793,48.8554907],[2.3624536,48.8554539],[2.3624973,48.8554411],[2.3626123,48.8554078]]]},"properties":{"building":"apartments","building:levels":"7","id":"way/56043215"}},{"type":"Feature","id":"way/56043216","geometry":{"type":"Polygon","coordinates":[[[2.3630135,48.8549618],[2.3629243,48.8548455],[2.3629509,48.8548344],[2.3629469,48.8548323],[2.3629408,48.8548275],[2.3629366,48.8548189],[2.3629119,48.8548274],[2.3628327,48.8547165],[2.3628486,48.8547091],[2.3628933,48.8546885],[2.3629076,48.8546911],[2.3629557,48.8547338],[2.3630155,48.8548125],[2.3630788,48.8548956],[2.363137,48.8549722],[2.3630813,48.8549922],[2.3630573,48.8549599],[2.3630304,48.854968],[2.3630231,48.8549591],[2.3630135,48.8549618]]]},"properties":{"building":"apartments","building:levels":"5","id":"way/56043216"}},{"type":"Feature","id":"way/56043217","geometry":{"type":"Polygon","coordinates":[[[2.3629059,48.8556221],[2.3627989,48.8556527],[2.3627492,48.8555759],[2.3627805,48.855567],[2.3628503,48.8555473],[2.362861,48.8555495],[2.3628751,48.8555723],[2.3629059,48.8556221]]]},"properties":{"building":"apartments","building:levels":"8","id":"way/56043217"}},{"type":"Feature","id":"way/56043218","geometry":{"type":"Polygon","coordinates":[[[2.3624426,48.8553575],[2.3624973,48.8554411],[2.3624536,48.8554539],[2.3623358,48.8554925],[2.3623208,48.8554689],[2.3622822,48.8554787],[2.3622254,48.8554199],[2.3623329,48.855389],[2.3624426,48.8553575]]]},"properties":{"building":"apartments","building:levels":"7","id":"way/56043218"}},{"type":"Feature","id":"way/56043220","geometry":{"type":"Polygon","coordinates":[[[2.3625242,48.8550216],[2.3624356,48.8550556],[2.3623417,48.8549403],[2.3623372,48.8549326],[2.362354,48.8549255],[2.3624366,48.8548907],[2.3624432,48.8548927],[2.362495,48.8549751],[2.3625242,48.8550216]]]},"properties":{"building":"apartments","building:levels":"6","id":"way/56043220"}},{"type":"Feature","id":"way/56043222","geometry":{"type":"Polygon","coordinates":[[[2.3625791,48.8551075],[2.3625168,48.855127],[2.3624898,48.8551349],[2.3624584,48.8550881],[2.362481,48.8550806],[2.3624748,48.8550722],[2.3624516,48.8550775],[2.3624356,48.8550556],[2.3625242,48.8550216],[2.3625513,48.8550639],[2.3625791,48.8551075]]]},"properties":{"building":"hotel","building:levels":"7","id":"way/56043222"}},{"type":"Feature","id":"way/56043224","geometry":{"type":"Polygon","coordinates":[[[2.3630927,48.8554837],[2.363223,48.8554459],[2.3632593,48.8555028],[2.3632966,48.8555611],[2.363291,48.8555682],[2.3632685,48.855575],[2.3632332,48.8555856],[2.3631714,48.8556041],[2.3631365,48.8555543],[2.3631273,48.8555392],[2.363146,48.8555332],[2.3631533,48.8555406],[2.363163,48.8555447],[2.3631701,48.8555419],[2.3631504,48.855515],[2.3631177,48.8555248],[2.3630927,48.8554837]]]},"properties":{"building":"hotel","building:levels":"7","id":"way/56043224"}},{"type":"Feature","id":"way/56043225","geometry":{"type":"Polygon","coordinates":[[[2.3627492,48.8555759],[2.3627989,48.8556527],[2.3626261,48.8557044],[2.3625745,48.8556278],[2.3626071,48.8556184],[2.3627209,48.8555855],[2.3627219,48.8555836],[2.3627346,48.85558],[2.3627492,48.8555759]]]},"properties":{"building":"apartments","id":"way/56043225"}},{"type":"Feature","id":"way/56043226","geometry":{"type":"Polygon","coordinates":[[[2.3619099,48.8552813],[2.3620106,48.85525],[2.3620209,48.855264],[2.3620609,48.8552738],[2.3620358,48.8552836],[2.3620415,48.855291],[2.3620364,48.8552931],[2.3620704,48.8553394],[2.362111,48.8553265],[2.3621068,48.8553221],[2.362096,48.8553252],[2.3620833,48.8553097],[2.362094,48.8553049],[2.3620727,48.8552767],[2.3620784,48.8552788],[2.3621207,48.8552667],[2.3621729,48.855331],[2.3620829,48.855362],[2.3620991,48.8553812],[2.3620543,48.8553942],[2.3620006,48.8554099],[2.3619998,48.8554088],[2.3619493,48.8553372],[2.3619099,48.8552813]]]},"properties":{"building":"apartments","id":"way/56043226"}},{"type":"Feature","id":"way/56043227","geometry":{"type":"Polygon","coordinates":[[[2.3623597,48.8553072],[2.3623015,48.8552205],[2.3623914,48.855195],[2.3624489,48.855281],[2.3624048,48.855294],[2.3623597,48.8553072]]]},"properties":{"building":"apartments","building:levels":"7","id":"way/56043227"}},{"type":"Feature","id":"way/56045014","geometry":{"type":"Polygon","coordinates":[[[2.3633399,48.8564157],[2.3632302,48.8564398],[2.3631245,48.8562704],[2.363233,48.8562387],[2.3633399,48.8564157]]]},"properties":{"building":"apartments","building:levels":"4","id":"way/56045014"}},{"type":"Feature","id":"way/56045015","geometry":{"type":"Polygon","coordinates":[[[2.3640493,48.856251],[2.3639496,48.856282],[2.3639636,48.8563121],[2.3639561,48.856314],[2.3638594,48.8563358],[2.3638401,48.8563038],[2.3637286,48.8563289],[2.3636183,48.8563567],[2.3635879,48.8563609],[2.3634749,48.8561773],[2.3634292,48.8561889],[2.3634246,48.8561826],[2.3634202,48.856184],[2.3634122,48.8561713],[2.3634155,48.8561703],[2.3636683,48.8560912],[2.363915,48.8560286],[2.3639195,48.8560361],[2.363949,48.8560848],[2.3639429,48.856089],[2.3639517,48.8561015],[2.3638574,48.856128],[2.3638341,48.8560926],[2.363669,48.8561396],[2.363692,48.8561779],[2.3636969,48.8561772],[2.3637321,48.8562354],[2.3637277,48.8562365],[2.3637528,48.8562777],[2.3639199,48.8562315],[2.3638983,48.8561991],[2.3639973,48.8561708],[2.3640073,48.8561867],[2.3640103,48.8561861],[2.3640493,48.856251]]]},"properties":{"building":"yes","id":"way/56045015"}},{"type":"Feature","id":"way/56045016","geometry":{"type":"Polygon","coordinates":[[[2.3624642,48.8561354],[2.3625643,48.8561142],[2.362585,48.8561551],[2.3626332,48.8561435],[2.3626121,48.8561041],[2.3626619,48.8560936],[2.3626797,48.856126],[2.3626954,48.8561547],[2.3625007,48.8562028],[2.3624814,48.8561672],[2.3624642,48.8561354]]]},"properties":{"building":"apartments","id":"way/56045016"}},{"type":"Feature","id":"way/56045017","geometry":{"type":"Polygon","coordinates":[[[2.3635621,48.8559169],[2.3635742,48.8559378],[2.3634987,48.855957],[2.3635001,48.8559594],[2.3634684,48.8559665],[2.363457,48.855948],[2.3633731,48.8559725],[2.3633913,48.856004],[2.3633565,48.8560127],[2.3633522,48.8560049],[2.3633435,48.8560066],[2.3633422,48.8560047],[2.363331,48.8559881],[2.3633001,48.8559959],[2.3632718,48.8559569],[2.3632524,48.8559239],[2.3632475,48.8559194],[2.3632516,48.8559159],[2.3632374,48.855896],[2.3632966,48.8558809],[2.3632949,48.8558773],[2.3633032,48.8558759],[2.3633313,48.8559192],[2.3633874,48.8559028],[2.3634646,48.8558803],[2.3635015,48.855935],[2.3635621,48.8559169]]]},"properties":{"building":"yes","id":"way/56045017"}},{"type":"Feature","id":"way/56045018","geometry":{"type":"Polygon","coordinates":[[[2.3625737,48.8563391],[2.362658,48.8563161],[2.3627698,48.8562878],[2.3627673,48.8562827],[2.3627885,48.8562774],[2.3627952,48.8562889],[2.3627753,48.8562933],[2.3628087,48.8563524],[2.3627614,48.8563637],[2.3626098,48.8564025],[2.3625927,48.8563725],[2.3625737,48.8563391]]]},"properties":{"building":"apartments","building:levels":"5","id":"way/56045018"}},{"type":"Feature","id":"way/56045022","geometry":{"type":"Polygon","coordinates":[[[2.3640772,48.8564912],[2.3640093,48.85638],[2.3640508,48.8563719],[2.3641173,48.8563501],[2.3641497,48.8563994],[2.3641869,48.8564559],[2.3641886,48.8564585],[2.3641281,48.8564762],[2.3640772,48.8564912]]]},"properties":{"building":"apartments","building:levels":"5","id":"way/56045022"}},{"type":"Feature","id":"way/56045024","geometry":{"type":"Polygon","coordinates":[[[2.3636648,48.8566142],[2.3635089,48.8563787],[2.3635879,48.8563609],[2.3636183,48.8563567],[2.3636744,48.8564418],[2.3636227,48.8564565],[2.3636795,48.8565421],[2.3637056,48.8565349],[2.3636761,48.8564921],[2.3637035,48.8564855],[2.3637685,48.8565837],[2.3637111,48.8566006],[2.3636648,48.8566142]]]},"properties":{"building":"apartments","building:levels":"2","roof:levels":"1","roof:shape":"gambrel","id":"way/56045024"}},{"type":"Feature","id":"way/56045029","geometry":{"type":"Polygon","coordinates":[[[2.3631216,48.8557378],[2.3632374,48.855896],[2.3632516,48.8559159],[2.3632475,48.8559194],[2.3632524,48.8559239],[2.3632118,48.8559348],[2.3632236,48.8559552],[2.3631635,48.8559698],[2.3631411,48.8559753],[2.3630065,48.8557727],[2.3631216,48.8557378]]]},"properties":{"building":"apartments","id":"way/56045029"}},{"type":"Feature","id":"way/56045030","geometry":{"type":"Polygon","coordinates":[[[2.3638976,48.8564017],[2.3639076,48.8564188],[2.3638858,48.8564234],[2.3638766,48.8564068],[2.3638976,48.8564017]]]},"properties":{"building":"yes","id":"way/56045030"}},{"type":"Feature","id":"way/56045032","geometry":{"type":"Polygon","coordinates":[[[2.3638732,48.8565534],[2.3637286,48.8563289],[2.3638401,48.8563038],[2.3638594,48.8563358],[2.3638706,48.8563544],[2.363885,48.8563782],[2.363858,48.8563853],[2.3638259,48.8563568],[2.3638138,48.85636],[2.3638695,48.8564499],[2.3639206,48.8564354],[2.3639228,48.856439],[2.3639745,48.8565223],[2.363917,48.8565399],[2.3638732,48.8565534]]]},"properties":{"building":"yes","id":"way/56045032"}},{"type":"Feature","id":"way/56045034","geometry":{"type":"Polygon","coordinates":[[[2.3625369,48.8562703],[2.3626231,48.8562461],[2.3626301,48.8562596],[2.362658,48.8563161],[2.3625737,48.8563391],[2.3625556,48.8563052],[2.3625369,48.8562703]]]},"properties":{"building":"apartments","building:levels":"6","id":"way/56045034"}},{"type":"Feature","id":"way/56045038","geometry":{"type":"Polygon","coordinates":[[[2.3625007,48.8562028],[2.3626954,48.8561547],[2.3627175,48.8561943],[2.3627673,48.8562827],[2.3627698,48.8562878],[2.362658,48.8563161],[2.3626301,48.8562596],[2.3626813,48.8562485],[2.3626605,48.8562061],[2.3626253,48.8562138],[2.3626229,48.8562103],[2.3626072,48.8562144],[2.3626253,48.8562455],[2.3626231,48.8562461],[2.3625369,48.8562703],[2.3625347,48.8562662],[2.3625204,48.8562395],[2.3625007,48.8562028]]]},"properties":{"building":"apartments","id":"way/56045038"}},{"type":"Feature","id":"way/56045039","geometry":{"type":"Polygon","coordinates":[[[2.3634941,48.8557375],[2.3634964,48.8557395],[2.3636768,48.8556879],[2.3637536,48.8558021],[2.3636773,48.8558177],[2.3636617,48.8558146],[2.3636546,48.8558059],[2.3636579,48.8558049],[2.3636282,48.8557559],[2.3635704,48.8557729],[2.3636599,48.8559272],[2.3637256,48.8559135],[2.3636996,48.8558695],[2.3636943,48.8558656],[2.3636894,48.8558586],[2.3636995,48.8558471],[2.3637737,48.8558328],[2.3638478,48.8559462],[2.3636093,48.8559957],[2.3635742,48.8559378],[2.3635621,48.8559169],[2.3635303,48.855861],[2.3634742,48.8557634],[2.3634654,48.8557472],[2.363488,48.8557396],[2.3634941,48.8557375]]]},"properties":{"building":"apartments","building:levels":"6","id":"way/56045039"}},{"type":"Feature","id":"way/56045041","geometry":{"type":"Polygon","coordinates":[[[2.3630453,48.8562128],[2.3630842,48.8562818],[2.3629756,48.8563126],[2.3629469,48.8562604],[2.3629377,48.8562422],[2.362968,48.8562341],[2.3630453,48.8562128]]]},"properties":{"building":"apartments","id":"way/56045041"}},{"type":"Feature","id":"way/56045042","geometry":{"type":"Polygon","coordinates":[[[2.3627876,48.8557852],[2.3628954,48.8559495],[2.3629016,48.8559589],[2.3626256,48.8560268],[2.3626238,48.8560237],[2.3625608,48.8559096],[2.3625918,48.855902],[2.3626573,48.8558858],[2.3626751,48.8558814],[2.3626973,48.8558759],[2.362778,48.8558559],[2.3627649,48.8558353],[2.3627417,48.8557986],[2.3627876,48.8557852]]]},"properties":{"building":"yes","building:levels":"4","id":"way/56045042"}},{"type":"Feature","id":"way/56045043","geometry":{"type":"Polygon","coordinates":[[[2.3635625,48.8566447],[2.3635056,48.8565562],[2.3635396,48.8565446],[2.3635624,48.8565659],[2.3635698,48.8565634],[2.3634828,48.8564378],[2.3634369,48.8564503],[2.363404,48.8564005],[2.3635089,48.8563787],[2.3636648,48.8566142],[2.3636121,48.8566299],[2.3635625,48.8566447]]]},"properties":{"building":"apartments","building:levels":"4","roof:levels":"1","id":"way/56045043"}},{"type":"Feature","id":"way/56045044","geometry":{"type":"Polygon","coordinates":[[[2.3629588,48.8560593],[2.3629853,48.8561064],[2.3630453,48.8562128],[2.362968,48.8562341],[2.3629188,48.8561466],[2.3627175,48.8561943],[2.3626954,48.8561547],[2.3626797,48.856126],[2.3629588,48.8560593]]]},"properties":{"building":"apartments","id":"way/56045044"}},{"type":"Feature","id":"way/56045045","geometry":{"type":"Polygon","coordinates":[[[2.3627523,48.8566527],[2.3628602,48.8566175],[2.3629139,48.856603],[2.3629411,48.8566478],[2.3629881,48.8566353],[2.3629584,48.8565898],[2.3630035,48.8565768],[2.3630531,48.8566482],[2.3630232,48.8566578],[2.3629486,48.8566799],[2.3628927,48.8566969],[2.3628003,48.8567234],[2.3627742,48.8566851],[2.3627523,48.8566527]]]},"properties":{"building":"yes","building:levels":"5","id":"way/56045045"}},{"type":"Feature","id":"way/56045046","geometry":{"type":"Polygon","coordinates":[[[2.3627047,48.8565694],[2.3628562,48.8565303],[2.363151,48.8564592],[2.3632104,48.8565441],[2.3632413,48.8565948],[2.3630531,48.8566482],[2.3630035,48.8565768],[2.3629584,48.8565898],[2.3629373,48.8565956],[2.3629095,48.8565489],[2.3628278,48.8565683],[2.3628602,48.8566175],[2.3627523,48.8566527],[2.3627269,48.8566082],[2.3627047,48.8565694]]]},"properties":{"building":"apartments","id":"way/56045046"}},{"type":"Feature","id":"way/56045047","geometry":{"type":"Polygon","coordinates":[[[2.3628003,48.8567234],[2.3628927,48.8566969],[2.3628965,48.8567024],[2.3629097,48.8566992],[2.3629173,48.8567109],[2.3629025,48.8567158],[2.3629172,48.8567389],[2.3629244,48.8567502],[2.3629829,48.856733],[2.3629739,48.8567191],[2.3629486,48.8566799],[2.3630232,48.8566578],[2.3630768,48.856738],[2.362981,48.8567677],[2.3629995,48.8567995],[2.3629475,48.8568184],[2.3629153,48.8568301],[2.3628755,48.8568197],[2.3628705,48.8568055],[2.3628579,48.8568107],[2.3628572,48.8568097],[2.3628311,48.8567702],[2.3628124,48.8567419],[2.3628003,48.8567234]]]},"properties":{"building":"apartments","building:levels":"6","roof:levels":"0","id":"way/56045047"}},{"type":"Feature","id":"way/56045048","geometry":{"type":"Polygon","coordinates":[[[2.3639745,48.8565223],[2.3639228,48.856439],[2.3639337,48.8564317],[2.3639911,48.8564152],[2.3639719,48.8563828],[2.3639523,48.856383],[2.3638966,48.8563955],[2.363885,48.8563782],[2.3638706,48.8563544],[2.3639575,48.8563326],[2.3639501,48.8563232],[2.3639571,48.8563191],[2.3639561,48.856314],[2.3639636,48.8563121],[2.3640093,48.85638],[2.3640772,48.8564912],[2.3640202,48.8565084],[2.3639745,48.8565223]]]},"properties":{"building":"apartments","building:levels":"5","id":"way/56045048"}},{"type":"Feature","id":"way/56045049","geometry":{"type":"Polygon","coordinates":[[[2.3635768,48.8555552],[2.3636003,48.8555864],[2.3636518,48.8556547],[2.3636768,48.8556879],[2.3634964,48.8557395],[2.3634941,48.8557375],[2.363486,48.8557249],[2.3634548,48.8556769],[2.3634081,48.8556047],[2.3634133,48.855597],[2.3634524,48.8555856],[2.3634884,48.8555751],[2.3635658,48.8555526],[2.3635768,48.8555552]]]},"properties":{"building":"apartments","building:levels":"7","id":"way/56045049"}},{"type":"Feature","id":"way/56045050","geometry":{"type":"Polygon","coordinates":[[[2.3629995,48.8567995],[2.362981,48.8567677],[2.3630768,48.856738],[2.3631338,48.85672],[2.3631619,48.8567644],[2.36311,48.8567797],[2.3630978,48.8567833],[2.3630058,48.8568104],[2.3630053,48.8568096],[2.3630043,48.8568077],[2.3630031,48.8568058],[2.3629995,48.8567995]]]},"properties":{"building":"apartments","building:levels":"7","id":"way/56045050"}},{"type":"Feature","id":"way/56045053","geometry":{"type":"Polygon","coordinates":[[[2.3641173,48.8563501],[2.3640508,48.8563719],[2.3640093,48.85638],[2.3639636,48.8563121],[2.3639496,48.856282],[2.3640493,48.856251],[2.3640824,48.8562992],[2.3641173,48.8563501]]]},"properties":{"building":"apartments","building:levels":"4","roof:levels":"1","id":"way/56045053"}},{"type":"Feature","id":"way/56046786","geometry":{"type":"Polygon","coordinates":[[[2.361675,48.8548042],[2.3616778,48.8548094],[2.3616537,48.8548161],[2.3616591,48.8548262],[2.3615884,48.8548462],[2.3615192,48.8548657],[2.3615131,48.8548567],[2.3614876,48.8548634],[2.3614839,48.8548586],[2.3614592,48.8548655],[2.3614344,48.8548725],[2.3614373,48.8548775],[2.3614194,48.8548828],[2.361414,48.8548764],[2.3614089,48.8548773],[2.3614079,48.8548745],[2.3614032,48.8548748],[2.3614011,48.8548715],[2.3613981,48.8548667],[2.3614027,48.8548646],[2.3614001,48.8548599],[2.3614046,48.8548576],[2.3613988,48.854847],[2.3613957,48.8548468],[2.3613853,48.8548327],[2.3613889,48.8548311],[2.3613667,48.8547963],[2.3613636,48.8547966],[2.3613544,48.8547822],[2.3613566,48.8547812],[2.3613316,48.8547431],[2.3613283,48.8547443],[2.3613194,48.8547306],[2.3613225,48.8547294],[2.3612983,48.8546932],[2.361295,48.8546945],[2.3612844,48.8546797],[2.3612877,48.8546788],[2.3612632,48.854643],[2.3612494,48.8546468],[2.3612292,48.8546206],[2.361232,48.8546195],[2.3611801,48.8545377],[2.3611764,48.8545384],[2.3611558,48.8545111],[2.3611745,48.854506],[2.3611497,48.8544693],[2.3611451,48.8544709],[2.3611351,48.8544556],[2.3612045,48.8544336],[2.3612004,48.8544213],[2.3611973,48.8544059],[2.3611978,48.8544041],[2.3612011,48.8543914],[2.3612089,48.8543774],[2.3612212,48.8543639],[2.3612451,48.8543485],[2.3612983,48.8543408],[2.3613539,48.8543462],[2.3614123,48.8543748],[2.3614814,48.8543548],[2.3615162,48.8544062],[2.361515,48.8544084],[2.3616048,48.8545443],[2.3615863,48.8545536],[2.3615985,48.854569],[2.361608,48.8545809],[2.3616154,48.8545893],[2.361619,48.8545885],[2.3616222,48.8545927],[2.3616199,48.8545938],[2.361625,48.8545992],[2.3616223,48.8546014],[2.3616436,48.854634],[2.3616534,48.85464],[2.3617212,48.8547464],[2.3617198,48.854747],[2.3617209,48.8547488],[2.361723,48.854752],[2.36172,48.8547532],[2.3617273,48.8547651],[2.3617325,48.8547642],[2.3617415,48.8547716],[2.3617483,48.8547728],[2.3617487,48.8547809],[2.3617448,48.8547833],[2.361748,48.8547891],[2.3617292,48.854795],[2.3617255,48.8547899],[2.3617007,48.8547969],[2.361675,48.8548042]]]},"properties":{"building":"church","name":"Église Saint-Paul-Saint-Louis","id":"way/56046786"}},{"type":"Feature","id":"way/56048378","geometry":{"type":"Polygon","coordinates":[[[2.3667356,48.8535972],[2.3667436,48.8535855],[2.3667916,48.8535998],[2.3667829,48.8536126],[2.3667356,48.8535972]]]},"properties":{"building":"retail","building:levels":"1","roof:levels":"0","id":"way/56048378"}},{"type":"Feature","id":"way/56048379","geometry":{"type":"Polygon","coordinates":[[[2.3671136,48.8544267],[2.3671196,48.8544413],[2.3670479,48.8544507],[2.3670437,48.8544372],[2.3671136,48.8544267]]]},"properties":{"building":"yes","building:levels":"1","id":"way/56048379"}},{"type":"Feature","id":"way/56048392","geometry":{"type":"Polygon","coordinates":[[[2.3659202,48.8546219],[2.3659707,48.8547469],[2.3658752,48.8547638],[2.3658685,48.8547457],[2.3659135,48.8547377],[2.3659011,48.8547046],[2.36589,48.8547056],[2.3658607,48.854633],[2.3659202,48.8546219]]]},"properties":{"building":"yes","id":"way/56048392"}},{"type":"Feature","id":"way/56077546","geometry":{"type":"Polygon","coordinates":[[[2.3670446,48.8558119],[2.3670387,48.8557957],[2.3670675,48.8557909],[2.3670732,48.8558073],[2.3670446,48.8558119]]]},"properties":{"building":"yes","id":"way/56077546"}},{"type":"Feature","id":"way/56077549","geometry":{"type":"Polygon","coordinates":[[[2.3671208,48.854927],[2.3671355,48.8549628],[2.3670985,48.8549695],[2.3670865,48.8549398],[2.3670848,48.8549338],[2.3671208,48.854927]]]},"properties":{"building":"yes","id":"way/56077549"}},{"type":"Feature","id":"way/56077550","geometry":{"type":"Polygon","coordinates":[[[2.3644274,48.8537297],[2.3645008,48.853794],[2.3645406,48.8538289],[2.3645345,48.8538463],[2.3645255,48.8538722],[2.3644881,48.8538867],[2.3644505,48.8539013],[2.3643349,48.8538172],[2.3643587,48.8538029],[2.3643275,48.853776],[2.3644274,48.8537297]]]},"properties":{"building":"retail","building:levels":"2","id":"way/56077550"}},{"type":"Feature","id":"way/56077594","geometry":{"type":"Polygon","coordinates":[[[2.3665324,48.8552726],[2.3666054,48.855465],[2.3665414,48.8554754],[2.3664797,48.8554855],[2.3664085,48.855294],[2.3664693,48.8552835],[2.3665324,48.8552726]]]},"properties":{"building":"apartments","building:levels":"3","name":"Hôtel de Ribault","roof:levels":"2","roof:shape":"hipped","id":"way/56077594"}},{"type":"Feature","id":"way/56092430","geometry":{"type":"Polygon","coordinates":[[[2.3681828,48.8547737],[2.3681842,48.854672],[2.3681858,48.8545571],[2.3685442,48.8545686],[2.3685433,48.8545702],[2.3685465,48.8545708],[2.3685343,48.8546236],[2.3685283,48.8546498],[2.3685014,48.854656],[2.3685011,48.8546587],[2.3684948,48.8546589],[2.3684947,48.8546564],[2.3684276,48.854655],[2.3684261,48.8546216],[2.3683264,48.8546195],[2.3683247,48.8547179],[2.368432,48.8547189],[2.3684335,48.8546869],[2.3685006,48.8546873],[2.3684995,48.8547753],[2.3684698,48.8547751],[2.3683238,48.8547744],[2.3681828,48.8547737]]]},"properties":{"building":"apartments","building:levels":"6","id":"way/56092430"}},{"type":"Feature","id":"way/56092434","geometry":{"type":"Polygon","coordinates":[[[2.3683099,48.8555507],[2.3679511,48.8554887],[2.3679534,48.8554312],[2.3678073,48.8554275],[2.3678073,48.8553589],[2.3678114,48.8553586],[2.3679964,48.8553611],[2.367997,48.855444],[2.3681254,48.8554683],[2.3681492,48.8553642],[2.3682186,48.8553652],[2.3683542,48.8553669],[2.3683297,48.8554691],[2.3683099,48.8555507]]]},"properties":{"building":"apartments","id":"way/56092434"}},{"type":"Feature","id":"way/56092435","geometry":{"type":"Polygon","coordinates":[[[2.3681293,48.8538728],[2.3681201,48.8539242],[2.3681088,48.8539868],[2.3679365,48.8539979],[2.3679067,48.8538923],[2.3679736,48.8538854],[2.3681223,48.8538701],[2.3681293,48.8538728]]]},"properties":{"building":"apartments","building:levels":"6","id":"way/56092435"}},{"type":"Feature","id":"way/56092436","geometry":{"type":"Polygon","coordinates":[[[2.3675103,48.8558649],[2.3675074,48.8557587],[2.367642,48.8557643],[2.3676495,48.8557831],[2.3676753,48.855779],[2.3676711,48.8557656],[2.3676854,48.8557662],[2.3678587,48.855775],[2.3678554,48.8558084],[2.3676585,48.8558406],[2.3675103,48.8558649]]]},"properties":{"building":"apartments","building:levels":"7","id":"way/56092436"}},{"type":"Feature","id":"way/56092437","geometry":{"type":"Polygon","coordinates":[[[2.3676768,48.8556144],[2.3676817,48.8557001],[2.3676226,48.8557009],[2.3676135,48.8556128],[2.3676768,48.8556144]]]},"properties":{"building":"apartments","building:levels":"4","id":"way/56092437"}},{"type":"Feature","id":"way/56092439","geometry":{"type":"Polygon","coordinates":[[[2.3673911,48.8542466],[2.367525,48.8542557],[2.3675963,48.8542532],[2.3676024,48.8542845],[2.3675858,48.8542873],[2.3673771,48.8543231],[2.3673836,48.8542873],[2.3673911,48.8542466]]]},"properties":{"building":"house","id":"way/56092439"}},{"type":"Feature","id":"way/56092440","geometry":{"type":"Polygon","coordinates":[[[2.3673516,48.8553521],[2.3675087,48.8553535],[2.3675088,48.8553557],[2.3675075,48.8554011],[2.3673541,48.8554001],[2.3673532,48.8553819],[2.3673516,48.8553521]]]},"properties":{"building":"apartments","id":"way/56092440"}},{"type":"Feature","id":"way/56092442","geometry":{"type":"Polygon","coordinates":[[[2.3673571,48.855489],[2.3675221,48.8554911],[2.3675222,48.8555206],[2.3675223,48.8555359],[2.3673578,48.8555327],[2.3673575,48.8555155],[2.3673571,48.855489]]]},"properties":{"building":"apartments","building:levels":"5","id":"way/56092442"}},{"type":"Feature","id":"way/56092443","geometry":{"type":"Polygon","coordinates":[[[2.3680417,48.8549247],[2.367744,48.8549211],[2.3677451,48.8548763],[2.3678762,48.8548776],[2.3678806,48.8547849],[2.367885,48.8547834],[2.3678872,48.8547442],[2.3680502,48.8547452],[2.3680461,48.8548322],[2.3680417,48.8549247]]]},"properties":{"building":"apartments","building:levels":"6","id":"way/56092443"}},{"type":"Feature","id":"way/56092445","geometry":{"type":"Polygon","coordinates":[[[2.3673541,48.8554001],[2.3675075,48.8554011],[2.3675095,48.8554142],[2.3675083,48.8554467],[2.3674735,48.8554469],[2.3673547,48.8554449],[2.3673545,48.8554267],[2.3673541,48.8554001]]]},"properties":{"building":"apartments","building:levels":"4","roof:levels":"1","id":"way/56092445"}},{"type":"Feature","id":"way/56092446","geometry":{"type":"Polygon","coordinates":[[[2.3673266,48.8545579],[2.3674566,48.854555],[2.3674558,48.8546313],[2.3675816,48.8546268],[2.3675965,48.8546365],[2.3677184,48.8546336],[2.3677259,48.8545542],[2.3678268,48.8545528],[2.3678947,48.854552],[2.3678942,48.8545625],[2.3678893,48.8546723],[2.3673464,48.8546783],[2.3673319,48.8546785],[2.3673318,48.854677],[2.3673295,48.8546223],[2.3673266,48.8545579]]]},"properties":{"building":"apartments","id":"way/56092446"}},{"type":"Feature","id":"way/56092447","geometry":{"type":"Polygon","coordinates":[[[2.3682289,48.8552336],[2.3682331,48.8551778],[2.3683951,48.8551788],[2.3683944,48.8551806],[2.3683981,48.8551814],[2.3683851,48.855225],[2.3683878,48.8552268],[2.3683866,48.8552336],[2.3682289,48.8552336]]]},"properties":{"building":"yes","building:levels":"2","id":"way/56092447"}},{"type":"Feature","id":"way/56092451","geometry":{"type":"Polygon","coordinates":[[[2.3680633,48.8544128],[2.3680161,48.8544135],[2.3680167,48.8543985],[2.367658,48.8543999],[2.3676528,48.8544011],[2.3675713,48.8544021],[2.3675765,48.8543843],[2.3675912,48.8543141],[2.3679111,48.854293],[2.3679087,48.8543667],[2.367933,48.854367],[2.3679484,48.8542612],[2.3679554,48.8542129],[2.3679935,48.8542049],[2.3680395,48.8542019],[2.3680869,48.8542139],[2.3680852,48.8542613],[2.3680847,48.8542766],[2.3680833,48.8543169],[2.36808,48.8544124],[2.3680633,48.8544128]]]},"properties":{"building":"apartments","id":"way/56092451"}},{"type":"Feature","id":"way/56092452","geometry":{"type":"Polygon","coordinates":[[[2.3674164,48.8540989],[2.3675997,48.8540861],[2.3676063,48.8541271],[2.3677503,48.8541117],[2.367746,48.8540679],[2.367855,48.8540539],[2.3678764,48.8540528],[2.3678816,48.8540765],[2.3678917,48.8541225],[2.3674043,48.8541729],[2.367411,48.8541321],[2.3674164,48.8540989]]]},"properties":{"building":"apartments","building:levels":"6","id":"way/56092452"}},{"type":"Feature","id":"way/56092453","geometry":{"type":"Polygon","coordinates":[[[2.3684321,48.8542157],[2.368431,48.8542508],[2.3684177,48.8542508],[2.3684178,48.8542441],[2.3684096,48.8542375],[2.3683601,48.8542361],[2.3683604,48.854215],[2.3684321,48.8542157]]]},"properties":{"building":"apartments","id":"way/56092453"}},{"type":"Feature","id":"way/56092454","geometry":{"type":"Polygon","coordinates":[[[2.3674256,48.8540443],[2.3676714,48.8540258],[2.3677107,48.8540222],[2.3677187,48.854071],[2.3676423,48.8540805],[2.3676389,48.8540544],[2.3675954,48.8540573],[2.3675997,48.8540861],[2.3674164,48.8540989],[2.3674211,48.8540708],[2.3674256,48.8540443]]]},"properties":{"building":"apartments","building:levels":"6","id":"way/56092454"}},{"type":"Feature","id":"way/56092455","geometry":{"type":"Polygon","coordinates":[[[2.3680869,48.8542139],[2.3680395,48.8542019],[2.3679935,48.8542049],[2.3679554,48.8542129],[2.3679143,48.8542222],[2.3679028,48.8542245],[2.3678992,48.8541792],[2.3679193,48.8541786],[2.3679208,48.8541926],[2.367946,48.8541911],[2.3679457,48.8541634],[2.3680949,48.8541543],[2.3680899,48.8541915],[2.3680869,48.8542139]]]},"properties":{"building":"yes","building:levels":"6","id":"way/56092455"}},{"type":"Feature","id":"way/56092457","geometry":{"type":"Polygon","coordinates":[[[2.3681553,48.8557587],[2.3680918,48.8556934],[2.3681004,48.8556592],[2.3682773,48.8556755],[2.3682799,48.8556758],[2.3682794,48.8556781],[2.3682701,48.8557216],[2.3682655,48.8557353],[2.36826,48.8557404],[2.3682511,48.8557433],[2.3682013,48.8557513],[2.3681553,48.8557587]]]},"properties":{"building":"apartments","building:levels":"9","id":"way/56092457"}},{"type":"Feature","id":"way/56092458","geometry":{"type":"Polygon","coordinates":[[[2.3685385,48.8538519],[2.3683922,48.8538627],[2.3683934,48.8538505],[2.3685357,48.8538401],[2.3685385,48.8538519]]]},"properties":{"building":"retail","building:levels":"1","id":"way/56092458"}},{"type":"Feature","id":"way/56092459","geometry":{"type":"Polygon","coordinates":[[[2.3674043,48.8541729],[2.3678917,48.8541225],[2.3678975,48.8541664],[2.3678992,48.8541792],[2.3679028,48.8542245],[2.367873,48.854232],[2.3678098,48.8542477],[2.3676024,48.8542845],[2.3675963,48.8542532],[2.3677369,48.8542307],[2.3677203,48.8541802],[2.3676727,48.8541862],[2.3676702,48.854184],[2.3675885,48.8541939],[2.3675386,48.8541907],[2.367525,48.8542557],[2.3673911,48.8542466],[2.3673952,48.8542235],[2.3673976,48.8542101],[2.3674043,48.8541729]]]},"properties":{"building":"apartments","building:levels":"6","id":"way/56092459"}},{"type":"Feature","id":"way/56092461","geometry":{"type":"Polygon","coordinates":[[[2.3682916,48.855619],[2.3681159,48.8556019],[2.368113,48.8555999],[2.3681246,48.8555544],[2.3678502,48.8555431],[2.3678504,48.8554973],[2.367587,48.8554937],[2.3675872,48.8555204],[2.3675222,48.8555206],[2.3675221,48.8554911],[2.3675776,48.8554913],[2.3675785,48.855424],[2.3677459,48.8554259],[2.3678073,48.8554275],[2.3679534,48.8554312],[2.3679511,48.8554887],[2.3683099,48.8555507],[2.3682963,48.8556099],[2.3682943,48.8556184],[2.3682916,48.855619]]]},"properties":{"building":"apartments","id":"way/56092461"}},{"type":"Feature","id":"way/56092462","geometry":{"type":"Polygon","coordinates":[[[2.3685442,48.8545686],[2.3681858,48.8545571],[2.3681865,48.8545331],[2.3681874,48.8544989],[2.3682722,48.8545014],[2.3682922,48.854502],[2.3683234,48.854503],[2.3683231,48.8545164],[2.3683144,48.8545237],[2.3683035,48.8545231],[2.3683115,48.854535],[2.368366,48.854537],[2.3683687,48.8545046],[2.3685571,48.8545112],[2.3685549,48.8545219],[2.3685532,48.8545286],[2.3685442,48.8545686]]]},"properties":{"building":"apartments","building:levels":"6","id":"way/56092462"}},{"type":"Feature","id":"way/56092464","geometry":{"type":"Polygon","coordinates":[[[2.3673424,48.8550249],[2.367718,48.85503],[2.3677203,48.8550301],[2.3677264,48.8551401],[2.3677514,48.8551401],[2.367751,48.8551687],[2.3676432,48.8551689],[2.3676038,48.8551683],[2.3676035,48.8550777],[2.367518,48.8550772],[2.3675197,48.8551692],[2.3674929,48.8551689],[2.367346,48.8551674],[2.3673442,48.8550961],[2.3673441,48.8550926],[2.3673424,48.8550249]]]},"properties":{"building":"apartments","id":"way/56092464"}},{"type":"Feature","id":"way/56092465","geometry":{"type":"Polygon","coordinates":[[[2.367346,48.8551674],[2.3674929,48.8551689],[2.3674926,48.8551919],[2.3674559,48.8551921],[2.3674572,48.855269],[2.3674704,48.8552693],[2.3674701,48.8552944],[2.3676016,48.8552947],[2.3676036,48.8552712],[2.3676425,48.8552726],[2.3676432,48.8551689],[2.367751,48.8551687],[2.3678138,48.8551685],[2.3678114,48.8553586],[2.3678073,48.8553589],[2.3678073,48.8554275],[2.3677459,48.8554259],[2.3677434,48.8553592],[2.3675088,48.8553557],[2.3675087,48.8553535],[2.3673516,48.8553521],[2.367349,48.8552641],[2.367346,48.8551674]]]},"properties":{"building":"apartments","name":"Hôtel Mansart","id":"way/56092465"}},{"type":"Feature","id":"way/56092468","geometry":{"type":"Polygon","coordinates":[[[2.3683542,48.8553669],[2.3682186,48.8553652],[2.3682231,48.8553082],[2.3683661,48.8553123],[2.3683589,48.8553425],[2.3683542,48.8553669]]]},"properties":{"building":"yes","building:levels":"2","id":"way/56092468"}},{"type":"Feature","id":"way/56092469","geometry":{"type":"Polygon","coordinates":[[[2.367873,48.854232],[2.3679028,48.8542245],[2.3679143,48.8542222],[2.3679235,48.8542401],[2.3678836,48.85425],[2.367873,48.854232]]]},"properties":{"building":"yes","id":"way/56092469"}},{"type":"Feature","id":"way/56092471","geometry":{"type":"Polygon","coordinates":[[[2.3673547,48.8554449],[2.3674735,48.8554469],[2.3674728,48.8554761],[2.367534,48.8554772],[2.3675345,48.8554145],[2.3675095,48.8554142],[2.3675075,48.8554011],[2.3675798,48.8554011],[2.3675785,48.855424],[2.3675776,48.8554913],[2.3675221,48.8554911],[2.3673571,48.855489],[2.3673564,48.8554747],[2.3673547,48.8554449]]]},"properties":{"building":"apartments","building:levels":"4","roof:levels":"1","id":"way/56092471"}},{"type":"Feature","id":"way/56092472","geometry":{"type":"Polygon","coordinates":[[[2.3678793,48.8550357],[2.3680377,48.8550407],[2.3680461,48.8550412],[2.3680419,48.855119],[2.3680387,48.8551767],[2.3678823,48.8551722],[2.3678837,48.8551099],[2.3678784,48.8551098],[2.3678785,48.8551031],[2.3678837,48.8551025],[2.3678837,48.8550841],[2.367879,48.8550834],[2.3678793,48.8550357]]]},"properties":{"building":"yes","id":"way/56092472"}},{"type":"Feature","id":"way/56092473","geometry":{"type":"Polygon","coordinates":[[[2.3681014,48.8541062],[2.3679102,48.854121],[2.3679083,48.8540965],[2.3679323,48.854096],[2.367934,48.8541085],[2.367956,48.854107],[2.3679512,48.8540744],[2.3678816,48.8540765],[2.3678764,48.8540528],[2.3679034,48.8540519],[2.367953,48.8540502],[2.368105,48.8540449],[2.3681031,48.8540783],[2.3681014,48.8541062]]]},"properties":{"building":"apartments","building:levels":"5","id":"way/56092473"}},{"type":"Feature","id":"way/56092474","geometry":{"type":"Polygon","coordinates":[[[2.3684161,48.8550937],[2.3681456,48.8550876],[2.3681499,48.855026],[2.3681546,48.8549592],[2.3682637,48.8549635],[2.3682608,48.8550386],[2.3683453,48.8550499],[2.3683581,48.8549969],[2.3682825,48.8549879],[2.3682847,48.8549645],[2.3683703,48.8549695],[2.3683707,48.8549762],[2.3684466,48.8549755],[2.3684258,48.8550451],[2.3684195,48.8550934],[2.3684161,48.8550937]]]},"properties":{"building":"apartments","building:levels":"5","id":"way/56092474"}},{"type":"Feature","id":"way/56092475","geometry":{"type":"Polygon","coordinates":[[[2.3682701,48.8557216],[2.3682794,48.8556781],[2.3683152,48.8556818],[2.3683055,48.8557252],[2.3682701,48.8557216]]]},"properties":{"building":"retail","building:levels":"1","id":"way/56092475"}},{"type":"Feature","id":"way/56092476","geometry":{"type":"Polygon","coordinates":[[[2.3680949,48.8541543],[2.3679457,48.8541634],[2.3679451,48.8541407],[2.3679147,48.8541441],[2.3679157,48.854165],[2.3678975,48.8541664],[2.3678917,48.8541225],[2.3679102,48.854121],[2.3681014,48.8541062],[2.3680974,48.8541363],[2.3680949,48.8541543]]]},"properties":{"building":"apartments","building:levels":"6","id":"way/56092476"}},{"type":"Feature","id":"way/56092477","geometry":{"type":"Polygon","coordinates":[[[2.3673479,48.8547814],[2.3675292,48.8547817],[2.367528,48.8548333],[2.3675823,48.8548332],[2.367583,48.8548585],[2.3676017,48.8548589],[2.3675994,48.8549191],[2.3673509,48.8549144],[2.3673495,48.8548552],[2.3673479,48.8547814]]]},"properties":{"building":"apartments","building:levels":"5","id":"way/56092477"}},{"type":"Feature","id":"way/56092479","geometry":{"type":"Polygon","coordinates":[[[2.3680702,48.8546722],[2.3678893,48.8546723],[2.3678942,48.8545625],[2.3679151,48.8545625],[2.3680572,48.8545625],[2.3680741,48.8545625],[2.368073,48.8545938],[2.3680702,48.8546722]]]},"properties":{"building":"apartments","building:levels":"4","roof:levels":"1","id":"way/56092479"}},{"type":"Feature","id":"way/56092480","geometry":{"type":"Polygon","coordinates":[[[2.3683866,48.8552336],[2.3683878,48.8552268],[2.3683851,48.855225],[2.3683981,48.8551814],[2.3683944,48.8551806],[2.3683951,48.8551788],[2.3684058,48.8551399],[2.3684518,48.8551442],[2.36843,48.8552371],[2.3683866,48.8552336]]]},"properties":{"building":"retail","building:levels":"1","id":"way/56092480"}},{"type":"Feature","id":"way/56092482","geometry":{"type":"Polygon","coordinates":[[[2.3677476,48.8547999],[2.3677464,48.8548282],[2.3676989,48.8548278],[2.3676997,48.8547996],[2.3677476,48.8547999]]]},"properties":{"building":"yes","id":"way/56092482"}},{"type":"Feature","id":"way/56092483","geometry":{"type":"Polygon","coordinates":[[[2.3673412,48.854466],[2.3675311,48.8544635],[2.3675347,48.8545546],[2.3674566,48.854555],[2.3673266,48.8545579],[2.367332,48.8545241],[2.3673363,48.8544969],[2.3673412,48.854466]]]},"properties":{"building":"apartments","building:levels":"5","id":"way/56092483"}},{"type":"Feature","id":"way/56092485","geometry":{"type":"Polygon","coordinates":[[[2.3678554,48.8558084],[2.3678587,48.855775],[2.3676854,48.8557662],[2.3676817,48.8557001],[2.3676768,48.8556144],[2.3676768,48.8556118],[2.3678377,48.855612],[2.3678372,48.8556543],[2.3681004,48.8556592],[2.3680918,48.8556934],[2.3681553,48.8557587],[2.3679597,48.8557911],[2.3678554,48.8558084]]]},"properties":{"building":"apartments","building:levels":"8","id":"way/56092485"}},{"type":"Feature","id":"way/56092486","geometry":{"type":"Polygon","coordinates":[[[2.3680502,48.8547452],[2.3678872,48.8547442],[2.3678893,48.8546723],[2.3680702,48.8546722],[2.3680698,48.8546808],[2.368069,48.8546967],[2.3680676,48.8547284],[2.3680667,48.8547461],[2.3680502,48.8547452]]]},"properties":{"building":"apartments","building:levels":"5","roof:levels":"1","id":"way/56092486"}},{"type":"Feature","id":"way/56092487","geometry":{"type":"Polygon","coordinates":[[[2.3686109,48.8539634],[2.3684973,48.8539714],[2.3684864,48.8539476],[2.3683232,48.853952],[2.3683253,48.8539362],[2.3683238,48.853853],[2.3683937,48.8538477],[2.3683934,48.8538505],[2.3683922,48.8538627],[2.3685385,48.8538519],[2.3685496,48.8538511],[2.3686047,48.8538764],[2.3686052,48.8538834],[2.3686085,48.8539305],[2.3686105,48.8539544],[2.3686109,48.8539634]]]},"properties":{"building":"apartments","building:levels":"6","roof:levels":"1","id":"way/56092487"}},{"type":"Feature","id":"way/56092488","geometry":{"type":"Polygon","coordinates":[[[2.3680572,48.8545625],[2.3679151,48.8545625],[2.3679141,48.8545331],[2.3678269,48.8545326],[2.3678268,48.8545528],[2.3677259,48.8545542],[2.3676821,48.8545534],[2.3676823,48.8544736],[2.367615,48.8544738],[2.367615,48.8544684],[2.3675606,48.8544684],[2.3675605,48.8544631],[2.3675637,48.8544631],[2.3675677,48.8544437],[2.3676471,48.8544407],[2.3676528,48.8544011],[2.367658,48.8543999],[2.3680167,48.8543985],[2.3680161,48.8544135],[2.3680633,48.8544128],[2.3680602,48.8544886],[2.3680572,48.8545625]]]},"properties":{"building":"apartments","building:levels":"5","roof:levels":"1","id":"way/56092488"}},{"type":"Feature","id":"way/56092489","geometry":{"type":"Polygon","coordinates":[[[2.3682773,48.8556755],[2.3681004,48.8556592],[2.3681159,48.8556019],[2.3682916,48.855619],[2.3682882,48.8556326],[2.3682816,48.8556585],[2.3682773,48.8556755]]]},"properties":{"building":"apartments","id":"way/56092489"}},{"type":"Feature","id":"way/56092490","geometry":{"type":"Polygon","coordinates":[[[2.3683951,48.8551788],[2.3682331,48.8551778],[2.368141,48.855177],[2.368143,48.8551375],[2.3681456,48.8550876],[2.3684161,48.8550937],[2.3684065,48.8551367],[2.3684058,48.8551399],[2.3683951,48.8551788]]]},"properties":{"building":"apartments","building:levels":"6","id":"way/56092490"}},{"type":"Feature","id":"way/56092491","geometry":{"type":"Polygon","coordinates":[[[2.368105,48.8540449],[2.367953,48.8540502],[2.3679496,48.8540135],[2.3679403,48.8540208],[2.3679011,48.8540229],[2.3679034,48.8540519],[2.3678764,48.8540528],[2.367855,48.8540539],[2.3678462,48.8540068],[2.3679365,48.8539979],[2.3681088,48.8539868],[2.3681063,48.8540255],[2.368105,48.8540449]]]},"properties":{"building":"apartments","id":"way/56092491"}},{"type":"Feature","id":"way/56092492","geometry":{"type":"Polygon","coordinates":[[[2.3673727,48.8543482],[2.3674654,48.8543301],[2.3675879,48.8543139],[2.3675912,48.8543141],[2.3675765,48.8543843],[2.3675593,48.8543823],[2.3675608,48.8543647],[2.3675685,48.8543573],[2.3674569,48.8543537],[2.3674459,48.8544125],[2.3675686,48.854413],[2.3675713,48.8544021],[2.3676528,48.8544011],[2.3676471,48.8544407],[2.3675677,48.8544437],[2.3675637,48.8544631],[2.3675605,48.8544631],[2.3675311,48.8544635],[2.3673412,48.854466],[2.3673582,48.8543974],[2.3673676,48.8543979],[2.3673765,48.8543503],[2.3673729,48.8543503],[2.3673727,48.8543482]]]},"properties":{"building":"apartments","building:levels":"5","id":"way/56092492"}},{"type":"Feature","id":"way/56092493","geometry":{"type":"Polygon","coordinates":[[[2.3686208,48.8541246],[2.3682087,48.8541265],[2.3682094,48.8540995],[2.3682103,48.8540628],[2.3682905,48.8540646],[2.368348,48.8540624],[2.3683473,48.8541149],[2.3683689,48.854115],[2.3683697,48.8540912],[2.3684548,48.8540899],[2.368456,48.8540744],[2.3684946,48.8540743],[2.3684936,48.8540533],[2.3684603,48.8540538],[2.3684558,48.8539743],[2.3684973,48.8539714],[2.3686109,48.8539634],[2.3686168,48.8540599],[2.3686208,48.8541246]]]},"properties":{"building":"apartments","id":"way/56092493"}},{"type":"Feature","id":"way/56092494","geometry":{"type":"Polygon","coordinates":[[[2.3679067,48.8538923],[2.3679365,48.8539979],[2.3678462,48.8540068],[2.3678275,48.8539009],[2.3678476,48.8538987],[2.3679067,48.8538923]]]},"properties":{"building":"apartments","building:levels":"6","id":"way/56092494"}},{"type":"Feature","id":"way/56092495","geometry":{"type":"Polygon","coordinates":[[[2.3673771,48.8543231],[2.3675858,48.8542873],[2.3675899,48.8543001],[2.3675918,48.8543057],[2.3675892,48.8543071],[2.3675879,48.8543139],[2.3674654,48.8543301],[2.3673727,48.8543482],[2.3673754,48.854333],[2.3673771,48.8543231]]]},"properties":{"building":"apartments","id":"way/56092495"}},{"type":"Feature","id":"way/56092498","geometry":{"type":"Polygon","coordinates":[[[2.3673596,48.855609],[2.3675254,48.8556115],[2.3675261,48.8556389],[2.3675365,48.8556438],[2.3675277,48.8556604],[2.3675279,48.8557002],[2.367362,48.8556914],[2.3673611,48.8556622],[2.3673606,48.8556433],[2.3673596,48.855609]]]},"properties":{"building":"apartments","building:levels":"5","id":"way/56092498"}},{"type":"Feature","id":"way/56092500","geometry":{"type":"Polygon","coordinates":[[[2.3678275,48.8539009],[2.3678462,48.8540068],[2.367855,48.8540539],[2.367746,48.8540679],[2.3677187,48.854071],[2.3677107,48.8540222],[2.3676714,48.8540258],[2.3676519,48.8539205],[2.3677177,48.8539132],[2.3678275,48.8539009]]]},"properties":{"building":"apartments","building:levels":"5","id":"way/56092500"}},{"type":"Feature","id":"way/56092504","geometry":{"type":"Polygon","coordinates":[[[2.3683238,48.853853],[2.3683253,48.8539362],[2.3683232,48.853952],[2.3682905,48.8540646],[2.3682103,48.8540628],[2.3681999,48.8540617],[2.3682006,48.8540229],[2.3682019,48.853945],[2.3682145,48.8539451],[2.3682152,48.8539353],[2.3682197,48.8538766],[2.3683007,48.8538696],[2.3683198,48.853868],[2.3683166,48.8538531],[2.3683238,48.853853]]]},"properties":{"building":"apartments","building:levels":"7","id":"way/56092504"}},{"type":"Feature","id":"way/56104214","geometry":{"type":"Polygon","coordinates":[[[2.3675602,48.853601],[2.3675796,48.8535979],[2.3675839,48.8536146],[2.3675643,48.8536166],[2.3675602,48.853601]]]},"properties":{"building":"yes","id":"way/56104214"}},{"type":"Feature","id":"way/56104217","geometry":{"type":"Polygon","coordinates":[[[2.367641,48.8534822],[2.3676882,48.8536359],[2.3675922,48.8536466],[2.3675839,48.8536146],[2.3675796,48.8535979],[2.3675602,48.853601],[2.3675529,48.8536022],[2.3675487,48.8535847],[2.3675121,48.8535877],[2.367516,48.8536059],[2.3673751,48.8536219],[2.3673422,48.8535585],[2.3673758,48.8535185],[2.3674995,48.853502],[2.367641,48.8534822]]]},"properties":{"building":"apartments","building:levels":"7","roof:shape":"gambrel","id":"way/56104217"}},{"type":"Feature","id":"way/56104221","geometry":{"type":"Polygon","coordinates":[[[2.3679594,48.8534388],[2.3680118,48.8536003],[2.3679749,48.8536074],[2.367958,48.853556],[2.3679227,48.853562],[2.3679369,48.8536113],[2.3678491,48.8536186],[2.3678384,48.8535833],[2.3678573,48.853581],[2.36786,48.853591],[2.3678709,48.853589],[2.3678642,48.8535628],[2.3678322,48.853566],[2.3678,48.8534606],[2.3678661,48.8534515],[2.3679594,48.8534388]]]},"properties":{"building":"apartments","building:levels":"7","roof:shape":"gambrel","id":"way/56104221"}},{"type":"Feature","id":"way/56104223","geometry":{"type":"Polygon","coordinates":[[[2.3673751,48.8536219],[2.367516,48.8536059],[2.367546,48.8536029],[2.3675534,48.8536313],[2.3675604,48.853631],[2.367561,48.8536344],[2.3675548,48.8536353],[2.3675611,48.8536616],[2.3675939,48.8536584],[2.3676016,48.853694],[2.3675007,48.8537067],[2.3674964,48.8537019],[2.3674242,48.853719],[2.3674033,48.8536777],[2.3673751,48.8536219]]]},"properties":{"building":"apartments","building:levels":"7","id":"way/56104223"}},{"type":"Feature","id":"way/56104234","geometry":{"type":"Polygon","coordinates":[[[2.3677147,48.8537923],[2.3676882,48.8536359],[2.3677272,48.8536323],[2.3677338,48.8536839],[2.367775,48.8536812],[2.367765,48.8536275],[2.3678491,48.8536186],[2.3678777,48.8537796],[2.3677942,48.8537861],[2.3677147,48.8537923]]]},"properties":{"building":"apartments","building:levels":"7","id":"way/56104234"}},{"type":"Feature","id":"way/56104236","geometry":{"type":"Polygon","coordinates":[[[2.3683244,48.8536244],[2.3683083,48.8535886],[2.3683637,48.8535773],[2.3683803,48.8536138],[2.3683244,48.8536244]]]},"properties":{"building":"roof","id":"way/56104236"}},{"type":"Feature","id":"way/56104237","geometry":{"type":"Polygon","coordinates":[[[2.3678777,48.8537796],[2.3678491,48.8536186],[2.3679369,48.8536113],[2.3679499,48.8536095],[2.3679525,48.8536216],[2.3679394,48.8536229],[2.3679457,48.8536603],[2.3679846,48.8536578],[2.3679749,48.8536074],[2.3680118,48.8536003],[2.3680384,48.8537679],[2.3680072,48.8537702],[2.3679521,48.8537742],[2.3678777,48.8537796]]]},"properties":{"building":"apartments","building:levels":"7","id":"way/56104237"}},{"type":"Feature","id":"way/56159544","geometry":{"type":"Polygon","coordinates":[[[2.3624486,48.8544359],[2.3623214,48.8544852],[2.3623143,48.8544806],[2.3622656,48.8545009],[2.3622292,48.854451],[2.3622501,48.8544443],[2.3622751,48.8544732],[2.3622948,48.8544665],[2.3622691,48.8544391],[2.3624017,48.8543837],[2.3624274,48.8544123],[2.3624486,48.8544359]]]},"properties":{"building":"apartments","building:levels":"6","id":"way/56159544"}},{"type":"Feature","id":"way/56159550","geometry":{"type":"Polygon","coordinates":[[[2.3624006,48.8546576],[2.3623379,48.8545832],[2.3623198,48.8545902],[2.362266,48.8545272],[2.3622515,48.8545062],[2.3622656,48.8545009],[2.3623143,48.8544806],[2.3623214,48.8544852],[2.3623661,48.854534],[2.3624068,48.8545201],[2.362429,48.8545435],[2.3625241,48.8545102],[2.3625585,48.8545413],[2.3625865,48.8545666],[2.3626052,48.8545834],[2.3626029,48.8545842],[2.3625461,48.8546043],[2.3625,48.8545602],[2.3624565,48.8545759],[2.3624966,48.8546221],[2.3624529,48.8546383],[2.3624006,48.8546576]]]},"properties":{"building":"apartments","building:levels":"6","id":"way/56159550"}},{"type":"Feature","id":"way/56159552","geometry":{"type":"Polygon","coordinates":[[[2.3622459,48.8543071],[2.3622169,48.8542769],[2.3621876,48.8542892],[2.3621413,48.8542269],[2.3622292,48.8541946],[2.3622457,48.854213],[2.3622851,48.8542571],[2.362311,48.854286],[2.3623139,48.854289],[2.3623239,48.8542995],[2.362332,48.854308],[2.3623257,48.8543131],[2.3622645,48.8543367],[2.36226,48.8543318],[2.3622543,48.8543254],[2.3622465,48.8543162],[2.3622406,48.8543091],[2.3622459,48.8543071]]]},"properties":{"building":"apartments","building:levels":"6","id":"way/56159552"}},{"type":"Feature","id":"way/56159555","geometry":{"type":"Polygon","coordinates":[[[2.3619622,48.8544565],[2.36201,48.8545093],[2.3618311,48.8545702],[2.361784,48.8545177],[2.3618738,48.8544856],[2.3619598,48.8544549],[2.3619622,48.8544565]]]},"properties":{"building":"yes","building:levels":"6","id":"way/56159555"}},{"type":"Feature","id":"way/56159560","geometry":{"type":"Polygon","coordinates":[[[2.3624017,48.8543837],[2.3622691,48.8544391],[2.3622501,48.8544443],[2.3622292,48.854451],[2.3622182,48.854435],[2.3621919,48.8544145],[2.3620912,48.8544417],[2.3620886,48.85444],[2.3620662,48.8544153],[2.3621114,48.8543976],[2.3621557,48.8543802],[2.3621711,48.8543963],[2.3621957,48.8543863],[2.3622103,48.8544011],[2.36224,48.8543899],[2.3622101,48.8543578],[2.3622645,48.8543367],[2.3623257,48.8543131],[2.3623435,48.8543331],[2.3623591,48.8543506],[2.3623668,48.8543471],[2.3623826,48.8543637],[2.3624017,48.8543837]]]},"properties":{"building":"apartments","building:levels":"7","id":"way/56159560"}},{"type":"Feature","id":"way/56159561","geometry":{"type":"Polygon","coordinates":[[[2.3619812,48.854413],[2.3619761,48.8544075],[2.3619425,48.8544204],[2.3619149,48.8544309],[2.3618743,48.8544464],[2.3618718,48.8544431],[2.3618753,48.8544414],[2.3618519,48.85441],[2.3618602,48.854399],[2.3619074,48.8543826],[2.3619052,48.8543794],[2.361943,48.8543649],[2.3619231,48.8543416],[2.3618537,48.8543676],[2.3618429,48.8543543],[2.3618326,48.8543579],[2.3618111,48.8543258],[2.3618013,48.8543263],[2.3616891,48.8543601],[2.3617504,48.8544371],[2.3617747,48.8544435],[2.3617872,48.8544573],[2.3618039,48.8544756],[2.3617585,48.8544954],[2.3616561,48.8543644],[2.3615717,48.8542693],[2.3615654,48.8542688],[2.3615544,48.8542707],[2.3615143,48.8542023],[2.3614126,48.8542211],[2.3613971,48.8541879],[2.3614883,48.8541573],[2.3616436,48.8541049],[2.3616623,48.8541289],[2.3615989,48.8541495],[2.3617064,48.8542843],[2.3617474,48.8542696],[2.361762,48.8542863],[2.3618007,48.8542722],[2.3618095,48.8542817],[2.3618317,48.854307],[2.3619298,48.8542658],[2.3619379,48.8542738],[2.3619678,48.8543081],[2.3620679,48.8542637],[2.3620625,48.8542565],[2.3621413,48.8542269],[2.3621876,48.8542892],[2.3622169,48.8542769],[2.3622459,48.8543071],[2.3622406,48.8543091],[2.3621852,48.8543303],[2.3621491,48.854285],[2.3620195,48.8543302],[2.36206,48.8543788],[2.362086,48.8543687],[2.3620924,48.8543768],[2.3620991,48.8543852],[2.362106,48.8543921],[2.3621114,48.8543976],[2.3620662,48.8544153],[2.3620443,48.854425],[2.3620068,48.8544403],[2.3620045,48.8544399],[2.3620001,48.8544341],[2.3619938,48.854426],[2.3619865,48.8544185],[2.3619812,48.854413]]]},"properties":{"building":"yes","id":"way/56159561"}},{"type":"Feature","id":"way/56159562","geometry":{"type":"Polygon","coordinates":[[[2.3620625,48.8542565],[2.3620407,48.8542319],[2.3620838,48.8542152],[2.3620949,48.854211],[2.3621054,48.8542215],[2.3621285,48.8542125],[2.3621076,48.8541917],[2.3621047,48.8541873],[2.3620938,48.8541737],[2.3621729,48.8541388],[2.362177,48.8541363],[2.3622046,48.8541671],[2.3622292,48.8541946],[2.3621413,48.8542269],[2.3620625,48.8542565]]]},"properties":{"building":"apartments","building:levels":"6","id":"way/56159562"}},{"type":"Feature","id":"way/56159564","geometry":{"type":"Polygon","coordinates":[[[2.3620407,48.8542319],[2.3620035,48.8541865],[2.3620791,48.8541634],[2.362047,48.854123],[2.3621293,48.8540897],[2.3621658,48.8541308],[2.3621729,48.8541388],[2.3620938,48.8541737],[2.3621047,48.8541873],[2.3620709,48.8542012],[2.3620838,48.8542152],[2.3620407,48.8542319]]]},"properties":{"building":"apartments","building:levels":"6","id":"way/56159564"}},{"type":"Feature","id":"way/56159579","geometry":{"type":"Polygon","coordinates":[[[2.3625241,48.8545102],[2.362429,48.8545435],[2.3624068,48.8545201],[2.3623661,48.854534],[2.3623214,48.8544852],[2.3624486,48.8544359],[2.3624605,48.8544477],[2.3624892,48.854476],[2.3625066,48.8544931],[2.3625241,48.8545102]]]},"properties":{"building":"apartments","building:levels":"6","id":"way/56159579"}},{"type":"Feature","id":"way/56159582","geometry":{"type":"Polygon","coordinates":[[[2.3617483,48.8547728],[2.3617415,48.8547716],[2.3617325,48.8547642],[2.3617273,48.8547651],[2.36172,48.8547532],[2.361723,48.854752],[2.3617209,48.8547488],[2.3618326,48.8547213],[2.3618372,48.8547161],[2.3618173,48.8546933],[2.3618041,48.8546983],[2.3617892,48.8546947],[2.361782,48.8546859],[2.361786,48.8546762],[2.3618007,48.8546714],[2.3617474,48.8546063],[2.3616534,48.85464],[2.3616436,48.854634],[2.3616223,48.8546014],[2.361625,48.8545992],[2.3616199,48.8545938],[2.3616222,48.8545927],[2.361619,48.8545885],[2.3616154,48.8545893],[2.361608,48.8545809],[2.3616328,48.8545686],[2.3617833,48.8545169],[2.361784,48.8545177],[2.3618311,48.8545702],[2.3619881,48.8547721],[2.3618149,48.8548128],[2.3617865,48.8547637],[2.3617667,48.8547684],[2.3617483,48.8547728]]]},"properties":{"building":"apartments","building:levels":"8","id":"way/56159582"}},{"type":"Feature","id":"way/56159589","geometry":{"type":"Polygon","coordinates":[[[2.3621721,48.8547296],[2.3620948,48.8546135],[2.3620267,48.8546365],[2.3619851,48.8545733],[2.3620505,48.8545515],[2.36201,48.8545093],[2.3619622,48.8544565],[2.3619903,48.8544455],[2.3620045,48.8544399],[2.3620068,48.8544403],[2.3620443,48.854425],[2.3620641,48.8544474],[2.3621259,48.854522],[2.3620697,48.8545418],[2.3620715,48.8545449],[2.3620849,48.8545473],[2.3620967,48.854566],[2.3620918,48.8545704],[2.362088,48.8545712],[2.3620959,48.8545827],[2.3621082,48.8545795],[2.3621277,48.8546092],[2.3621824,48.8545904],[2.362207,48.8546196],[2.3622425,48.8546074],[2.3623078,48.8546921],[2.3622431,48.85471],[2.3621721,48.8547296]]]},"properties":{"building":"apartments","building:levels":"7","id":"way/56159589"}},{"type":"Feature","id":"way/56159590","geometry":{"type":"Polygon","coordinates":[[[2.3619359,48.8539909],[2.3619374,48.8539928],[2.3620386,48.8539619],[2.3620537,48.8539825],[2.3620656,48.8539989],[2.3619175,48.8540539],[2.361888,48.8540053],[2.361897,48.8540026],[2.3619359,48.8539909]]]},"properties":{"building":"yes","id":"way/56159590"}},{"type":"Feature","id":"way/56159593","geometry":{"type":"Polygon","coordinates":[[[2.3618325,48.8541432],[2.3617246,48.8541818],[2.3617203,48.8541787],[2.3616902,48.8541642],[2.3616623,48.8541289],[2.3616436,48.8541049],[2.361627,48.8540828],[2.3617157,48.8540566],[2.361752,48.8540459],[2.3618325,48.8541432]]]},"properties":{"building":"yes","building:levels":"4","id":"way/56159593"}},{"type":"Feature","id":"way/56159597","geometry":{"type":"Polygon","coordinates":[[[2.3616561,48.8543644],[2.3617585,48.8544954],[2.3617565,48.854499],[2.3616789,48.8545265],[2.3616258,48.8545453],[2.3616054,48.8545064],[2.3616394,48.8544934],[2.3616271,48.8544796],[2.3616344,48.8544692],[2.3616557,48.854462],[2.3616329,48.8544319],[2.3615697,48.8544523],[2.3615354,48.8544009],[2.3616561,48.8543644]]]},"properties":{"building":"yes","id":"way/56159597"}},{"type":"Feature","id":"way/56159604","geometry":{"type":"Polygon","coordinates":[[[2.361627,48.8540828],[2.3616436,48.8541049],[2.3614883,48.8541573],[2.3614357,48.8540829],[2.3613775,48.8541012],[2.3613501,48.8540685],[2.3613023,48.8540835],[2.3612922,48.8540872],[2.361276,48.8540924],[2.3612542,48.8540662],[2.3612382,48.8540471],[2.3612681,48.8540382],[2.3613142,48.8540237],[2.3613094,48.8540167],[2.3613358,48.8540091],[2.3614258,48.8539832],[2.3615082,48.853959],[2.3615474,48.8539492],[2.3615813,48.8539409],[2.3615893,48.8539443],[2.36166,48.8540396],[2.3616042,48.854057],[2.3616144,48.8540685],[2.361627,48.8540828]]]},"properties":{"building":"yes","building:levels":"4","roof:levels":"1","roof:shape":"hipped","id":"way/56159604"}},{"type":"Feature","id":"way/56159607","geometry":{"type":"Polygon","coordinates":[[[2.3620987,48.8547469],[2.3620267,48.8546365],[2.3620948,48.8546135],[2.3621721,48.8547296],[2.3621099,48.8547443],[2.3620987,48.8547469]]]},"properties":{"building":"apartments","id":"way/56159607"}},{"type":"Feature","id":"way/56159609","geometry":{"type":"Polygon","coordinates":[[[2.3623078,48.8546921],[2.3622425,48.8546074],[2.362207,48.8546196],[2.3621824,48.8545904],[2.3621259,48.854522],[2.3620641,48.8544474],[2.3620886,48.85444],[2.3620912,48.8544417],[2.3621919,48.8544145],[2.3622182,48.854435],[2.3622292,48.854451],[2.3622656,48.8545009],[2.3622515,48.8545062],[2.3622466,48.8545061],[2.362227,48.8544796],[2.3622064,48.8544857],[2.3621882,48.8544582],[2.3621518,48.8544694],[2.3621833,48.8545085],[2.3621704,48.8545131],[2.362182,48.8545268],[2.3622014,48.8545202],[2.3622461,48.854579],[2.3622701,48.8545706],[2.3622478,48.8545461],[2.3622572,48.8545426],[2.3622496,48.8545329],[2.362266,48.8545272],[2.3623198,48.8545902],[2.3623379,48.8545832],[2.3624006,48.8546576],[2.3623572,48.8546737],[2.3623078,48.8546921]]]},"properties":{"building":"apartments","building:levels":"7","id":"way/56159609"}},{"type":"Feature","id":"way/56159615","geometry":{"type":"Polygon","coordinates":[[[2.3624966,48.8546221],[2.3624565,48.8545759],[2.3625,48.8545602],[2.3625461,48.8546043],[2.3624966,48.8546221]]]},"properties":{"building":"apartments","building:levels":"5","roof:levels":"1","id":"way/56159615"}},{"type":"Feature","id":"way/56159618","geometry":{"type":"Polygon","coordinates":[[[2.3618314,48.8539208],[2.3618701,48.8539792],[2.3618334,48.8539899],[2.361784,48.8540043],[2.3617347,48.8540188],[2.3617115,48.8540256],[2.3617071,48.8540244],[2.3617026,48.8540232],[2.3616334,48.8539328],[2.3616409,48.8539272],[2.3617271,48.8539274],[2.3617499,48.8539274],[2.3618314,48.8539208]]]},"properties":{"building":"yes","building:levels":"6","id":"way/56159618"}},{"type":"Feature","id":"way/56159620","geometry":{"type":"Polygon","coordinates":[[[2.3619935,48.8539015],[2.3620156,48.853931],[2.3620294,48.8539495],[2.3620386,48.8539619],[2.3619374,48.8539928],[2.3619359,48.8539909],[2.3619273,48.8539794],[2.3619168,48.8539653],[2.3618701,48.8539792],[2.3618314,48.8539208],[2.361876,48.8539155],[2.3619935,48.8539015]]]},"properties":{"building":"yes","building:levels":"7","id":"way/56159620"}},{"type":"Feature","id":"way/56186906","geometry":{"type":"Polygon","coordinates":[[[2.361582,48.8538887],[2.3615517,48.8538426],[2.3616016,48.8538282],[2.3615797,48.8537966],[2.3616054,48.8537881],[2.3616044,48.8537866],[2.361648,48.8537725],[2.3616824,48.8538173],[2.3617786,48.8537858],[2.3617116,48.8537026],[2.361807,48.8536616],[2.3618378,48.8536991],[2.3619186,48.8537944],[2.3619412,48.8538217],[2.3619647,48.8538495],[2.3619574,48.8538544],[2.3618563,48.85387],[2.3618539,48.8538704],[2.36182,48.8538757],[2.3616927,48.8538826],[2.361582,48.8538887]]]},"properties":{"building":"apartments","id":"way/56186906"}},{"type":"Feature","id":"way/56186920","geometry":{"type":"Polygon","coordinates":[[[2.361807,48.8536616],[2.3617116,48.8537026],[2.3616461,48.8537155],[2.3616393,48.8536979],[2.3616764,48.8536857],[2.3616587,48.8536634],[2.3616429,48.8536472],[2.3616538,48.8536429],[2.3617552,48.8536035],[2.3617726,48.8536228],[2.3617837,48.8536353],[2.361807,48.8536616]]]},"properties":{"building":"yes","id":"way/56186920"}},{"type":"Feature","id":"way/56200015","geometry":{"type":"Polygon","coordinates":[[[2.3623609,48.8530802],[2.362239,48.85298],[2.3622747,48.8529611],[2.3621863,48.8528869],[2.3621824,48.8528886],[2.3621669,48.8528752],[2.3621352,48.8528904],[2.3620999,48.85286],[2.3621641,48.8528284],[2.3624223,48.8530503],[2.3623875,48.8530673],[2.3623609,48.8530802]]]},"properties":{"building":"yes","id":"way/56200015"}},{"type":"Feature","id":"way/56200021","geometry":{"type":"Polygon","coordinates":[[[2.3615376,48.8532776],[2.3616985,48.853206],[2.3618244,48.8531492],[2.36185,48.8531695],[2.361874,48.8531893],[2.3619029,48.8532141],[2.3618659,48.8532293],[2.3618117,48.8532512],[2.3617985,48.8532569],[2.3616048,48.85334],[2.3615721,48.8533096],[2.3615376,48.8532776]]]},"properties":{"building":"yes","building:levels":"6","id":"way/56200021"}},{"type":"Feature","id":"way/56200023","geometry":{"type":"Polygon","coordinates":[[[2.3614637,48.853209],[2.3615865,48.8531515],[2.3616455,48.8531166],[2.3616539,48.8531136],[2.3616725,48.8531312],[2.3616747,48.8531341],[2.3616092,48.8531703],[2.3616121,48.853173],[2.3615871,48.8531856],[2.3616058,48.8532037],[2.3615073,48.8532521],[2.3614861,48.8532311],[2.3614637,48.853209]]]},"properties":{"building":"yes","id":"way/56200023"}},{"type":"Feature","id":"way/56200024","geometry":{"type":"Polygon","coordinates":[[[2.3615073,48.8532521],[2.3616058,48.8532037],[2.3616218,48.8532194],[2.3616793,48.8531883],[2.3616985,48.853206],[2.3615376,48.8532776],[2.361523,48.8532653],[2.3615073,48.8532521]]]},"properties":{"building":"yes","building:levels":"5","id":"way/56200024"}},{"type":"Feature","id":"way/56200027","geometry":{"type":"Polygon","coordinates":[[[2.3626636,48.8529322],[2.3624979,48.8527885],[2.3625724,48.8527511],[2.3625753,48.8527536],[2.3625957,48.8527707],[2.3625673,48.8527847],[2.362645,48.8528564],[2.3626777,48.8528411],[2.3627413,48.8528946],[2.3627007,48.8529143],[2.3626636,48.8529322]]]},"properties":{"building":"yes","id":"way/56200027"}},{"type":"Feature","id":"way/56200028","geometry":{"type":"Polygon","coordinates":[[[2.36185,48.8531695],[2.3618244,48.8531492],[2.3617862,48.8531178],[2.3619179,48.8530522],[2.3620989,48.853207],[2.362017,48.8532455],[2.3620008,48.8532531],[2.3619303,48.8532862],[2.3618659,48.8532293],[2.3619029,48.8532141],[2.361874,48.8531893],[2.3618872,48.8531831],[2.3619008,48.8531903],[2.3619119,48.8531866],[2.3619232,48.8531896],[2.3619651,48.8531695],[2.3619611,48.8531517],[2.3619329,48.8531269],[2.36185,48.8531695]]]},"properties":{"building":"yes","id":"way/56200028"}},{"type":"Feature","id":"way/56200030","geometry":{"type":"Polygon","coordinates":[[[2.3614575,48.8528322],[2.3615024,48.8528696],[2.3613642,48.8529378],[2.3614629,48.8530318],[2.3616161,48.8529644],[2.361683,48.8530216],[2.3616795,48.8530251],[2.3617007,48.8530428],[2.3616473,48.8530638],[2.3616452,48.8530617],[2.3616011,48.8530222],[2.3613664,48.8531152],[2.3612839,48.8530358],[2.3612056,48.8529605],[2.3613561,48.8528839],[2.3614575,48.8528322]]]},"properties":{"building":"yes","id":"way/56200030"}},{"type":"Feature","id":"way/56200038","geometry":{"type":"Polygon","coordinates":[[[2.3613664,48.8531152],[2.3616011,48.8530222],[2.3616452,48.8530617],[2.3616427,48.8530635],[2.3616035,48.8530789],[2.3616056,48.8530815],[2.3615954,48.8530855],[2.3615741,48.8530623],[2.3615692,48.8530606],[2.3615642,48.8530608],[2.361521,48.8530783],[2.3615192,48.8530817],[2.3615204,48.8530861],[2.3615631,48.853125],[2.3615691,48.8531256],[2.3615748,48.853125],[2.3616222,48.8530971],[2.3616319,48.8531052],[2.3616455,48.8531166],[2.3615865,48.8531515],[2.3614637,48.853209],[2.3614165,48.8531635],[2.3613664,48.8531152]]]},"properties":{"building":"yes","id":"way/56200038"}},{"type":"Feature","id":"way/56200040","geometry":{"type":"Polygon","coordinates":[[[2.3619616,48.8525757],[2.3622101,48.8527815],[2.3621502,48.8528113],[2.3621679,48.8528265],[2.3621641,48.8528284],[2.3620999,48.85286],[2.3619707,48.8529237],[2.3618432,48.8529875],[2.3618666,48.8530082],[2.361803,48.853039],[2.3618338,48.8530661],[2.3618979,48.8530359],[2.3619179,48.8530522],[2.3617862,48.8531178],[2.3617562,48.8530935],[2.3616816,48.8531281],[2.3616725,48.8531312],[2.3616539,48.8531136],[2.3616455,48.8531166],[2.3616319,48.8531052],[2.3616719,48.8530886],[2.3616427,48.8530635],[2.3616452,48.8530617],[2.3616473,48.8530638],[2.3617007,48.8530428],[2.3616795,48.8530251],[2.361683,48.8530216],[2.3617754,48.852976],[2.361722,48.8529311],[2.3617581,48.8529121],[2.3617922,48.8529413],[2.3621039,48.8527843],[2.3619962,48.8526931],[2.3620143,48.852685],[2.3619847,48.8526593],[2.3618538,48.8527254],[2.361947,48.8528064],[2.3618612,48.8528499],[2.3617629,48.8527662],[2.3617408,48.8527842],[2.3616549,48.8528277],[2.3616378,48.8528128],[2.3615386,48.8528616],[2.3615415,48.8528644],[2.3615146,48.8528797],[2.3615024,48.8528696],[2.3614575,48.8528322],[2.3614931,48.8528141],[2.3615286,48.852796],[2.3616413,48.8527387],[2.3618453,48.8526349],[2.3618686,48.852623],[2.3619616,48.8525757]]]},"properties":{"building":"yes","id":"way/56200040"}},{"type":"Feature","id":"way/56200049","geometry":{"type":"Polygon","coordinates":[[[2.3616048,48.85334],[2.3617985,48.8532569],[2.3618169,48.8532747],[2.3617854,48.8532906],[2.3617798,48.8532857],[2.3617633,48.853294],[2.3617776,48.8533069],[2.3618404,48.853276],[2.3618117,48.8532512],[2.3618659,48.8532293],[2.3619303,48.8532862],[2.361774,48.8533605],[2.3617542,48.8533693],[2.3616762,48.8534043],[2.3616373,48.8533692],[2.3616048,48.85334]]]},"properties":{"building":"yes","id":"way/56200049"}},{"type":"Feature","id":"way/56200051","geometry":{"type":"Polygon","coordinates":[[[2.3618244,48.8531492],[2.3616985,48.853206],[2.3616793,48.8531883],[2.3616775,48.8531854],[2.361726,48.8531668],[2.3616816,48.8531281],[2.3617562,48.8530935],[2.3617862,48.8531178],[2.3618244,48.8531492]]]},"properties":{"building":"yes","building:levels":"6","id":"way/56200051"}},{"type":"Feature","id":"way/56203230","geometry":{"type":"Polygon","coordinates":[[[2.3627854,48.8545216],[2.3627243,48.8544483],[2.362799,48.8544228],[2.3628082,48.854431],[2.3628642,48.8544928],[2.3628523,48.8544971],[2.3627854,48.8545216]]]},"properties":{"building":"apartments","building:levels":"5","id":"way/56203230"}},{"type":"Feature","id":"way/56203233","geometry":{"type":"Polygon","coordinates":[[[2.3643458,48.853657],[2.3641964,48.8537131],[2.3641338,48.8537378],[2.3640799,48.8537589],[2.3639891,48.8537941],[2.3639737,48.8537999],[2.3639361,48.8537592],[2.3638198,48.8538045],[2.3637696,48.8537524],[2.3637432,48.8537319],[2.3638463,48.8536876],[2.3639682,48.8536353],[2.3641282,48.8535665],[2.3642075,48.8535325],[2.3642599,48.8535796],[2.3643458,48.853657]]]},"properties":{"building":"apartments","building:levels":"7","id":"way/56203233"}},{"type":"Feature","id":"way/56203236","geometry":{"type":"Polygon","coordinates":[[[2.3625074,48.8530958],[2.3627103,48.8532805],[2.3626901,48.85329],[2.3626797,48.8532902],[2.362672,48.8532866],[2.362648,48.8532979],[2.3625208,48.8531834],[2.3623401,48.8532708],[2.3623908,48.85332],[2.3623933,48.8533192],[2.3625875,48.853507],[2.3626423,48.8534816],[2.3626692,48.8535061],[2.3624663,48.8536067],[2.3624301,48.8535666],[2.3624806,48.853542],[2.3624624,48.8535257],[2.3624586,48.8535258],[2.3624029,48.8534738],[2.3623999,48.8534747],[2.3623892,48.8534722],[2.3623826,48.8534651],[2.3623665,48.8534712],[2.3623712,48.8534786],[2.3623561,48.8534851],[2.362266,48.8533865],[2.3622374,48.8533515],[2.3622901,48.8533263],[2.3622573,48.8532951],[2.3622087,48.8533179],[2.3621605,48.8532639],[2.3623355,48.8531791],[2.3625074,48.8530958]]]},"properties":{"building":"yes","id":"way/56203236"}},{"type":"Feature","id":"way/56203237","geometry":{"type":"Polygon","coordinates":[[[2.3621515,48.8538839],[2.3623031,48.8538248],[2.3623673,48.853802],[2.3623946,48.8537933],[2.3624106,48.8538116],[2.3623234,48.8538445],[2.3623517,48.8538739],[2.3621925,48.8539315],[2.3621737,48.8539096],[2.3621515,48.8538839]]]},"properties":{"building":"yes","id":"way/56203237"}},{"type":"Feature","id":"way/56203239","geometry":{"type":"Polygon","coordinates":[[[2.3634747,48.853691],[2.3633068,48.8535221],[2.3633047,48.8535192],[2.3633584,48.8534963],[2.3633892,48.8535001],[2.3634461,48.8535566],[2.3634875,48.8535381],[2.3634608,48.8535107],[2.3634829,48.853454],[2.3635281,48.8534611],[2.3635623,48.8534957],[2.3635558,48.8534984],[2.3635672,48.8535103],[2.3635736,48.8535077],[2.3635841,48.8535184],[2.363608,48.8535089],[2.3636138,48.8535128],[2.3636447,48.8534987],[2.3636492,48.8535029],[2.3636744,48.8534911],[2.3637073,48.8535226],[2.3637561,48.8535676],[2.3636832,48.8535997],[2.3635823,48.8536441],[2.3635762,48.8536411],[2.363562,48.8536412],[2.3635498,48.8536483],[2.3635505,48.8536578],[2.3635253,48.8536688],[2.3634747,48.853691]]]},"properties":{"building":"yes","id":"way/56203239"}},{"type":"Feature","id":"way/56203240","geometry":{"type":"Polygon","coordinates":[[[2.3619589,48.8536611],[2.3623639,48.8534949],[2.362415,48.8535518],[2.3623579,48.8535752],[2.3623285,48.8535872],[2.362298,48.8535525],[2.3622491,48.853572],[2.3622807,48.8536056],[2.3622562,48.8536155],[2.3621816,48.8536457],[2.3621487,48.8536142],[2.3620976,48.8536325],[2.3621282,48.8536671],[2.3620066,48.8537159],[2.3619803,48.8536857],[2.3619589,48.8536611]]]},"properties":{"building":"apartments","building:levels":"6","id":"way/56203240"}},{"type":"Feature","id":"way/56203241","geometry":{"type":"Polygon","coordinates":[[[2.3632803,48.8539308],[2.3632455,48.8539441],[2.3632526,48.8539523],[2.3632021,48.853973],[2.3632192,48.853995],[2.3631739,48.8540115],[2.3630987,48.8539353],[2.3631536,48.8539218],[2.3632057,48.8539091],[2.3632722,48.8539215],[2.3632803,48.8539308]]]},"properties":{"building":"yes","name":"Hôtel de Neuve","id":"way/56203241"}},{"type":"Feature","id":"way/56203242","geometry":{"type":"Polygon","coordinates":[[[2.3630987,48.8539353],[2.3631739,48.8540115],[2.3632385,48.8540767],[2.3630594,48.8541558],[2.3630454,48.8541438],[2.3629176,48.8541984],[2.3629078,48.8541915],[2.3628773,48.8542039],[2.3627409,48.8542606],[2.362671,48.8542911],[2.3626217,48.8543115],[2.3625701,48.8542603],[2.3625246,48.8542152],[2.3625,48.8541908],[2.3624558,48.8541469],[2.3626605,48.8540795],[2.3628468,48.8540182],[2.3629993,48.853968],[2.3630987,48.8539353]]]},"properties":{"building":"apartments","id":"way/56203242"}},{"type":"Feature","id":"way/56203243","geometry":{"type":"Polygon","coordinates":[[[2.364378,48.8539289],[2.3641338,48.8537378],[2.3641964,48.8537131],[2.3642599,48.8537654],[2.3642984,48.8537899],[2.3643349,48.8538172],[2.3644505,48.8539013],[2.3644105,48.8539165],[2.364378,48.8539289]]]},"properties":{"building":"apartments","building:levels":"6","id":"way/56203243"}},{"type":"Feature","id":"way/56203244","geometry":{"type":"Polygon","coordinates":[[[2.3626217,48.8543115],[2.362671,48.8542911],[2.3626952,48.8543188],[2.3626991,48.8543172],[2.3627048,48.8543186],[2.3627123,48.8543263],[2.3627131,48.8543311],[2.3627102,48.8543351],[2.3627042,48.8543373],[2.3627265,48.8543626],[2.3628051,48.8543325],[2.3627409,48.8542606],[2.3628773,48.8542039],[2.3629089,48.8542388],[2.3629451,48.854224],[2.3629578,48.854233],[2.3630132,48.8542846],[2.3629904,48.8542933],[2.3629747,48.8543],[2.3629203,48.8543187],[2.3628746,48.8543354],[2.3627818,48.8543707],[2.3627123,48.8544013],[2.3626021,48.8544407],[2.3625559,48.8543928],[2.3625639,48.8543886],[2.3625322,48.8543502],[2.3626217,48.8543115]]]},"properties":{"building":"apartments","id":"way/56203244"}},{"type":"Feature","id":"way/56203247","geometry":{"type":"Polygon","coordinates":[[[2.3640307,48.854056],[2.3639631,48.8540017],[2.363954,48.8540054],[2.3639217,48.8539781],[2.3639292,48.8539738],[2.3639197,48.8539654],[2.363905,48.853951],[2.3639529,48.8539163],[2.364096,48.8540304],[2.3640987,48.8540331],[2.364065,48.8540458],[2.3640337,48.8540576],[2.3640307,48.854056]]]},"properties":{"building":"apartments","building:levels":"6","id":"way/56203247"}},{"type":"Feature","id":"way/56203249","geometry":{"type":"Polygon","coordinates":[[[2.3634949,48.8542554],[2.3634051,48.8541552],[2.3634434,48.8541411],[2.3634165,48.8541058],[2.3634386,48.8540947],[2.3634503,48.854107],[2.3635691,48.8542313],[2.3634949,48.8542554]]]},"properties":{"building":"apartments","building:levels":"5","id":"way/56203249"}},{"type":"Feature","id":"way/56203251","geometry":{"type":"Polygon","coordinates":[[[2.3631382,48.8536115],[2.3630353,48.8536506],[2.3630182,48.8536303],[2.3631218,48.8535912],[2.3631382,48.8536115]]]},"properties":{"building":"yes","id":"way/56203251"}},{"type":"Feature","id":"way/56203252","geometry":{"type":"Polygon","coordinates":[[[2.3634386,48.8540947],[2.3634165,48.8541058],[2.3634434,48.8541411],[2.3634051,48.8541552],[2.3633418,48.8541782],[2.3632385,48.8540767],[2.3631739,48.8540115],[2.3632192,48.853995],[2.3632021,48.853973],[2.3632526,48.8539523],[2.3632455,48.8539441],[2.3632803,48.8539308],[2.363286,48.8539367],[2.3634386,48.8540947]]]},"properties":{"building":"apartments","id":"way/56203252"}},{"type":"Feature","id":"way/56203254","geometry":{"type":"Polygon","coordinates":[[[2.3634287,48.8542764],[2.3633418,48.8541782],[2.3634051,48.8541552],[2.3634949,48.8542554],[2.3634879,48.8542576],[2.3634287,48.8542764]]]},"properties":{"building":"yes","building:levels":"7","id":"way/56203254"}},{"type":"Feature","id":"way/56203255","geometry":{"type":"Polygon","coordinates":[[[2.3644274,48.8537297],[2.3643275,48.853776],[2.3642984,48.8537899],[2.3642599,48.8537654],[2.3641964,48.8537131],[2.3643458,48.853657],[2.3643812,48.8536886],[2.3644274,48.8537297]]]},"properties":{"building":"retail","building:levels":"2","id":"way/56203255"}},{"type":"Feature","id":"way/56203256","geometry":{"type":"Polygon","coordinates":[[[2.3619086,48.8533804],[2.3619612,48.8534321],[2.3619227,48.8534494],[2.3619303,48.8534578],[2.3619709,48.85344],[2.3620193,48.8534881],[2.3618643,48.853553],[2.3618106,48.8534933],[2.361768,48.8534459],[2.3618491,48.8534081],[2.3619086,48.8533804]]]},"properties":{"building":"yes","building:levels":"4","id":"way/56203256"}},{"type":"Feature","id":"way/56203258","geometry":{"type":"Polygon","coordinates":[[[2.3643189,48.8539512],[2.3640799,48.8537589],[2.3641338,48.8537378],[2.364378,48.8539289],[2.3643475,48.8539405],[2.3643189,48.8539512]]]},"properties":{"building":"apartments","building:levels":"6","id":"way/56203258"}},{"type":"Feature","id":"way/56203259","geometry":{"type":"Polygon","coordinates":[[[2.3629282,48.8544699],[2.3628771,48.8544044],[2.3629234,48.8543899],[2.3629302,48.8543949],[2.3629747,48.8544436],[2.3629813,48.8544509],[2.3629282,48.8544699]]]},"properties":{"building":"yes","building:levels":"6","id":"way/56203259"}},{"type":"Feature","id":"way/56203262","geometry":{"type":"Polygon","coordinates":[[[2.3630267,48.8544251],[2.3629203,48.8543187],[2.3629747,48.8543],[2.3630007,48.8543249],[2.3630186,48.8543171],[2.3629904,48.8542933],[2.3630132,48.8542846],[2.3631224,48.85439],[2.3630749,48.8544074],[2.3630267,48.8544251]]]},"properties":{"building":"apartments","building:levels":"7","id":"way/56203262"}},{"type":"Feature","id":"way/56203269","geometry":{"type":"Polygon","coordinates":[[[2.3621605,48.8532639],[2.3622087,48.8533179],[2.3622374,48.8533515],[2.362266,48.8533865],[2.3622003,48.8534129],[2.3621714,48.8533826],[2.3621416,48.8533967],[2.3621698,48.8534257],[2.3620193,48.8534881],[2.3619709,48.85344],[2.3619612,48.8534321],[2.3619086,48.8533804],[2.3620266,48.8533258],[2.3620605,48.8533101],[2.3621605,48.8532639]]]},"properties":{"building":"yes","building:levels":"4","id":"way/56203269"}},{"type":"Feature","id":"way/56203270","geometry":{"type":"Polygon","coordinates":[[[2.3635408,48.8538202],[2.3635923,48.8538688],[2.3636402,48.8539188],[2.3636774,48.8539498],[2.3635766,48.8539935],[2.3635238,48.8539398],[2.3634885,48.8539038],[2.3634724,48.8538874],[2.3634877,48.8538422],[2.3635033,48.8538358],[2.3635408,48.8538202]]]},"properties":{"addr:housenumber":"2","addr:street":"Rue de l’Hôtel Saint-Paul","building":"apartments","building:levels":"8","id":"way/56203270"}},{"type":"Feature","id":"way/56203272","geometry":{"type":"Polygon","coordinates":[[[2.3626913,48.8539352],[2.3626325,48.8538703],[2.3633219,48.8536538],[2.3633022,48.8536348],[2.3632933,48.8536384],[2.3632123,48.8535564],[2.3633068,48.8535221],[2.3634747,48.853691],[2.3634806,48.8536963],[2.363139,48.8538004],[2.3627859,48.8539067],[2.3626913,48.8539352]]]},"properties":{"building":"school","building:levels":"4","id":"way/56203272"}},{"type":"Feature","id":"way/56203273","geometry":{"type":"Polygon","coordinates":[[[2.3629747,48.8544436],[2.3629302,48.8543949],[2.3629234,48.8543899],[2.3628746,48.8543354],[2.3629203,48.8543187],[2.3630267,48.8544251],[2.3629826,48.8544408],[2.3629747,48.8544436]]]},"properties":{"building":"apartments","building:levels":"6","id":"way/56203273"}},{"type":"Feature","id":"way/56203276","geometry":{"type":"Polygon","coordinates":[[[2.3620541,48.8537702],[2.3622439,48.8536973],[2.3624663,48.8536067],[2.3626692,48.8535061],[2.3627274,48.8534786],[2.3627698,48.853527],[2.362661,48.8535754],[2.3626638,48.8535789],[2.3625658,48.8536213],[2.3625828,48.8536406],[2.3625475,48.8536554],[2.3625279,48.8536358],[2.3624257,48.8536804],[2.3624228,48.8536772],[2.3623355,48.8537095],[2.3623318,48.8537061],[2.3622375,48.8537446],[2.3622428,48.8537507],[2.3622327,48.8537552],[2.3622761,48.8538136],[2.3623538,48.8537855],[2.3623673,48.853802],[2.3623031,48.8538248],[2.3621515,48.8538839],[2.362143,48.8538871],[2.3620971,48.8538268],[2.3620872,48.8538138],[2.3620541,48.8537702]]]},"properties":{"building":"yes","id":"way/56203276"}},{"type":"Feature","id":"way/56203277","geometry":{"type":"Polygon","coordinates":[[[2.364096,48.8540304],[2.3639529,48.8539163],[2.3639068,48.8538865],[2.3638536,48.85384],[2.3638198,48.8538045],[2.3639361,48.8537592],[2.3639737,48.8537999],[2.3639891,48.8537941],[2.3640483,48.8538427],[2.3640438,48.8538463],[2.3641044,48.8539117],[2.3640968,48.853916],[2.3641101,48.8539326],[2.3641866,48.8539977],[2.3641334,48.8540169],[2.364096,48.8540304]]]},"properties":{"building":"apartments","building:levels":"5","id":"way/56203277"}},{"type":"Feature","id":"way/56203278","geometry":{"type":"Polygon","coordinates":[[[2.362638,48.8544789],[2.3627243,48.8544483],[2.3627854,48.8545216],[2.3627066,48.85455],[2.3626591,48.8545007],[2.362638,48.8544789]]]},"properties":{"building":"apartments","building:levels":"4","id":"way/56203278"}},{"type":"Feature","id":"way/56203279","geometry":{"type":"Polygon","coordinates":[[[2.363256,48.854343],[2.3631671,48.8542514],[2.3630594,48.8541558],[2.3632385,48.8540767],[2.3633418,48.8541782],[2.3634287,48.8542764],[2.363328,48.8543152],[2.363256,48.854343]]]},"properties":{"building":"apartments","building:levels":"6","id":"way/56203279"}},{"type":"Feature","id":"way/56203280","geometry":{"type":"Polygon","coordinates":[[[2.3635766,48.8539935],[2.3636774,48.8539498],[2.3637315,48.8539937],[2.3637348,48.8539937],[2.3637856,48.8540302],[2.3637882,48.8540304],[2.363883,48.8541107],[2.3638011,48.8541403],[2.3637496,48.8541589],[2.3636991,48.8541106],[2.363616,48.8540312],[2.3635766,48.8539935]]]},"properties":{"building":"apartments","building:levels":"7","id":"way/56203280"}},{"type":"Feature","id":"way/56203281","geometry":{"type":"Polygon","coordinates":[[[2.3624436,48.8538543],[2.3623843,48.8538787],[2.3623673,48.8538762],[2.3623697,48.8538672],[2.3623765,48.8538638],[2.3623836,48.8538619],[2.3623838,48.8538587],[2.3624298,48.8538404],[2.3624451,48.853854],[2.3624436,48.8538543]]]},"properties":{"building":"yes","id":"way/56203281"}},{"type":"Feature","id":"way/56203282","geometry":{"type":"Polygon","coordinates":[[[2.3637561,48.8535676],[2.3637073,48.8535226],[2.3638455,48.8534607],[2.3638496,48.8534637],[2.3638954,48.8534426],[2.3638064,48.8533675],[2.3637645,48.8533864],[2.3637581,48.8533963],[2.3636377,48.8534552],[2.3635765,48.8534007],[2.3635849,48.8533975],[2.3635876,48.8533985],[2.3638398,48.8532817],[2.3638429,48.8532834],[2.3638987,48.8532568],[2.3639351,48.8532892],[2.3640332,48.8533764],[2.3640857,48.8534231],[2.3637561,48.8535676]]]},"properties":{"building":"apartments","id":"way/56203282"}},{"type":"Feature","id":"way/56203283","geometry":{"type":"Polygon","coordinates":[[[2.3623109,48.8540451],[2.3623272,48.8540381],[2.3623223,48.8540301],[2.3624028,48.8540055],[2.3624497,48.8539911],[2.3624705,48.8540162],[2.3623597,48.85405],[2.3623303,48.854059],[2.36232,48.8540516],[2.3623109,48.8540451]]]},"properties":{"building":"yes","building:levels":"1","id":"way/56203283"}},{"type":"Feature","id":"way/56203284","geometry":{"type":"Polygon","coordinates":[[[2.3620066,48.8537159],[2.3621282,48.8536671],[2.3621816,48.8536457],[2.3622562,48.8536155],[2.3622897,48.8536511],[2.3623893,48.8536094],[2.3623579,48.8535752],[2.362415,48.8535518],[2.3624301,48.8535666],[2.3624663,48.8536067],[2.3622439,48.8536973],[2.3620541,48.8537702],[2.3620301,48.8537428],[2.3620066,48.8537159]]]},"properties":{"building":"yes","id":"way/56203284"}},{"type":"Feature","id":"way/56203287","geometry":{"type":"Polygon","coordinates":[[[2.3626021,48.8544407],[2.3627123,48.8544013],[2.3627818,48.8543707],[2.3628746,48.8543354],[2.3629234,48.8543899],[2.3628771,48.8544044],[2.3629282,48.8544699],[2.3629212,48.8544724],[2.3628642,48.8544928],[2.3628082,48.854431],[2.362799,48.8544228],[2.3627243,48.8544483],[2.362638,48.8544789],[2.3626206,48.8544604],[2.3626021,48.8544407]]]},"properties":{"building":"apartments","building:levels":"6","id":"way/56203287"}},{"type":"Feature","id":"way/56206054","geometry":{"type":"Polygon","coordinates":[[[2.3642453,48.8527894],[2.364052,48.8529011],[2.3640121,48.8528669],[2.3641917,48.8527656],[2.3641499,48.8527354],[2.364097,48.8527648],[2.3640909,48.8527607],[2.3640403,48.8527871],[2.3640746,48.852816],[2.3640018,48.8528581],[2.36395,48.8528136],[2.3641232,48.8527187],[2.3641759,48.8526857],[2.3641937,48.8526977],[2.3642904,48.8527627],[2.3642453,48.8527894]]]},"properties":{"building":"yes","id":"way/56206054"}},{"type":"Feature","id":"way/56206055","geometry":{"type":"Polygon","coordinates":[[[2.3653364,48.8536408],[2.3652615,48.8535569],[2.3652864,48.8535458],[2.3652418,48.8535038],[2.3652224,48.853512],[2.3652148,48.8535038],[2.3651842,48.8534647],[2.3652245,48.8534513],[2.3653202,48.8535384],[2.3654054,48.853622],[2.3653678,48.8536323],[2.3653364,48.8536408]]]},"properties":{"building":"apartments","building:levels":"7","id":"way/56206055"}},{"type":"Feature","id":"way/56206061","geometry":{"type":"Polygon","coordinates":[[[2.3654054,48.853622],[2.3653202,48.8535384],[2.3652245,48.8534513],[2.3652825,48.8534338],[2.3653049,48.8534517],[2.3653319,48.8534733],[2.3654536,48.8535704],[2.3654573,48.8535685],[2.3654886,48.8535966],[2.3654867,48.8536],[2.3654378,48.8536133],[2.3654054,48.853622]]]},"properties":{"building":"apartments","building:levels":"6","id":"way/56206061"}},{"type":"Feature","id":"way/56206062","geometry":{"type":"Polygon","coordinates":[[[2.3667136,48.8531264],[2.3666031,48.8531624],[2.3666612,48.8532992],[2.366616,48.853308],[2.3665115,48.8533263],[2.3664896,48.8532791],[2.3664649,48.8532259],[2.366394,48.8530729],[2.3663652,48.8530105],[2.3664716,48.8529892],[2.3665384,48.8529757],[2.3666026,48.8529629],[2.3666268,48.8529973],[2.3667136,48.8531264]]]},"properties":{"building":"yes","name":"Paris Bastille","id":"way/56206062"}},{"type":"Feature","id":"way/56206063","geometry":{"type":"Polygon","coordinates":[[[2.3650595,48.8537161],[2.3649078,48.8535968],[2.3649037,48.853599],[2.3648426,48.8535469],[2.3647911,48.8534996],[2.3649407,48.8534477],[2.3650228,48.8535193],[2.3650738,48.8534989],[2.3651191,48.8535636],[2.3651466,48.8535974],[2.36521,48.853675],[2.3651196,48.8536997],[2.3650595,48.8537161]]]},"properties":{"building":"apartments","id":"way/56206063"}},{"type":"Feature","id":"way/56206064","geometry":{"type":"Polygon","coordinates":[[[2.3645668,48.853731],[2.3646099,48.8537112],[2.3646179,48.8537169],[2.3646257,48.8537345],[2.3646573,48.8537631],[2.3647186,48.8538095],[2.3646895,48.8538172],[2.364668,48.8538228],[2.3646551,48.8538111],[2.3645892,48.8537513],[2.3645668,48.853731]]]},"properties":{"building":"apartments","building:levels":"5","id":"way/56206064"}},{"type":"Feature","id":"way/56206067","geometry":{"type":"Polygon","coordinates":[[[2.3662029,48.8531469],[2.3661646,48.8531576],[2.3660979,48.853183],[2.3660185,48.8532091],[2.3660515,48.8532672],[2.3659941,48.8532807],[2.365989,48.8532795],[2.3659366,48.8531942],[2.3661421,48.8531251],[2.3661194,48.8530965],[2.3658654,48.8531903],[2.365962,48.8533535],[2.3659938,48.8533472],[2.3659843,48.8533276],[2.3659869,48.8533209],[2.3660289,48.8533111],[2.3660377,48.8533136],[2.3660483,48.8533345],[2.3660842,48.8533272],[2.3660857,48.8533304],[2.3660892,48.8533293],[2.3661256,48.8534021],[2.3661403,48.853399],[2.3661546,48.8534241],[2.3661766,48.8534317],[2.3661918,48.8534626],[2.3660823,48.8534849],[2.3659876,48.8535042],[2.3657416,48.85318],[2.366225,48.853018],[2.3662491,48.8530696],[2.3662738,48.8531225],[2.3662029,48.8531469]]]},"properties":{"building":"apartments","id":"way/56206067"}},{"type":"Feature","id":"way/56206072","geometry":{"type":"Polygon","coordinates":[[[2.3647348,48.8538052],[2.3647451,48.8538024],[2.3647839,48.8537921],[2.3647852,48.8537917],[2.364796,48.8538098],[2.3647478,48.8538229],[2.3647348,48.8538052]]]},"properties":{"building":"yes","id":"way/56206072"}},{"type":"Feature","id":"way/56206080","geometry":{"type":"Polygon","coordinates":[[[2.3640647,48.8532535],[2.3642319,48.8531716],[2.3643023,48.8532328],[2.3641223,48.8533229],[2.3640898,48.853292],[2.3640548,48.8532588],[2.3640647,48.8532535]]]},"properties":{"building":"apartments","id":"way/56206080"}},{"type":"Feature","id":"way/56206082","geometry":{"type":"Polygon","coordinates":[[[2.3649251,48.8537532],[2.3648511,48.8536899],[2.3647826,48.8537113],[2.3647428,48.8536814],[2.3648379,48.8536518],[2.3648414,48.8536508],[2.3648434,48.8536531],[2.3648457,48.8536648],[2.3648957,48.8536508],[2.3648076,48.8535615],[2.3647549,48.8535828],[2.364697,48.8535328],[2.3647872,48.8535009],[2.3647911,48.8534996],[2.3648426,48.8535469],[2.3649037,48.853599],[2.3649078,48.8535968],[2.3650595,48.8537161],[2.3650171,48.8537279],[2.3649666,48.8537418],[2.3649251,48.8537532]]]},"properties":{"building":"apartments","id":"way/56206082"}},{"type":"Feature","id":"way/56206084","geometry":{"type":"Polygon","coordinates":[[[2.3647186,48.8538095],[2.3646573,48.8537631],[2.3646257,48.8537345],[2.3646179,48.8537169],[2.3646813,48.8536992],[2.364702,48.853722],[2.3647839,48.8537921],[2.3647451,48.8538024],[2.3647348,48.8538052],[2.3647186,48.8538095]]]},"properties":{"building":"apartments","building:levels":"7","id":"way/56206084"}},{"type":"Feature","id":"way/56206088","geometry":{"type":"Polygon","coordinates":[[[2.3652825,48.8534338],[2.3652245,48.8534513],[2.3651842,48.8534647],[2.3651306,48.8534811],[2.3650738,48.8534989],[2.3650228,48.8535193],[2.3649407,48.8534477],[2.3651839,48.8533603],[2.3652246,48.8533907],[2.3652825,48.8534338]]]},"properties":{"building":"yes","id":"way/56206088"}},{"type":"Feature","id":"way/56206092","geometry":{"type":"Polygon","coordinates":[[[2.364454,48.8529326],[2.3643985,48.8529599],[2.3641376,48.8530844],[2.3641073,48.8530574],[2.3640084,48.8529689],[2.3639756,48.8529371],[2.364052,48.8529011],[2.3642453,48.8527894],[2.3643376,48.8528528],[2.364454,48.8529326]]]},"properties":{"building":"apartments","id":"way/56206092"}},{"type":"Feature","id":"way/56206095","geometry":{"type":"Polygon","coordinates":[[[2.3647993,48.8536197],[2.3647701,48.8535954],[2.3647863,48.853593],[2.3648097,48.8536143],[2.3647993,48.8536197]]]},"properties":{"building":"yes","id":"way/56206095"}},{"type":"Feature","id":"way/56206097","geometry":{"type":"Polygon","coordinates":[[[2.3661681,48.8528936],[2.3660799,48.8529229],[2.3660711,48.852912],[2.366052,48.8528749],[2.3659177,48.8528992],[2.3657526,48.852956],[2.3657121,48.8529032],[2.36611,48.8527675],[2.366139,48.8528305],[2.3661681,48.8528936]]]},"properties":{"building":"apartments","id":"way/56206097"}},{"type":"Feature","id":"way/56206098","geometry":{"type":"Polygon","coordinates":[[[2.3652714,48.8536584],[2.3652021,48.8535773],[2.3651306,48.8534811],[2.3651842,48.8534647],[2.3652148,48.8535038],[2.3651974,48.8535084],[2.3651962,48.853518],[2.365223,48.8535534],[2.3652422,48.8535606],[2.3652584,48.8535534],[2.3652615,48.8535569],[2.3653364,48.8536408],[2.3652963,48.8536516],[2.3652714,48.8536584]]]},"properties":{"building":"apartments","building:levels":"6","id":"way/56206098"}},{"type":"Feature","id":"way/56206099","geometry":{"type":"Polygon","coordinates":[[[2.3644713,48.8536135],[2.3644931,48.8536056],[2.3646099,48.8537112],[2.3645668,48.853731],[2.3644983,48.8536684],[2.3644486,48.8536229],[2.3644713,48.8536135]]]},"properties":{"building":"apartments","building:levels":"5","id":"way/56206099"}},{"type":"Feature","id":"way/56206105","geometry":{"type":"Polygon","coordinates":[[[2.3659648,48.8529632],[2.3659509,48.8529704],[2.3659329,48.8529508],[2.3659233,48.8529532],[2.3659135,48.8529427],[2.3659416,48.8529338],[2.3659648,48.8529632]]]},"properties":{"building":"yes","id":"way/56206105"}},{"type":"Feature","id":"way/56206107","geometry":{"type":"Polygon","coordinates":[[[2.3648577,48.8537719],[2.3647826,48.8537113],[2.3648511,48.8536899],[2.3649251,48.8537532],[2.3648867,48.8537639],[2.3648577,48.8537719]]]},"properties":{"building":"apartments","building:levels":"6","id":"way/56206107"}},{"type":"Feature","id":"way/56206108","geometry":{"type":"Polygon","coordinates":[[[2.3637931,48.8530099],[2.3638758,48.8529716],[2.3638839,48.8529775],[2.3639511,48.8529461],[2.3639534,48.8529478],[2.3639756,48.8529371],[2.3640084,48.8529689],[2.3639362,48.8530031],[2.3640335,48.8530914],[2.3641073,48.8530574],[2.3641376,48.8530844],[2.364135,48.8530857],[2.3640725,48.8531164],[2.3639589,48.8531724],[2.3638761,48.8530969],[2.3638299,48.8530547],[2.3638391,48.8530505],[2.3637931,48.8530099]]]},"properties":{"building":"apartments","building:levels":"5","id":"way/56206108"}},{"type":"Feature","id":"way/56206111","geometry":{"type":"Polygon","coordinates":[[[2.36521,48.853675],[2.3651466,48.8535974],[2.3651781,48.8535859],[2.365151,48.8535522],[2.3651191,48.8535636],[2.3650738,48.8534989],[2.3651306,48.8534811],[2.3652021,48.8535773],[2.3652714,48.8536584],[2.3652377,48.8536675],[2.36521,48.853675]]]},"properties":{"building":"apartments","id":"way/56206111"}},{"type":"Feature","id":"way/56206112","geometry":{"type":"Polygon","coordinates":[[[2.3663053,48.8531887],[2.3663349,48.8532583],[2.3663322,48.8532595],[2.3663848,48.8533709],[2.3663872,48.8533717],[2.3664093,48.853418],[2.3663972,48.8534212],[2.366381,48.8534254],[2.3663554,48.8534321],[2.366345,48.8534348],[2.3662861,48.8534469],[2.3661918,48.8534626],[2.3661766,48.8534317],[2.3661546,48.8534241],[2.3661403,48.853399],[2.3661256,48.8534021],[2.3660892,48.8533293],[2.3660857,48.8533304],[2.3660842,48.8533272],[2.3660638,48.8532855],[2.3661217,48.8532656],[2.3661305,48.8532425],[2.3661252,48.8532418],[2.3660979,48.853183],[2.3661646,48.8531576],[2.3662029,48.8531469],[2.3662284,48.8532038],[2.3663053,48.8531887]]]},"properties":{"building":"yes","name":"Temple du Marais","id":"way/56206112"}},{"type":"Feature","id":"way/56207616","geometry":{"type":"Polygon","coordinates":[[[2.3674018,48.8529531],[2.3672475,48.8529816],[2.3672352,48.852951],[2.3672122,48.8529553],[2.3671998,48.8529528],[2.3671967,48.8529465],[2.3671622,48.8529521],[2.3671775,48.8529928],[2.3670982,48.8530064],[2.3670897,48.8529861],[2.3670568,48.8529018],[2.3670762,48.8528971],[2.3671385,48.8528863],[2.3671522,48.8528844],[2.3671582,48.8529005],[2.3671897,48.8528954],[2.3671833,48.8528792],[2.3672063,48.8528752],[2.3673601,48.8528471],[2.3673845,48.8529092],[2.3674018,48.8529531]]]},"properties":{"building":"apartments","building:levels":"7","id":"way/56207616"}},{"type":"Feature","id":"way/56207627","geometry":{"type":"Polygon","coordinates":[[[2.3669769,48.8531732],[2.3669061,48.8531878],[2.3668664,48.8530825],[2.3667936,48.8531019],[2.3667136,48.8531264],[2.3666268,48.8529973],[2.366864,48.8529558],[2.3668603,48.852946],[2.366877,48.852943],[2.3668834,48.8529434],[2.366891,48.8529502],[2.3669038,48.8529834],[2.3669496,48.8531022],[2.3669769,48.8531732]]]},"properties":{"building":"apartments","id":"way/56207627"}},{"type":"Feature","id":"way/56207630","geometry":{"type":"Polygon","coordinates":[[[2.3668603,48.852946],[2.366864,48.8529558],[2.3666268,48.8529973],[2.3666026,48.8529629],[2.3665929,48.8529488],[2.3666768,48.8529343],[2.3666399,48.8528415],[2.3665369,48.8528696],[2.3665115,48.8528324],[2.366505,48.85282],[2.3665734,48.8528007],[2.3666344,48.8527825],[2.3666385,48.8527817],[2.3666461,48.8527914],[2.366732,48.8527673],[2.3667883,48.8527652],[2.3668237,48.852854],[2.3668603,48.852946]]]},"properties":{"building":"apartments","building:levels":"7","id":"way/56207630"}},{"type":"Feature","id":"way/56207633","geometry":{"type":"Polygon","coordinates":[[[2.3666471,48.8533928],[2.366616,48.853308],[2.3666612,48.8532992],[2.3666031,48.8531624],[2.3667136,48.8531264],[2.3667936,48.8531019],[2.3668664,48.8530825],[2.3669061,48.8531878],[2.3669283,48.8532484],[2.3669243,48.8532496],[2.3669503,48.8533503],[2.3667822,48.8533739],[2.3666471,48.8533928]]]},"properties":{"building":"apartments","id":"way/56207633"}},{"type":"Feature","id":"way/56207637","geometry":{"type":"Polygon","coordinates":[[[2.3663206,48.8529135],[2.3665369,48.8528696],[2.3665929,48.8529488],[2.3666026,48.8529629],[2.3665384,48.8529757],[2.3665082,48.8529128],[2.3664414,48.8529256],[2.3664716,48.8529892],[2.3663652,48.8530105],[2.3663404,48.8529565],[2.3663206,48.8529135]]]},"properties":{"building":"apartments","building:levels":"7","id":"way/56207637"}},{"type":"Feature","id":"way/56207640","geometry":{"type":"Polygon","coordinates":[[[2.3665115,48.8533263],[2.366616,48.853308],[2.3666471,48.8533928],[2.3665925,48.8534008],[2.3665487,48.8534072],[2.3665211,48.8533472],[2.3665115,48.8533263]]]},"properties":{"building":"apartments","building:levels":"3","id":"way/56207640"}},{"type":"Feature","id":"way/56207642","geometry":{"type":"Polygon","coordinates":[[[2.3673258,48.8533],[2.3673067,48.853247],[2.3671994,48.8532656],[2.3671782,48.8532116],[2.3671756,48.8532033],[2.3671959,48.8532004],[2.3672044,48.853225],[2.3672936,48.8532096],[2.3672924,48.8532048],[2.3673296,48.8531983],[2.3673224,48.8531773],[2.3674785,48.8531489],[2.3674893,48.8531764],[2.3674945,48.8531897],[2.3675195,48.8532532],[2.3674988,48.8532757],[2.3674222,48.8532865],[2.3673258,48.8533]]]},"properties":{"building":"apartments","building:levels":"8","roof:shape":"gambrel","id":"way/56207642"}},{"type":"Feature","id":"way/56207646","geometry":{"type":"Polygon","coordinates":[[[2.3670842,48.8532279],[2.3671782,48.8532116],[2.3671994,48.8532656],[2.3672156,48.8533142],[2.3671588,48.8533216],[2.3671224,48.8533264],[2.3671092,48.8532925],[2.367096,48.8532585],[2.3670842,48.8532279]]]},"properties":{"building":"apartments","building:levels":"5","id":"way/56207646"}},{"type":"Feature","id":"way/56207649","geometry":{"type":"Polygon","coordinates":[[[2.3662706,48.8528051],[2.3664661,48.8527657],[2.3664757,48.852781],[2.3664532,48.8527857],[2.3664611,48.8528073],[2.366433,48.8528132],[2.3664429,48.852831],[2.366451,48.8528289],[2.3664618,48.8528284],[2.3664705,48.8528303],[2.3664783,48.852837],[2.3665115,48.8528324],[2.3665369,48.8528696],[2.3663206,48.8529135],[2.3662954,48.8528589],[2.3662706,48.8528051]]]},"properties":{"building":"apartments","building:levels":"7","id":"way/56207649"}},{"type":"Feature","id":"way/56207650","geometry":{"type":"Polygon","coordinates":[[[2.3670568,48.8529018],[2.3670489,48.8528819],[2.3670824,48.8528884],[2.3670762,48.8528971],[2.3670568,48.8529018]]]},"properties":{"building":"yes","id":"way/56207650"}},{"type":"Feature","id":"way/56207653","geometry":{"type":"Polygon","coordinates":[[[2.36693,48.8527628],[2.3669963,48.8527504],[2.3670159,48.8527993],[2.3670305,48.8528363],[2.3670416,48.8528636],[2.3670489,48.8528819],[2.3670568,48.8529018],[2.3670897,48.8529861],[2.3670214,48.852997],[2.3669969,48.8529343],[2.3669621,48.8528452],[2.36693,48.8527628]]]},"properties":{"building":"apartments","building:levels":"7","id":"way/56207653"}},{"type":"Feature","id":"way/56207655","geometry":{"type":"Polygon","coordinates":[[[2.3669503,48.8533503],[2.3669243,48.8532496],[2.3669283,48.8532484],[2.3669061,48.8531878],[2.3669769,48.8531732],[2.3670007,48.8532343],[2.3670052,48.8532346],[2.3670184,48.853266],[2.3670479,48.8533361],[2.3669928,48.8533441],[2.3669503,48.8533503]]]},"properties":{"building":"apartments","id":"way/56207655"}},{"type":"Feature","id":"way/56207656","geometry":{"type":"Polygon","coordinates":[[[2.3670214,48.852997],[2.3670897,48.8529861],[2.3670982,48.8530064],[2.3671376,48.8531056],[2.3671756,48.8532033],[2.3671782,48.8532116],[2.3670842,48.8532279],[2.3670374,48.8531059],[2.3669976,48.8530019],[2.3670214,48.852997]]]},"properties":{"building":"apartments","id":"way/56207656"}},{"type":"Feature","id":"way/56207659","geometry":{"type":"Polygon","coordinates":[[[2.3672156,48.8533142],[2.3671994,48.8532656],[2.3673067,48.853247],[2.3673258,48.8533],[2.3672992,48.8533034],[2.3672156,48.8533142]]]},"properties":{"building":"apartments","building:levels":"4","id":"way/56207659"}},{"type":"Feature","id":"way/56208553","geometry":{"type":"Polygon","coordinates":[[[2.367763,48.8528987],[2.3677173,48.8529694],[2.3676919,48.8529584],[2.3676913,48.8529617],[2.367685,48.8529655],[2.3676775,48.8529656],[2.367676,48.8529773],[2.3676841,48.8529882],[2.3675918,48.8530049],[2.3675624,48.8529327],[2.3675395,48.8528764],[2.3675916,48.8528463],[2.3677088,48.8528831],[2.367763,48.8528987]]]},"properties":{"building":"apartments","building:levels":"7","id":"way/56208553"}},{"type":"Feature","id":"way/56208560","geometry":{"type":"Polygon","coordinates":[[[2.3680584,48.8530374],[2.3678276,48.8530917],[2.3678077,48.8530732],[2.3678307,48.8530415],[2.3678599,48.8530498],[2.3678714,48.8530328],[2.3678572,48.8530286],[2.3678524,48.8530343],[2.3678379,48.8530301],[2.3678987,48.85294],[2.3679141,48.8529447],[2.3680309,48.852981],[2.3680448,48.8530093],[2.3680584,48.8530374]]]},"properties":{"building":"apartments","building:levels":"7","id":"way/56208560"}},{"type":"Feature","id":"way/56208566","geometry":{"type":"Polygon","coordinates":[[[2.3678987,48.85294],[2.3678371,48.8529213],[2.3678535,48.8528985],[2.3679137,48.8529172],[2.3678987,48.85294]]]},"properties":{"building":"yes","id":"way/56208566"}},{"type":"Feature","id":"way/56208570","geometry":{"type":"Polygon","coordinates":[[[2.3678987,48.85294],[2.3678379,48.8530301],[2.3678307,48.8530415],[2.3678077,48.8530732],[2.3677465,48.853019],[2.3677597,48.8529999],[2.3677435,48.852994],[2.3677284,48.8529801],[2.3677144,48.8529893],[2.3677084,48.8529832],[2.3677173,48.8529694],[2.367763,48.8528987],[2.3678224,48.8529168],[2.3678371,48.8529213],[2.3678987,48.85294]]]},"properties":{"building":"yes","building:levels":"7","id":"way/56208570"}},{"type":"Feature","id":"way/56208574","geometry":{"type":"Polygon","coordinates":[[[2.3675918,48.8530049],[2.3676841,48.8529882],[2.3677016,48.8529864],[2.3677084,48.8529832],[2.3677144,48.8529893],[2.3677465,48.853019],[2.3678077,48.8530732],[2.3678276,48.8530917],[2.3678283,48.8530956],[2.3676404,48.8531272],[2.367614,48.8530608],[2.3675918,48.8530049]]]},"properties":{"building":"apartments","building:levels":"7","id":"way/56208574"}},{"type":"Feature","id":"way/57781646","geometry":{"type":"Polygon","coordinates":[[[2.3618752,48.858131],[2.3619374,48.8581065],[2.3621316,48.8580295],[2.3622249,48.8579925],[2.3622302,48.8579908],[2.3622684,48.8580429],[2.3621715,48.8580802],[2.3620773,48.8581165],[2.3621639,48.8582191],[2.3621652,48.8582185],[2.3621797,48.8582353],[2.362236,48.8582141],[2.3623589,48.8581677],[2.3624002,48.8582243],[2.3622782,48.8582697],[2.3621179,48.8583293],[2.3620659,48.8583487],[2.3620391,48.8583168],[2.3621021,48.8582914],[2.3619674,48.8581355],[2.3619002,48.8581612],[2.3618752,48.858131]]]},"properties":{"building":"yes","building:levels":"3","name":"Hôtel de Marle","id":"way/57781646"}},{"type":"Feature","id":"way/57781650","geometry":{"type":"Polygon","coordinates":[[[2.361732,48.8574474],[2.3617554,48.8574783],[2.3617291,48.8574872],[2.3617063,48.8574564],[2.361732,48.8574474]]]},"properties":{"building":"yes","id":"way/57781650"}},{"type":"Feature","id":"way/57781651","geometry":{"type":"Polygon","coordinates":[[[2.3621298,48.8578577],[2.3618745,48.8579569],[2.3618072,48.8578859],[2.3618526,48.8578677],[2.3618732,48.8578595],[2.3619274,48.8579215],[2.3619758,48.8579028],[2.3619326,48.8578529],[2.3619032,48.8578635],[2.3618934,48.8578522],[2.3620735,48.857779],[2.3621012,48.8578177],[2.3621298,48.8578577]]]},"properties":{"building":"yes","id":"way/57781651"}},{"type":"Feature","id":"way/57781657","geometry":{"type":"Polygon","coordinates":[[[2.3616573,48.8573316],[2.3617014,48.8574019],[2.361699,48.857404],[2.361537,48.8574679],[2.3615497,48.8574804],[2.3615297,48.8574876],[2.3615184,48.8574752],[2.3614991,48.8574828],[2.361359,48.8575384],[2.3613123,48.8574768],[2.3614851,48.8574041],[2.3615712,48.8573679],[2.3616573,48.8573316]]]},"properties":{"building":"yes","building:levels":"6","id":"way/57781657"}},{"type":"Feature","id":"way/57781663","geometry":{"type":"Polygon","coordinates":[[[2.3620735,48.857779],[2.3618934,48.8578522],[2.3618732,48.8578595],[2.3618526,48.8578677],[2.3618028,48.857812],[2.3618652,48.8577866],[2.3620357,48.8577213],[2.362042,48.8577309],[2.3620672,48.8577694],[2.3620735,48.857779]]]},"properties":{"building":"yes","id":"way/57781663"}},{"type":"Feature","id":"way/57781665","geometry":{"type":"Polygon","coordinates":[[[2.3620357,48.8577213],[2.3618652,48.8577866],[2.3618385,48.8577505],[2.3619251,48.8577189],[2.361829,48.8575788],[2.3618307,48.8575769],[2.3619096,48.8575465],[2.3619748,48.8576369],[2.3620357,48.8577213]]]},"properties":{"building":"yes","id":"way/57781665"}},{"type":"Feature","id":"way/57781669","geometry":{"type":"Polygon","coordinates":[[[2.3617326,48.8573007],[2.3618212,48.8574237],[2.3619096,48.8575465],[2.3618307,48.8575769],[2.3617685,48.8574955],[2.3617554,48.8574783],[2.361732,48.8574474],[2.361699,48.857404],[2.3617014,48.8574019],[2.3616573,48.8573316],[2.3617326,48.8573007]]]},"properties":{"building":"apartments","building:levels":"5","id":"way/57781669"}},{"type":"Feature","id":"way/57781670","geometry":{"type":"Polygon","coordinates":[[[2.3618385,48.8577505],[2.3618652,48.8577866],[2.3618028,48.857812],[2.3618526,48.8578677],[2.3618072,48.8578859],[2.3617881,48.8578939],[2.3617628,48.8578666],[2.3618063,48.8578484],[2.3617806,48.8578202],[2.3617574,48.8578285],[2.3617198,48.8577836],[2.3617655,48.8577677],[2.3617728,48.8577763],[2.3618385,48.8577505]]]},"properties":{"building":"yes","id":"way/57781670"}},{"type":"Feature","id":"way/57832949","geometry":{"type":"Polygon","coordinates":[[[2.3621773,48.8572806],[2.3621209,48.8572995],[2.3621078,48.8572982],[2.3620961,48.8572949],[2.3620747,48.8572681],[2.3621709,48.8572377],[2.3621881,48.8572653],[2.3621875,48.8572735],[2.3621773,48.8572806]]]},"properties":{"landuse":"grass","id":"way/57832949"}},{"type":"Feature","id":"way/57832952","geometry":{"type":"Polygon","coordinates":[[[2.3625038,48.8581105],[2.3625725,48.8580887],[2.3626422,48.8581831],[2.3627753,48.8581413],[2.3628004,48.8581756],[2.3626664,48.8582186],[2.3626772,48.8582327],[2.3628112,48.8581898],[2.3628461,48.8582375],[2.3626706,48.8582991],[2.362654,48.8582902],[2.3626318,48.8582914],[2.3625038,48.8581105]]]},"properties":{"leisure":"park","id":"way/57832952"}},{"type":"Feature","id":"way/57832953","geometry":{"type":"Polygon","coordinates":[[[2.3632658,48.8576343],[2.3628843,48.8577708],[2.3623554,48.8579576],[2.3623134,48.8579008],[2.3625795,48.8578077],[2.3625815,48.8578099],[2.3629714,48.8576727],[2.3628882,48.8575511],[2.362217,48.8577675],[2.3621756,48.857708],[2.36311,48.8574048],[2.3631694,48.8574923],[2.3631797,48.8575075],[2.3632658,48.8576343]]]},"properties":{"building":"yes","id":"way/57832953"}},{"type":"Feature","id":"way/57832955","geometry":{"type":"Polygon","coordinates":[[[2.3626638,48.8579503],[2.3626869,48.8579461],[2.3627099,48.857946],[2.3627324,48.8579478],[2.3627562,48.8579542],[2.3627814,48.8579653],[2.3628056,48.857983],[2.3627766,48.8579911],[2.3627587,48.8579773],[2.3627423,48.8579705],[2.3627234,48.8579662],[2.3626993,48.8579648],[2.3626765,48.8579668],[2.3626638,48.8579503]]]},"properties":{"leisure":"park","id":"way/57832955"}},{"type":"Feature","id":"way/57832956","geometry":{"type":"Polygon","coordinates":[[[2.3635778,48.85818],[2.3635574,48.8581649],[2.3635284,48.8581551],[2.363498,48.8581496],[2.3634611,48.8581508],[2.3627801,48.8583984],[2.362762,48.8584008],[2.362741,48.8583987],[2.3627251,48.858404],[2.3627159,48.8584142],[2.3627171,48.8584241],[2.3627332,48.8584378],[2.3627699,48.8584575],[2.3627775,48.8584675],[2.3627836,48.8584887],[2.3627942,48.8585049],[2.3628327,48.8585425],[2.3628535,48.8585587],[2.3628679,48.8585727],[2.3628704,48.858586],[2.3628624,48.8586049],[2.3628554,48.8586332],[2.3628414,48.8586301],[2.3626944,48.8584251],[2.3626591,48.858413],[2.3635724,48.8580793],[2.3636966,48.8582623],[2.3636952,48.8582659],[2.3636349,48.8582589],[2.3635778,48.85818]]]},"properties":{"leisure":"park","id":"way/57832956"}},{"type":"Feature","id":"way/57832957","geometry":{"type":"Polygon","coordinates":[[[2.3627547,48.8580734],[2.3627694,48.8580634],[2.3627822,48.8580517],[2.3627903,48.8580396],[2.362793,48.8580235],[2.3627893,48.8580081],[2.3628152,48.858],[2.3628206,48.858014],[2.3628217,48.8580321],[2.3628149,48.85805],[2.3628034,48.8580661],[2.3627901,48.8580773],[2.3627688,48.8580895],[2.3627547,48.8580734]]]},"properties":{"leisure":"park","id":"way/57832957"}},{"type":"Feature","id":"way/57832959","geometry":{"type":"Polygon","coordinates":[[[2.3626294,48.858059],[2.3626403,48.8580668],[2.3626542,48.8580743],[2.3626758,48.858081],[2.3627019,48.8580835],[2.3627299,48.8580806],[2.362744,48.8580971],[2.3627143,48.858102],[2.3626893,48.8581021],[2.3626649,48.8580987],[2.3626425,48.8580913],[2.362619,48.8580792],[2.3626038,48.8580668],[2.3626294,48.858059]]]},"properties":{"leisure":"park","id":"way/57832959"}},{"type":"Feature","id":"way/57832960","geometry":{"type":"Polygon","coordinates":[[[2.3623905,48.8574269],[2.3625114,48.8573892],[2.3625478,48.8574397],[2.362427,48.8574774],[2.3623905,48.8574269]]]},"properties":{"landuse":"grass","id":"way/57832960"}},{"type":"Feature","id":"way/57832962","geometry":{"type":"Polygon","coordinates":[[[2.3623565,48.8571765],[2.3624363,48.8572868],[2.3623154,48.857323],[2.3622894,48.8572904],[2.3622916,48.8572765],[2.362288,48.8572639],[2.3622751,48.8572526],[2.362265,48.8572485],[2.3622567,48.8572472],[2.3622353,48.8572157],[2.3623565,48.8571765]]]},"properties":{"landuse":"grass","leisure":"garden","id":"way/57832962"}},{"type":"Feature","id":"way/57832966","geometry":{"type":"Polygon","coordinates":[[[2.3623247,48.8574459],[2.3623641,48.8574992],[2.3622369,48.8575398],[2.3621976,48.8574865],[2.3623247,48.8574459]]]},"properties":{"landuse":"grass","id":"way/57832966"}},{"type":"Feature","id":"way/57832969","geometry":{"type":"Polygon","coordinates":[[[2.3628716,48.8582286],[2.3628374,48.8581818],[2.3630089,48.8581266],[2.3630217,48.8581332],[2.3630358,48.8581316],[2.3630468,48.8581281],[2.3630535,48.8581192],[2.363052,48.8581073],[2.3630422,48.8581005],[2.3630277,48.858099],[2.3630131,48.8581005],[2.363005,48.8581112],[2.3628258,48.8581678],[2.362801,48.8581338],[2.3629581,48.8580834],[2.3628928,48.8579916],[2.3629048,48.8579874],[2.3629127,48.8579798],[2.3629167,48.8579662],[2.3629117,48.8579554],[2.3628968,48.8579466],[2.3628801,48.8579442],[2.3628611,48.8579489],[2.3628055,48.8578719],[2.3624893,48.8579715],[2.3625445,48.8580499],[2.3624757,48.8580732],[2.3623973,48.8579667],[2.3628725,48.8578194],[2.3631023,48.8581414],[2.3628716,48.8582286]]]},"properties":{"leisure":"park","id":"way/57832969"}},{"type":"Feature","id":"way/57832971","geometry":{"type":"Polygon","coordinates":[[[2.362653,48.8579743],[2.3626414,48.8579811],[2.3626272,48.8579934],[2.3626167,48.8580056],[2.3626118,48.8580219],[2.3626151,48.8580415],[2.3625895,48.8580492],[2.362585,48.8580354],[2.3625835,48.8580203],[2.3625859,48.8580069],[2.3625935,48.8579919],[2.3626063,48.8579784],[2.3626218,48.8579665],[2.3626401,48.8579574],[2.362653,48.8579743]]]},"properties":{"leisure":"park","id":"way/57832971"}},{"type":"Feature","id":"way/57834257","geometry":{"type":"Polygon","coordinates":[[[2.3633904,48.8575899],[2.3638131,48.8574421],[2.3639253,48.8575775],[2.3638053,48.8576206],[2.3634854,48.8577316],[2.3634681,48.8577062],[2.3636228,48.8576504],[2.3635734,48.857587],[2.3634245,48.8576404],[2.3633904,48.8575899]]]},"properties":{"building":"yes","id":"way/57834257"}},{"type":"Feature","id":"way/57834263","geometry":{"type":"Polygon","coordinates":[[[2.3641615,48.8565438],[2.364193,48.856594],[2.364165,48.8566025],[2.3641779,48.8566238],[2.3641533,48.8566312],[2.3641707,48.8566572],[2.3641433,48.8566657],[2.3641132,48.856675],[2.3640524,48.8565761],[2.3640927,48.8565641],[2.3641615,48.8565438]]]},"properties":{"building":"yes","building:levels":"5","id":"way/57834263"}},{"type":"Feature","id":"way/57834264","geometry":{"type":"Polygon","coordinates":[[[2.3633882,48.8568049],[2.3635276,48.8570078],[2.3635204,48.8570123],[2.3634144,48.8570475],[2.3633629,48.856978],[2.3634306,48.8569588],[2.3634234,48.8569445],[2.3634114,48.8569432],[2.3633999,48.8569038],[2.3633911,48.8568904],[2.3633806,48.8568936],[2.3633835,48.8568975],[2.3633804,48.8569006],[2.3633674,48.8569048],[2.3633587,48.8569044],[2.3633553,48.8569007],[2.3633213,48.856912],[2.3633511,48.8569546],[2.3633488,48.8569553],[2.3633496,48.8569583],[2.3633466,48.8569598],[2.3632994,48.8569735],[2.3632206,48.856861],[2.3632838,48.8568398],[2.3633882,48.8568049]]]},"properties":{"building":"apartments","id":"way/57834264"}},{"type":"Feature","id":"way/57834266","geometry":{"type":"Polygon","coordinates":[[[2.3643723,48.8579638],[2.3643741,48.8580373],[2.3643753,48.8580861],[2.3643538,48.8581081],[2.36425,48.8581427],[2.3640516,48.858209],[2.3640129,48.8581607],[2.3639766,48.858114],[2.363966,48.8580985],[2.3641467,48.8580405],[2.3642023,48.8581128],[2.3642424,48.8580986],[2.3642408,48.8580946],[2.3642468,48.8580872],[2.3642558,48.8580842],[2.3642092,48.8580207],[2.3642002,48.8580042],[2.3642104,48.8580011],[2.3643723,48.8579638]]]},"properties":{"building":"apartments","building:levels":"6","roof:levels":"1","roof:shape":"gambrel","id":"way/57834266"}},{"type":"Feature","id":"way/57834267","geometry":{"type":"Polygon","coordinates":[[[2.3637776,48.8581613],[2.363966,48.8580985],[2.3639766,48.858114],[2.3639316,48.8581293],[2.3638999,48.858131],[2.3639393,48.8581824],[2.3639507,48.8581784],[2.3639522,48.8581799],[2.3640129,48.8581607],[2.3640516,48.858209],[2.363954,48.8582405],[2.3638811,48.858264],[2.3638416,48.8582547],[2.3638069,48.8582041],[2.3637776,48.8581613]]]},"properties":{"building":"apartments","building:levels":"7","id":"way/57834267"}},{"type":"Feature","id":"way/57834268","geometry":{"type":"Polygon","coordinates":[[[2.3632916,48.8574459],[2.3636298,48.8573263],[2.3636578,48.8573591],[2.3637369,48.8573325],[2.3637626,48.85737],[2.3635459,48.8574474],[2.3634623,48.8574763],[2.3633409,48.8575191],[2.363317,48.8574835],[2.3632916,48.8574459]]]},"properties":{"building":"yes","id":"way/57834268"}},{"type":"Feature","id":"way/57834269","geometry":{"type":"Polygon","coordinates":[[[2.3643158,48.8566773],[2.3641453,48.8567273],[2.3641132,48.856675],[2.3641433,48.8566657],[2.3641707,48.8566572],[2.3642998,48.8566198],[2.3643141,48.8566395],[2.3643149,48.8566572],[2.3643158,48.8566773]]]},"properties":{"building":"yes","building:levels":"6","id":"way/57834269"}},{"type":"Feature","id":"way/57834273","geometry":{"type":"Polygon","coordinates":[[[2.3633409,48.8575191],[2.3634623,48.8574763],[2.3634957,48.857521],[2.3635811,48.857493],[2.3635459,48.8574474],[2.3637626,48.85737],[2.3638131,48.8574421],[2.3633904,48.8575899],[2.3633663,48.8575555],[2.3633409,48.8575191]]]},"properties":{"building":"yes","id":"way/57834273"}},{"type":"Feature","id":"way/57834275","geometry":{"type":"Polygon","coordinates":[[[2.3641801,48.856779],[2.3641639,48.8567567],[2.3641909,48.8567489],[2.3642032,48.8567492],[2.3641942,48.8567367],[2.3641571,48.8567473],[2.3641453,48.8567273],[2.3643158,48.8566773],[2.3643175,48.8567065],[2.3643189,48.8567291],[2.3641801,48.856779]]]},"properties":{"building":"yes","building:levels":"6","id":"way/57834275"}},{"type":"Feature","id":"way/57834276","geometry":{"type":"Polygon","coordinates":[[[2.3636814,48.8580186],[2.3640959,48.8578712],[2.3641101,48.8578653],[2.3642104,48.8580011],[2.3642002,48.8580042],[2.3642092,48.8580207],[2.3641467,48.8580405],[2.363966,48.8580985],[2.3637776,48.8581613],[2.3637659,48.8581439],[2.3637542,48.8581265],[2.363825,48.8581047],[2.3637995,48.8580696],[2.3637733,48.8580337],[2.3637051,48.8580545],[2.3636932,48.8580365],[2.3636814,48.8580186]]]},"properties":{"building":"yes","id":"way/57834276"}},{"type":"Feature","id":"way/57834280","geometry":{"type":"Polygon","coordinates":[[[2.363195,48.8573052],[2.3636162,48.8571524],[2.3636484,48.8571943],[2.3637243,48.8572891],[2.3637251,48.8572926],[2.3637143,48.8572968],[2.3637369,48.8573325],[2.3636578,48.8573591],[2.3636298,48.8573263],[2.3632916,48.8574459],[2.3632668,48.8574097],[2.3632217,48.8573441],[2.363195,48.8573052]]]},"properties":{"building":"yes","id":"way/57834280"}},{"type":"Feature","id":"way/57834281","geometry":{"type":"Polygon","coordinates":[[[2.3634854,48.8577316],[2.3638053,48.8576206],[2.3638205,48.8576398],[2.3637689,48.8576587],[2.3638492,48.8577571],[2.3638986,48.8577389],[2.3639143,48.8577586],[2.3635833,48.8578746],[2.3635533,48.8578298],[2.3636994,48.8577767],[2.3636876,48.8577597],[2.3637248,48.8577462],[2.3636953,48.857708],[2.3635134,48.8577727],[2.3635,48.857753],[2.3634878,48.8577351],[2.3634854,48.8577316]]]},"properties":{"building":"yes","building:levels":"5","id":"way/57834281"}},{"type":"Feature","id":"way/57834282","geometry":{"type":"Polygon","coordinates":[[[2.3642338,48.8565224],[2.364269,48.8565743],[2.3642998,48.8566198],[2.3641707,48.8566572],[2.3641533,48.8566312],[2.3641779,48.8566238],[2.364165,48.8566025],[2.364193,48.856594],[2.3641615,48.8565438],[2.3642338,48.8565224]]]},"properties":{"building":"apartments","building:levels":"6","roof:shape":"gambrel","id":"way/57834282"}},{"type":"Feature","id":"way/57834284","geometry":{"type":"Polygon","coordinates":[[[2.3630973,48.8571617],[2.3634144,48.8570475],[2.3635204,48.8570123],[2.3636162,48.8571524],[2.363195,48.8573052],[2.363167,48.8572631],[2.3632903,48.8572199],[2.3632436,48.8571597],[2.3631257,48.8572012],[2.3630973,48.8571617]]]},"properties":{"building":"yes","id":"way/57834284"}},{"type":"Feature","id":"way/58149980","geometry":{"type":"Polygon","coordinates":[[[2.3673678,48.8579064],[2.3674639,48.8579183],[2.3674609,48.8579354],[2.3675003,48.8579391],[2.3675037,48.8579233],[2.3677316,48.8579489],[2.3677182,48.8580021],[2.3677051,48.8580541],[2.3675494,48.8580376],[2.3675603,48.8579902],[2.3675555,48.8579835],[2.3674714,48.8579753],[2.3674568,48.8580278],[2.3673312,48.8580121],[2.3673462,48.857969],[2.3673678,48.8579064]]]},"properties":{"building":"apartments","building:levels":"7","id":"way/58149980"}},{"type":"Feature","id":"way/58149990","geometry":{"type":"Polygon","coordinates":[[[2.3663614,48.8579189],[2.3663421,48.8580256],[2.3663412,48.8580295],[2.3663011,48.8580372],[2.3663073,48.858054],[2.3663371,48.858049],[2.3663299,48.8580819],[2.3663251,48.8581018],[2.366318,48.8581384],[2.3662116,48.8581577],[2.3662066,48.8581477],[2.3661636,48.8581558],[2.3661667,48.8581648],[2.3660843,48.8581789],[2.3660763,48.8581583],[2.3659394,48.8581828],[2.3659356,48.8581911],[2.365926,48.8581984],[2.3659148,48.8582022],[2.3658853,48.8582023],[2.3658724,48.8581953],[2.3657153,48.8582233],[2.3657316,48.858263],[2.3657468,48.8582605],[2.3657693,48.8583126],[2.3657552,48.8583152],[2.3657668,48.8583451],[2.3657816,48.8583426],[2.3658001,48.8583887],[2.3657833,48.8583909],[2.3657969,48.8584241],[2.3658126,48.8584219],[2.3658349,48.8584766],[2.3658192,48.8584789],[2.3658329,48.8585117],[2.3658774,48.8585052],[2.3659134,48.8585913],[2.3656618,48.8585988],[2.3656553,48.8585699],[2.3656368,48.8584883],[2.3656321,48.8584676],[2.3656042,48.8583442],[2.3655947,48.8583023],[2.3655907,48.8582844],[2.3656145,48.8582819],[2.365605,48.8582415],[2.3655819,48.8582441],[2.3655632,48.8581608],[2.3655575,48.8581353],[2.3655434,48.8580722],[2.3655759,48.8580682],[2.3655687,48.8580499],[2.3656355,48.8580393],[2.3657065,48.858028],[2.365701,48.8580138],[2.3658119,48.857995],[2.3658131,48.8579983],[2.3658112,48.8580017],[2.3658061,48.858004],[2.3658094,48.8580133],[2.3658021,48.8580168],[2.3658023,48.8580224],[2.3657818,48.8580271],[2.3657968,48.858071],[2.3657267,48.8580827],[2.3657441,48.8581286],[2.3658451,48.8581088],[2.3658537,48.8581134],[2.3658971,48.8581062],[2.3659053,48.8580978],[2.3659858,48.858085],[2.3659696,48.8580445],[2.3659141,48.8580548],[2.3658963,48.8580073],[2.3658784,48.8580104],[2.365871,48.8580053],[2.3658635,48.8580055],[2.3658589,48.8579953],[2.3658486,48.8579938],[2.3658472,48.8579894],[2.3659417,48.8579757],[2.3659447,48.8579875],[2.366083,48.8579641],[2.3661237,48.8580644],[2.3661655,48.8580567],[2.3661626,48.8580466],[2.3661892,48.8580407],[2.3661748,48.858005],[2.3661524,48.858009],[2.3661294,48.8579567],[2.3662423,48.8579383],[2.3663293,48.8579241],[2.3663614,48.8579189]]]},"properties":{"building":"apartments","id":"way/58149990"}},{"type":"Feature","id":"way/58150009","geometry":{"type":"Polygon","coordinates":[[[2.3666756,48.8580842],[2.3668813,48.8580519],[2.366842,48.8581806],[2.3668107,48.8582852],[2.3666583,48.8587966],[2.3666151,48.8589258],[2.3665889,48.8589267],[2.3661088,48.8589267],[2.3661091,48.8589234],[2.3661215,48.8588758],[2.3661448,48.8587865],[2.3661611,48.8587221],[2.3661702,48.8586896],[2.366174,48.8586898],[2.3662031,48.8585815],[2.3662279,48.8584866],[2.3663161,48.8584967],[2.3664806,48.8585155],[2.3664605,48.8585848],[2.3663291,48.8585708],[2.3663307,48.8585618],[2.3662977,48.8585585],[2.3662772,48.8586362],[2.3663071,48.8586402],[2.3663082,48.858638],[2.3664392,48.8586542],[2.3664216,48.8587162],[2.3662608,48.858696],[2.3662231,48.8588453],[2.3665453,48.8588827],[2.3665759,48.8587882],[2.3665216,48.8587801],[2.3665619,48.8586277],[2.3666105,48.8586343],[2.3666172,48.858614],[2.3665832,48.8586098],[2.3666126,48.8585052],[2.3666469,48.8585089],[2.3666527,48.8584897],[2.3666202,48.8584858],[2.3666327,48.8584398],[2.3666185,48.8584373],[2.3667073,48.8581383],[2.3667027,48.8581384],[2.3666972,48.8581223],[2.3666744,48.8581187],[2.3666679,48.8581017],[2.3666709,48.8580847],[2.3666756,48.8580842]]]},"properties":{"building":"yes","id":"way/58150009"}},{"type":"Feature","id":"way/58150012","geometry":{"type":"Polygon","coordinates":[[[2.3667904,48.857839],[2.3668401,48.8579668],[2.3669083,48.8579779],[2.3668854,48.858052],[2.3668813,48.8580519],[2.3666756,48.8580842],[2.3666815,48.8580456],[2.3667913,48.8580332],[2.3667727,48.8579857],[2.3667768,48.8579844],[2.3667568,48.8579079],[2.3666906,48.857919],[2.3666783,48.8578861],[2.3666648,48.8578574],[2.3667266,48.8578484],[2.3667904,48.857839]]]},"properties":{"building":"apartments","building:levels":"5","id":"way/58150012"}},{"type":"Feature","id":"way/58150019","geometry":{"type":"Polygon","coordinates":[[[2.3666648,48.8578574],[2.3666783,48.8578861],[2.3666906,48.857919],[2.3666369,48.8579261],[2.3665502,48.85794],[2.3665678,48.8579866],[2.3666419,48.8579755],[2.3666363,48.8580274],[2.366626,48.8580667],[2.3665986,48.8580708],[2.3665528,48.8580777],[2.3664788,48.8578855],[2.3665387,48.8578765],[2.3666372,48.8578616],[2.3666648,48.8578574]]]},"properties":{"building":"apartments","building:levels":"5","id":"way/58150019"}},{"type":"Feature","id":"way/58150023","geometry":{"type":"Polygon","coordinates":[[[2.3672218,48.8579209],[2.3671177,48.8579056],[2.3671292,48.8578706],[2.3670887,48.8578643],[2.3671099,48.8577958],[2.3671896,48.8577818],[2.3672388,48.8577731],[2.3672676,48.857791],[2.3672404,48.857868],[2.3672218,48.8579209]]]},"properties":{"building":"apartments","building:levels":"7","id":"way/58150023"}},{"type":"Feature","id":"way/58150025","geometry":{"type":"Polygon","coordinates":[[[2.3663161,48.8584967],[2.3662279,48.8584866],[2.366318,48.8581384],[2.3665616,48.8581025],[2.3665612,48.8581013],[2.3666131,48.8580922],[2.3666126,48.8580972],[2.3666004,48.8580984],[2.366587,48.8581469],[2.3663818,48.8581671],[2.3663453,48.8582954],[2.3663632,48.8582974],[2.3663161,48.8584967]]]},"properties":{"building":"yes","id":"way/58150025"}},{"type":"Feature","id":"way/58150042","geometry":{"type":"Polygon","coordinates":[[[2.3671896,48.8580155],[2.3670439,48.8579967],[2.3670583,48.8579552],[2.3670962,48.8579604],[2.367114,48.857905],[2.3671177,48.8579056],[2.3672218,48.8579209],[2.3672039,48.8579735],[2.3671896,48.8580155]]]},"properties":{"building":"apartments","building:levels":"7","id":"way/58150042"}},{"type":"Feature","id":"way/58150050","geometry":{"type":"Polygon","coordinates":[[[2.3654116,48.8580965],[2.365427,48.8581642],[2.3654425,48.8582326],[2.3653458,48.8582476],[2.3653288,48.8582068],[2.3653561,48.8582046],[2.3653473,48.8581616],[2.3653125,48.8581647],[2.3652869,48.8580967],[2.3653514,48.8580858],[2.3653766,48.8580815],[2.3654116,48.8580965]]]},"properties":{"building":"yes","building:levels":"7","id":"way/58150050"}},{"type":"Feature","id":"way/58154446","geometry":{"type":"Polygon","coordinates":[[[2.3645525,48.8572272],[2.3647036,48.8572225],[2.3646995,48.8571977],[2.3646952,48.8571705],[2.3647528,48.8571642],[2.3647463,48.857143],[2.3648676,48.8571319],[2.3648854,48.8571787],[2.364762,48.8571916],[2.3647776,48.8572483],[2.3647153,48.8572589],[2.3647146,48.8572615],[2.3647092,48.8572618],[2.3647085,48.8572645],[2.3646728,48.8572679],[2.3646837,48.8573308],[2.3647162,48.8573282],[2.3647109,48.8573005],[2.3649191,48.8572641],[2.3649472,48.8573356],[2.3648312,48.8573547],[2.3645613,48.8573991],[2.3645611,48.8573963],[2.3645554,48.8573158],[2.3645493,48.85723],[2.3645525,48.85723],[2.3645525,48.8572272]]]},"properties":{"building":"apartments","id":"way/58154446"}},{"type":"Feature","id":"way/58154448","geometry":{"type":"Polygon","coordinates":[[[2.3665828,48.8571553],[2.3666097,48.8572166],[2.366626,48.8572139],[2.3666344,48.8572361],[2.3666176,48.8572393],[2.366622,48.8572497],[2.3665559,48.8572611],[2.3665198,48.8572674],[2.366456,48.8572785],[2.366411,48.8572869],[2.366422,48.8573146],[2.366426,48.8573249],[2.3663322,48.8573391],[2.3662936,48.8573449],[2.3662559,48.8572444],[2.3662438,48.857212],[2.3663314,48.8571973],[2.3665828,48.8571553]]]},"properties":{"building":"residential","building:levels":"5","id":"way/58154448"}},{"type":"Feature","id":"way/58154449","geometry":{"type":"Polygon","coordinates":[[[2.3660903,48.8578693],[2.3660595,48.8577996],[2.3661141,48.8577904],[2.3661097,48.857779],[2.3660548,48.8577877],[2.3660398,48.8577501],[2.366151,48.8577314],[2.3662024,48.8578509],[2.3661447,48.8578604],[2.3660903,48.8578693]]]},"properties":{"building":"apartments","id":"way/58154449"}},{"type":"Feature","id":"way/58154452","geometry":{"type":"Polygon","coordinates":[[[2.3655602,48.8572346],[2.3654997,48.8570726],[2.3655678,48.8570607],[2.3655878,48.8570575],[2.365653,48.8570467],[2.3656593,48.8570457],[2.3656883,48.8571199],[2.3655938,48.8571356],[2.3655998,48.857152],[2.3656939,48.857137],[2.3657199,48.8572084],[2.3656392,48.8572216],[2.3655602,48.8572346]]]},"properties":{"building":"apartments","id":"way/58154452"}},{"type":"Feature","id":"way/58154458","geometry":{"type":"Polygon","coordinates":[[[2.3654732,48.8579728],[2.3654027,48.8577928],[2.3655745,48.8577623],[2.3655848,48.8577847],[2.3656493,48.8579434],[2.3655535,48.8579595],[2.3655484,48.8579603],[2.3654732,48.8579728]]]},"properties":{"building":"apartments","id":"way/58154458"}},{"type":"Feature","id":"way/58154459","geometry":{"type":"Polygon","coordinates":[[[2.3657199,48.8572084],[2.3656939,48.857137],[2.3657787,48.8571223],[2.3657726,48.8571081],[2.3656897,48.8571221],[2.3656883,48.8571199],[2.3656593,48.8570457],[2.3656731,48.8570431],[2.365714,48.8570371],[2.3658162,48.8570205],[2.36588,48.8571824],[2.3658162,48.8571927],[2.3657199,48.8572084]]]},"properties":{"building":"apartments","id":"way/58154459"}},{"type":"Feature","id":"way/58154460","geometry":{"type":"Polygon","coordinates":[[[2.365653,48.8570467],[2.3655878,48.8570575],[2.3655724,48.8570178],[2.3656361,48.8570064],[2.365653,48.8570467]]]},"properties":{"building":"yes","building:levels":"1","id":"way/58154460"}},{"type":"Feature","id":"way/58154461","geometry":{"type":"Polygon","coordinates":[[[2.3663762,48.8575663],[2.3663529,48.8575026],[2.3663504,48.8575019],[2.3663336,48.8574576],[2.3663358,48.8574567],[2.3663237,48.8574246],[2.3663115,48.8573925],[2.3663942,48.8573786],[2.3664062,48.8574112],[2.3664182,48.8574438],[2.3664207,48.8574434],[2.3664374,48.8574883],[2.3664351,48.8574889],[2.3664474,48.8575211],[2.3664597,48.8575534],[2.3663762,48.8575663]]]},"properties":{"building":"residential","id":"way/58154461"}},{"type":"Feature","id":"way/58154467","geometry":{"type":"Polygon","coordinates":[[[2.3645767,48.8577678],[2.3646977,48.857748],[2.3647282,48.8578238],[2.3647277,48.8578262],[2.3645793,48.8578299],[2.364578,48.8577984],[2.3645767,48.8577678]]]},"properties":{"building":"yes","building:levels":"5","id":"way/58154467"}},{"type":"Feature","id":"way/58154468","geometry":{"type":"Polygon","coordinates":[[[2.3662438,48.857212],[2.3663314,48.8571973],[2.3665828,48.8571553],[2.3667804,48.8571226],[2.3668097,48.8571172],[2.3668574,48.8571092],[2.3668644,48.857108],[2.3672423,48.8570452],[2.3672591,48.8570536],[2.3672751,48.8570617],[2.367277,48.8571397],[2.3672777,48.8571676],[2.3672783,48.8571912],[2.3672841,48.857292],[2.3672835,48.8573247],[2.3672823,48.8573557],[2.3672836,48.8574585],[2.367286,48.8575075],[2.3672861,48.8575093],[2.3672908,48.857654],[2.3672654,48.8576753],[2.3672233,48.8576819],[2.3672133,48.857654],[2.3672014,48.857621],[2.3671171,48.8576349],[2.3670189,48.857651],[2.3669502,48.8576623],[2.3668787,48.8576746],[2.366789,48.8576896],[2.3666868,48.8577067],[2.366574,48.8577256],[2.3665851,48.8577559],[2.3665961,48.8577862],[2.3664649,48.8578077],[2.3664538,48.8577766],[2.366418,48.8576765],[2.366394,48.8576137],[2.3663862,48.8575928],[2.3663762,48.8575663],[2.3663529,48.8575026],[2.3663504,48.8575019],[2.3663336,48.8574576],[2.3663358,48.8574567],[2.3663237,48.8574246],[2.3663115,48.8573925],[2.3663055,48.8573761],[2.3662936,48.8573449],[2.3662559,48.8572444],[2.3662438,48.857212]]]},"properties":{"landuse":"residential","id":"way/58154468"}},{"type":"Feature","id":"way/58154470","geometry":{"type":"Polygon","coordinates":[[[2.3659853,48.8572547],[2.3660161,48.8573448],[2.365883,48.8573687],[2.3659555,48.8575482],[2.3658084,48.8575755],[2.3657985,48.8575523],[2.3658411,48.8575431],[2.3657379,48.8572958],[2.3658481,48.8572779],[2.3658595,48.857276],[2.3658582,48.8572724],[2.3658712,48.8572704],[2.3658696,48.8572657],[2.3659814,48.8572466],[2.3659853,48.8572547]]]},"properties":{"building":"apartments","building:levels":"4","id":"way/58154470"}},{"type":"Feature","id":"way/58154473","geometry":{"type":"Polygon","coordinates":[[[2.3668574,48.8571092],[2.3668644,48.857108],[2.3672423,48.8570452],[2.3672591,48.8570536],[2.3672751,48.8570617],[2.367277,48.8571397],[2.3671836,48.8571535],[2.3671653,48.8571564],[2.3670719,48.8571711],[2.3670407,48.857176],[2.3669387,48.8571918],[2.3668879,48.8571997],[2.3668827,48.8571844],[2.3668574,48.8571092]]]},"properties":{"building":"residential","building:levels":"5","id":"way/58154473"}},{"type":"Feature","id":"way/58154476","geometry":{"type":"Polygon","coordinates":[[[2.3662024,48.8578509],[2.366151,48.8577314],[2.3662459,48.8577164],[2.3662496,48.8577264],[2.3662763,48.8577983],[2.3662902,48.8578358],[2.3662452,48.8578435],[2.3662024,48.8578509]]]},"properties":{"building":"apartments","building:levels":"6","roof:levels":"1","id":"way/58154476"}},{"type":"Feature","id":"way/58154477","geometry":{"type":"Polygon","coordinates":[[[2.364572,48.8576927],[2.3647982,48.8576588],[2.3648259,48.8577287],[2.3648577,48.8578056],[2.3647282,48.8578238],[2.3646977,48.857748],[2.3645767,48.8577678],[2.3645746,48.8577334],[2.364572,48.8576927]]]},"properties":{"building":"apartments","id":"way/58154477"}},{"type":"Feature","id":"way/58154478","geometry":{"type":"Polygon","coordinates":[[[2.3656712,48.8569131],[2.365714,48.8570371],[2.3656731,48.8570431],[2.3656499,48.856984],[2.3655441,48.8570034],[2.3655678,48.8570607],[2.3654997,48.8570726],[2.3654495,48.8569513],[2.3655512,48.8569338],[2.3656712,48.8569131]]]},"properties":{"building":"apartments","id":"way/58154478"}},{"type":"Feature","id":"way/58154479","geometry":{"type":"Polygon","coordinates":[[[2.3651841,48.8573882],[2.3652219,48.8574793],[2.3652275,48.8574939],[2.365235,48.8575136],[2.3652731,48.8575072],[2.3653218,48.8576293],[2.365352,48.8577149],[2.3651365,48.8577519],[2.3650396,48.8577684],[2.3650292,48.8577422],[2.3650912,48.857731],[2.3650895,48.8577219],[2.3652419,48.8576952],[2.3651601,48.8574903],[2.3648751,48.8575396],[2.3649435,48.8577103],[2.3648259,48.8577287],[2.3647982,48.8576588],[2.364774,48.857592],[2.3647156,48.8576011],[2.3646804,48.8576066],[2.3645704,48.8576232],[2.3645691,48.8576051],[2.3645678,48.8575869],[2.3647576,48.8575571],[2.3647194,48.8574655],[2.3649246,48.8574314],[2.3651841,48.8573882]]]},"properties":{"building":"apartments","id":"way/58154479"}},{"type":"Feature","id":"way/58154481","geometry":{"type":"Polygon","coordinates":[[[2.3661777,48.8575322],[2.3660966,48.8575463],[2.3660279,48.8573793],[2.3661151,48.8573661],[2.3661357,48.8574207],[2.3661486,48.8574549],[2.3661522,48.8574646],[2.3661644,48.857497],[2.3661777,48.8575322]]]},"properties":{"building":"yes","building:levels":"6","id":"way/58154481"}},{"type":"Feature","id":"way/58154482","geometry":{"type":"Polygon","coordinates":[[[2.3651345,48.8580287],[2.3650303,48.8577702],[2.3650396,48.8577684],[2.3651365,48.8577519],[2.3651662,48.8578235],[2.3652065,48.8578175],[2.3652316,48.8578791],[2.3651942,48.8578854],[2.3651836,48.8578814],[2.3651621,48.8578257],[2.3651148,48.8578334],[2.3651261,48.8578645],[2.3651312,48.8578646],[2.365133,48.8578705],[2.3651368,48.8578705],[2.3651547,48.8579217],[2.3652425,48.8579054],[2.3652815,48.8580042],[2.3652035,48.8580172],[2.3651345,48.8580287]]]},"properties":{"building":"apartments","id":"way/58154482"}},{"type":"Feature","id":"way/58154484","geometry":{"type":"Polygon","coordinates":[[[2.3645704,48.8576232],[2.3646804,48.8576066],[2.364695,48.8576473],[2.3647305,48.8576415],[2.364743,48.8576331],[2.364732,48.857608],[2.3647156,48.8576011],[2.364774,48.857592],[2.3647982,48.8576588],[2.364572,48.8576927],[2.3645712,48.8576566],[2.3645704,48.8576232]]]},"properties":{"building":"yes","building:levels":"6","id":"way/58154484"}},{"type":"Feature","id":"way/58154485","geometry":{"type":"Polygon","coordinates":[[[2.3648415,48.8570661],[2.3648676,48.8571319],[2.3647463,48.857143],[2.3647528,48.8571642],[2.3646952,48.8571705],[2.3646543,48.85717],[2.3646449,48.8571778],[2.3646482,48.8571778],[2.3646481,48.8571808],[2.3646444,48.857181],[2.3646459,48.8571887],[2.3646649,48.8571987],[2.3646995,48.8571977],[2.3647036,48.8572225],[2.3645525,48.8572272],[2.3645485,48.8571652],[2.3645464,48.8571329],[2.3645727,48.8571104],[2.3646385,48.8570996],[2.3646951,48.8570903],[2.3648415,48.8570661]]]},"properties":{"building":"apartments","building:levels":"7","roof:shape":"gambrel","id":"way/58154485"}},{"type":"Feature","id":"way/58154486","geometry":{"type":"Polygon","coordinates":[[[2.3662459,48.8577164],[2.366151,48.8577314],[2.3660398,48.8577501],[2.3660087,48.8576752],[2.3660261,48.8576719],[2.3660248,48.8576679],[2.3660622,48.8576616],[2.3660443,48.8576154],[2.3659885,48.8576262],[2.3659648,48.8575683],[2.3660966,48.8575463],[2.3661777,48.8575322],[2.366195,48.857579],[2.3662124,48.8576259],[2.3662208,48.8576487],[2.3662292,48.8576714],[2.3662459,48.8577164]]]},"properties":{"building":"apartments","building:levels":"6","roof:levels":"1","id":"way/58154486"}},{"type":"Feature","id":"way/58154487","geometry":{"type":"Polygon","coordinates":[[[2.367286,48.8575075],[2.3672861,48.8575093],[2.3672908,48.857654],[2.3672654,48.8576753],[2.3672233,48.8576819],[2.3672133,48.857654],[2.3672014,48.857621],[2.3671171,48.8576349],[2.3670189,48.857651],[2.3669502,48.8576623],[2.3668787,48.8576746],[2.366789,48.8576896],[2.3666868,48.8577067],[2.366574,48.8577256],[2.3665851,48.8577559],[2.3665961,48.8577862],[2.3664649,48.8578077],[2.3664538,48.8577766],[2.366418,48.8576765],[2.366394,48.8576137],[2.3664391,48.8576063],[2.3665237,48.8575923],[2.366534,48.8576177],[2.3665397,48.857632],[2.3666482,48.857614],[2.3667883,48.8575908],[2.3668241,48.8575849],[2.3669167,48.8575705],[2.3669341,48.8575675],[2.3670734,48.8575435],[2.3671044,48.8575382],[2.3672466,48.8575142],[2.367286,48.8575075]]]},"properties":{"building":"residential","building:levels":"5","id":"way/58154487"}},{"type":"Feature","id":"way/58154488","geometry":{"type":"Polygon","coordinates":[[[2.3660676,48.8572402],[2.3660914,48.8573034],[2.3660994,48.8573246],[2.3661151,48.8573661],[2.3660279,48.8573793],[2.3660161,48.8573448],[2.3659853,48.8572547],[2.3660185,48.8572488],[2.3660676,48.8572402]]]},"properties":{"building":"apartments","building:levels":"5","id":"way/58154488"}},{"type":"Feature","id":"way/58154489","geometry":{"type":"Polygon","coordinates":[[[2.3656493,48.8579434],[2.3655848,48.8577847],[2.3657534,48.8577571],[2.3657009,48.8576228],[2.3655281,48.8576514],[2.3655065,48.8575991],[2.3657985,48.8575523],[2.3658084,48.8575755],[2.3658444,48.8576659],[2.3658739,48.8576602],[2.3658938,48.8576743],[2.3659439,48.8578026],[2.366026,48.857788],[2.3660337,48.8578041],[2.3660595,48.8577996],[2.3660903,48.8578693],[2.3660282,48.8578797],[2.3660093,48.8578734],[2.3659961,48.8578391],[2.3659301,48.8578495],[2.3659338,48.8578591],[2.3659207,48.8578608],[2.3659167,48.8578518],[2.3658762,48.857859],[2.3658377,48.857866],[2.3658416,48.8578758],[2.3658303,48.8578776],[2.3658254,48.8578682],[2.3657294,48.8578853],[2.3657104,48.8578887],[2.3657226,48.8579214],[2.3657103,48.8579332],[2.3656493,48.8579434]]]},"properties":{"building":"apartments","id":"way/58154489"}},{"type":"Feature","id":"way/58154492","geometry":{"type":"Polygon","coordinates":[[[2.36588,48.8571824],[2.3658162,48.8570205],[2.3659776,48.8569956],[2.3659937,48.8570358],[2.3659898,48.8570365],[2.3660044,48.8570764],[2.3660076,48.857085],[2.3660129,48.8570839],[2.3660416,48.8571554],[2.365969,48.8571675],[2.3659631,48.8571685],[2.36588,48.8571824]]]},"properties":{"building":"apartments","building:levels":"5","id":"way/58154492"}},{"type":"Feature","id":"way/58156309","geometry":{"type":"Polygon","coordinates":[[[2.3672685,48.856832],[2.3671765,48.8568344],[2.3671767,48.8568179],[2.3671682,48.8568128],[2.3671623,48.8568151],[2.3671395,48.8568152],[2.367135,48.8568132],[2.3671249,48.8568193],[2.3671327,48.8568356],[2.3671102,48.8568352],[2.3670881,48.8568479],[2.3670393,48.8568721],[2.3669582,48.8567986],[2.3670158,48.856768],[2.3672028,48.8566683],[2.3672651,48.8566882],[2.3672652,48.8566904],[2.3672666,48.8567526],[2.3672685,48.856832]]]},"properties":{"building":"apartments","building:levels":"9","id":"way/58156309"}},{"type":"Feature","id":"way/58156310","geometry":{"type":"Polygon","coordinates":[[[2.3670124,48.8569907],[2.3669796,48.8569033],[2.367035,48.8568744],[2.3670569,48.8568936],[2.3671007,48.8568786],[2.3671065,48.8568834],[2.367129,48.8568749],[2.3671208,48.8568715],[2.3670881,48.8568479],[2.3671102,48.8568352],[2.3671327,48.8568356],[2.3671765,48.8568344],[2.3672685,48.856832],[2.3672691,48.8568856],[2.3672695,48.8569226],[2.3672338,48.8569538],[2.3671193,48.8569729],[2.3670659,48.8569818],[2.3670124,48.8569907]]]},"properties":{"building":"apartments","building:levels":"8","id":"way/58156310"}},{"type":"Feature","id":"way/58156311","geometry":{"type":"Polygon","coordinates":[[[2.3664357,48.8567862],[2.366544,48.8570708],[2.3665132,48.8570759],[2.3663797,48.8570981],[2.366213,48.8571259],[2.3661882,48.8570615],[2.3661867,48.8570576],[2.3661346,48.8569222],[2.3661141,48.8568689],[2.3661105,48.8568595],[2.3661322,48.8568363],[2.3663547,48.8567996],[2.3664357,48.8567862]]]},"properties":{"building":"yes","building:levels":"3","id":"way/58156311"}},{"type":"Feature","id":"way/58156312","geometry":{"type":"Polygon","coordinates":[[[2.3666569,48.8568047],[2.3666387,48.8567542],[2.3666378,48.8567518],[2.3666447,48.8567517],[2.3667197,48.8567693],[2.3667394,48.8567814],[2.3667414,48.8567825],[2.3667426,48.8567871],[2.3667346,48.8567884],[2.3667364,48.8567929],[2.3667327,48.8567935],[2.3666569,48.8568047]]]},"properties":{"building":"yes","id":"way/58156312"}},{"type":"Feature","id":"way/58156315","geometry":{"type":"Polygon","coordinates":[[[2.3668143,48.8570237],[2.3667678,48.8568926],[2.3668606,48.8568468],[2.3669582,48.8567986],[2.3670393,48.8568721],[2.367035,48.8568744],[2.3669796,48.8569033],[2.3670124,48.8569907],[2.3668957,48.8570102],[2.3668143,48.8570237]]]},"properties":{"building":"apartments","building:levels":"8","id":"way/58156315"}},{"type":"Feature","id":"way/58161603","geometry":{"type":"Polygon","coordinates":[[[2.3646525,48.856853],[2.3646465,48.8568123],[2.364667,48.8568117],[2.364673,48.8568515],[2.3646525,48.856853]]]},"properties":{"building":"yes","id":"way/58161603"}},{"type":"Feature","id":"way/58161605","geometry":{"type":"Polygon","coordinates":[[[2.3652964,48.8567009],[2.365312,48.8567456],[2.3653238,48.8567421],[2.36542,48.8567284],[2.3654048,48.8566844],[2.3654347,48.8566797],[2.3654529,48.8567237],[2.3655217,48.8567107],[2.3655288,48.856729],[2.3655737,48.8568509],[2.3655056,48.8568625],[2.3654403,48.8568736],[2.3653636,48.8568867],[2.3653052,48.8568967],[2.3652489,48.8567543],[2.3652754,48.8567502],[2.3652583,48.8567069],[2.3652964,48.8567009]]]},"properties":{"building":"apartments","id":"way/58161605"}},{"type":"Feature","id":"way/58166684","geometry":{"type":"Polygon","coordinates":[[[2.3673732,48.8560476],[2.3675122,48.8560461],[2.3675135,48.8560745],[2.3676753,48.8560763],[2.3676764,48.8560569],[2.3675615,48.8560554],[2.367543,48.8560455],[2.3675425,48.8560387],[2.3676774,48.8560394],[2.36768,48.8560391],[2.367681,48.8560481],[2.3677635,48.8560495],[2.3677658,48.8560293],[2.3677687,48.8560294],[2.3678808,48.8560347],[2.3679549,48.8560376],[2.3679488,48.8561189],[2.3675747,48.8561138],[2.3673756,48.8561151],[2.3673746,48.8560854],[2.3673732,48.8560476]]]},"properties":{"building":"apartments","id":"way/58166684"}},{"type":"Feature","id":"way/58166687","geometry":{"type":"Polygon","coordinates":[[[2.3680879,48.8564566],[2.3679165,48.8564432],[2.3679164,48.8564412],[2.3679082,48.8564349],[2.3679043,48.8564297],[2.3679042,48.8564167],[2.3679065,48.856411],[2.3679098,48.8564068],[2.3678893,48.856392],[2.3678732,48.8563921],[2.3678614,48.8564036],[2.3677433,48.8564057],[2.3677398,48.8563431],[2.367776,48.8563424],[2.3677663,48.8563338],[2.3677664,48.8563196],[2.3679349,48.8563209],[2.3681185,48.8563317],[2.3681024,48.8563975],[2.3680879,48.8564566]]]},"properties":{"building":"apartments","building:levels":"7","id":"way/58166687"}},{"type":"Feature","id":"way/58166689","geometry":{"type":"Polygon","coordinates":[[[2.3674093,48.8569943],[2.3675742,48.8569998],[2.367569,48.8570429],[2.3675865,48.8570557],[2.3676143,48.8570567],[2.367627,48.8570502],[2.3677362,48.8570581],[2.3677498,48.857003],[2.367957,48.8570061],[2.3679439,48.8570596],[2.3679322,48.8571079],[2.3674969,48.8570774],[2.367496,48.8570627],[2.3674115,48.8570571],[2.3674107,48.8570335],[2.3674093,48.8569943]]]},"properties":{"building":"apartments","id":"way/58166689"}},{"type":"Feature","id":"way/58166690","geometry":{"type":"Polygon","coordinates":[[[2.3682017,48.8559914],[2.3682291,48.8558833],[2.3682694,48.8558877],[2.3682428,48.8559954],[2.3682017,48.8559914]]]},"properties":{"building":"retail","building:levels":"1","id":"way/58166690"}},{"type":"Feature","id":"way/58166692","geometry":{"type":"Polygon","coordinates":[[[2.367585,48.8569982],[2.3675832,48.8569592],[2.3676172,48.8569588],[2.3676178,48.8569398],[2.3677511,48.8569419],[2.3677605,48.8569081],[2.3677555,48.8569073],[2.367747,48.8569049],[2.3677406,48.8568994],[2.3677373,48.8568908],[2.367741,48.8568837],[2.367747,48.8568785],[2.367757,48.8568751],[2.3677683,48.856875],[2.3677793,48.8568364],[2.3677214,48.8568364],[2.3677214,48.8568311],[2.367687,48.8568307],[2.3676871,48.8568363],[2.3676245,48.8568356],[2.367625,48.8568308],[2.367574,48.8568303],[2.3675717,48.8567806],[2.3676254,48.8567809],[2.367689,48.8567812],[2.3676891,48.8567994],[2.3676951,48.8568046],[2.3677086,48.8568047],[2.3677174,48.8567999],[2.367717,48.8567814],[2.3677194,48.8567816],[2.3680107,48.856783],[2.3679961,48.8568434],[2.3679751,48.8569306],[2.367957,48.8570061],[2.3677498,48.857003],[2.367585,48.8569982]]]},"properties":{"building":"apartments","building:levels":"6","id":"way/58166692"}},{"type":"Feature","id":"way/58166693","geometry":{"type":"Polygon","coordinates":[[[2.3673922,48.856316],[2.3677399,48.8563193],[2.3677398,48.8563431],[2.3677433,48.8564057],[2.3677453,48.8564423],[2.3677411,48.8564421],[2.3677434,48.8564745],[2.3676882,48.8564729],[2.3676791,48.8565384],[2.3675985,48.8565366],[2.3673971,48.856537],[2.3673959,48.8564812],[2.3673937,48.8563844],[2.3673922,48.856316]]]},"properties":{"building":"apartments","id":"way/58166693"}},{"type":"Feature","id":"way/58166697","geometry":{"type":"Polygon","coordinates":[[[2.3674243,48.8575441],[2.3675067,48.8575414],[2.3675138,48.8575641],[2.3675242,48.8575586],[2.367546,48.8575574],[2.3675435,48.8575415],[2.3675774,48.8575406],[2.3675929,48.857621],[2.3675004,48.857636],[2.3674589,48.8576428],[2.3674277,48.8576273],[2.3674258,48.8575814],[2.3674243,48.8575441]]]},"properties":{"building":"apartments","building:levels":"7","id":"way/58166697"}},{"type":"Feature","id":"way/58166698","geometry":{"type":"Polygon","coordinates":[[[2.3674127,48.8571956],[2.3678295,48.85719],[2.3679126,48.8571973],[2.3679035,48.8572343],[2.3678933,48.8572757],[2.3677951,48.8572698],[2.367415,48.8572752],[2.3674139,48.8572391],[2.3674135,48.8572238],[2.3674127,48.8571956]]]},"properties":{"building":"apartments","id":"way/58166698"}},{"type":"Feature","id":"way/58166700","geometry":{"type":"Polygon","coordinates":[[[2.367415,48.8572752],[2.3677951,48.8572698],[2.3678933,48.8572757],[2.3678828,48.8573207],[2.3678743,48.8573572],[2.367719,48.8573592],[2.3677217,48.8573047],[2.3675897,48.8573069],[2.3675908,48.8573607],[2.3674185,48.8573622],[2.3674169,48.8573226],[2.367415,48.8572752]]]},"properties":{"building":"apartments","id":"way/58166700"}},{"type":"Feature","id":"way/58166703","geometry":{"type":"Polygon","coordinates":[[[2.3673968,48.8567798],[2.3675717,48.8567806],[2.367574,48.8568303],[2.3675832,48.8569592],[2.367585,48.8569982],[2.3675742,48.8569998],[2.3674093,48.8569943],[2.3674091,48.8569918],[2.3674037,48.8569919],[2.3674006,48.8568952],[2.3673968,48.8567798]]]},"properties":{"building":"apartments","building:levels":"5","id":"way/58166703"}},{"type":"Feature","id":"way/58166705","geometry":{"type":"Polygon","coordinates":[[[2.3678329,48.8558976],[2.3678397,48.8559568],[2.3679629,48.8559667],[2.3679631,48.8559763],[2.3679549,48.8560376],[2.3678808,48.8560347],[2.3678839,48.8559877],[2.3677693,48.8559822],[2.3677687,48.8560294],[2.3677658,48.8560293],[2.3677635,48.8560495],[2.367681,48.8560481],[2.36768,48.8560391],[2.3676774,48.8560394],[2.3676776,48.8560234],[2.3675425,48.8560236],[2.3675405,48.855985],[2.3675112,48.8559882],[2.3675122,48.8560461],[2.3673732,48.8560476],[2.3673719,48.856015],[2.3673703,48.8559727],[2.3673729,48.8559723],[2.3675359,48.8559458],[2.3676795,48.8559225],[2.3677315,48.8559141],[2.3678329,48.8558976]]]},"properties":{"building":"detached","building:levels":"4","id":"way/58166705"}},{"type":"Feature","id":"way/58166707","geometry":{"type":"Polygon","coordinates":[[[2.3675929,48.857621],[2.3675774,48.8575406],[2.3676461,48.857541],[2.3676485,48.857558],[2.367688,48.8575521],[2.3677183,48.8575528],[2.3677166,48.8575389],[2.3678313,48.8575383],[2.3678244,48.8575681],[2.3678123,48.8575766],[2.3677985,48.8575863],[2.3676849,48.8576055],[2.3675929,48.857621]]]},"properties":{"building":"apartments","building:levels":"7","id":"way/58166707"}},{"type":"Feature","id":"way/58166708","geometry":{"type":"Polygon","coordinates":[[[2.3679106,48.8565387],[2.3676791,48.8565384],[2.3676882,48.8564729],[2.3677434,48.8564745],[2.3677411,48.8564421],[2.3677453,48.8564423],[2.3679165,48.8564432],[2.3680879,48.8564566],[2.3680788,48.8564956],[2.3680665,48.8565492],[2.3679978,48.8565447],[2.3679106,48.8565387]]]},"properties":{"building":"apartments","building:levels":"7","id":"way/58166708"}},{"type":"Feature","id":"way/58166711","geometry":{"type":"Polygon","coordinates":[[[2.3674208,48.8574519],[2.3675884,48.8574506],[2.3675904,48.8575221],[2.3676706,48.8575179],[2.3676912,48.8575006],[2.3676914,48.8574489],[2.3678537,48.8574455],[2.3678418,48.8574949],[2.3678313,48.8575383],[2.3677166,48.8575389],[2.3676461,48.857541],[2.3675774,48.8575406],[2.3675435,48.8575415],[2.3675067,48.8575414],[2.3674243,48.8575441],[2.3674224,48.8574933],[2.3674208,48.8574519]]]},"properties":{"building":"apartments","id":"way/58166711"}},{"type":"Feature","id":"way/58166713","geometry":{"type":"Polygon","coordinates":[[[2.3682363,48.855855],[2.3682291,48.8558833],[2.3682017,48.8559914],[2.3681982,48.8560053],[2.3681688,48.8561216],[2.3679488,48.8561189],[2.3679549,48.8560376],[2.3679631,48.8559763],[2.3680058,48.8559758],[2.3680192,48.8559898],[2.3680124,48.8560518],[2.3681025,48.8560542],[2.3681225,48.8559704],[2.3680994,48.8559688],[2.3681014,48.8559593],[2.3680913,48.8559574],[2.3680567,48.8559615],[2.36805,48.8559589],[2.3680557,48.8559263],[2.3679683,48.8559346],[2.3679666,48.855967],[2.3679629,48.8559667],[2.3678397,48.8559568],[2.3678329,48.8558976],[2.3679696,48.8558754],[2.3680149,48.855868],[2.3682009,48.8558377],[2.3682023,48.8558418],[2.3682278,48.8558551],[2.3682363,48.855855]]]},"properties":{"building":"apartments","building:levels":"3","id":"way/58166713"}},{"type":"Feature","id":"way/58166715","geometry":{"type":"Polygon","coordinates":[[[2.3674185,48.8573622],[2.3675908,48.8573607],[2.367719,48.8573592],[2.3678743,48.8573572],[2.3678646,48.857399],[2.3678537,48.8574455],[2.3676914,48.8574489],[2.3675938,48.8574489],[2.3675884,48.8574506],[2.3674208,48.8574519],[2.3674197,48.8574068],[2.3674185,48.8573622]]]},"properties":{"building":"apartments","id":"way/58166715"}},{"type":"Feature","id":"way/63637931","geometry":{"type":"Polygon","coordinates":[[[2.3685395,48.8579762],[2.3684286,48.8579643],[2.3684356,48.8579342],[2.3683789,48.8579289],[2.368372,48.8579582],[2.3682329,48.8579432],[2.368239,48.8579179],[2.3682503,48.8578709],[2.3683662,48.8578835],[2.3684396,48.857892],[2.3684378,48.8579016],[2.368453,48.8579058],[2.3684611,48.8579134],[2.3684628,48.8579226],[2.368473,48.8579238],[2.3684797,48.8578962],[2.3685593,48.857905],[2.3685486,48.8579435],[2.3685395,48.8579762]]]},"properties":{"building":"apartments","building:levels":"6","id":"way/63637931"}},{"type":"Feature","id":"way/63638938","geometry":{"type":"Polygon","coordinates":[[[2.3686885,48.8574428],[2.3685709,48.8574301],[2.3685874,48.8573651],[2.368514,48.8573574],[2.3684972,48.8574219],[2.3683619,48.8574073],[2.3683734,48.8573595],[2.3683898,48.8572919],[2.3687204,48.8573285],[2.3687042,48.8573866],[2.3686885,48.8574428]]]},"properties":{"building":"apartments","building:levels":"6","id":"way/63638938"}},{"type":"Feature","id":"way/63639331","geometry":{"type":"Polygon","coordinates":[[[2.3685593,48.857905],[2.3684797,48.8578962],[2.3684445,48.8578923],[2.3684571,48.8578413],[2.3683793,48.8578334],[2.3683662,48.8578835],[2.3682503,48.8578709],[2.3682628,48.8578187],[2.3682816,48.8577402],[2.3684345,48.8577571],[2.3685957,48.857775],[2.3685822,48.8578231],[2.3685758,48.8578461],[2.3685593,48.857905]]]},"properties":{"building":"apartments","building:levels":"6","id":"way/63639331"}},{"type":"Feature","id":"way/63639731","geometry":{"type":"Polygon","coordinates":[[[2.3684557,48.8582758],[2.3682921,48.8582591],[2.3682967,48.8582429],[2.36833,48.8582467],[2.3683315,48.8582407],[2.3682786,48.8582348],[2.3682729,48.8582571],[2.3681602,48.8582449],[2.3681688,48.8582094],[2.3682041,48.8580626],[2.3682159,48.8580134],[2.3683295,48.8580261],[2.3683248,48.8580477],[2.3683845,48.8580541],[2.3683902,48.8580328],[2.3684384,48.8580381],[2.3685197,48.8580472],[2.3685098,48.8580823],[2.3685004,48.8581141],[2.3684916,48.8581474],[2.3684832,48.858147],[2.3684925,48.8581132],[2.3683511,48.8580989],[2.368346,48.8581284],[2.3683624,48.8581304],[2.3683538,48.8581654],[2.3684823,48.858181],[2.3684712,48.8582206],[2.3684557,48.8582758]]]},"properties":{"building":"apartments","building:levels":"7","id":"way/63639731"}},{"type":"Feature","id":"way/63640368","geometry":{"type":"Polygon","coordinates":[[[2.3687204,48.8573285],[2.3683898,48.8572919],[2.3684008,48.8572462],[2.3684141,48.8571909],[2.3685665,48.8572084],[2.368551,48.8572682],[2.3685833,48.8572718],[2.3685858,48.8572631],[2.3686169,48.8572666],[2.368615,48.8572753],[2.3686383,48.8572778],[2.3686526,48.8572254],[2.3686565,48.8572259],[2.3687459,48.857237],[2.3687326,48.8572846],[2.3687204,48.8573285]]]},"properties":{"building":"apartments","building:levels":"6","id":"way/63640368"}},{"type":"Feature","id":"way/63640841","geometry":{"type":"Polygon","coordinates":[[[2.3686568,48.8575565],[2.3686408,48.8576135],[2.3686252,48.857669],[2.3683071,48.8576342],[2.3683219,48.8575728],[2.3683343,48.8575216],[2.3684574,48.857535],[2.3684472,48.8575716],[2.3684638,48.8575733],[2.3684663,48.8575684],[2.368471,48.8575646],[2.3684774,48.8575621],[2.3684884,48.8575615],[2.3684984,48.8575648],[2.3685045,48.8575711],[2.368521,48.8575726],[2.3685292,48.8575428],[2.3686568,48.8575565]]]},"properties":{"building":"apartments","building:levels":"6","id":"way/63640841"}},{"type":"Feature","id":"way/63647705","geometry":{"type":"Polygon","coordinates":[[[2.3685197,48.8580472],[2.3684384,48.8580381],[2.3684414,48.8580244],[2.3684341,48.8580237],[2.3684232,48.8580261],[2.3684158,48.8580264],[2.3684017,48.8580236],[2.3683942,48.8580192],[2.368385,48.8580188],[2.3683815,48.8580318],[2.3683295,48.8580261],[2.3682159,48.8580134],[2.3682233,48.8579829],[2.3682329,48.8579432],[2.368372,48.8579582],[2.3683648,48.8579866],[2.3684215,48.8579927],[2.3684286,48.8579643],[2.3685395,48.8579762],[2.3685268,48.8580218],[2.3685197,48.8580472]]]},"properties":{"building":"apartments","building:levels":"6","id":"way/63647705"}},{"type":"Feature","id":"way/63649353","geometry":{"type":"Polygon","coordinates":[[[2.3686568,48.8575565],[2.3685292,48.8575428],[2.3684574,48.857535],[2.3683343,48.8575216],[2.3683465,48.8574709],[2.3683619,48.8574073],[2.3684972,48.8574219],[2.3684801,48.8574865],[2.3685547,48.8574948],[2.3685709,48.8574301],[2.3686885,48.8574428],[2.3686723,48.857501],[2.3686706,48.8575069],[2.3686568,48.8575565]]]},"properties":{"building":"apartments","building:levels":"6","id":"way/63649353"}},{"type":"Feature","id":"way/124067227","geometry":{"type":"Polygon","coordinates":[[[2.3640807,48.8551128],[2.3639922,48.8551304],[2.3639359,48.8550475],[2.3640003,48.8550298],[2.3640177,48.8550448],[2.3640432,48.8550439],[2.3640807,48.8551128]]]},"properties":{"landuse":"grass","id":"way/124067227"}},{"type":"Feature","id":"way/124067228","geometry":{"type":"Polygon","coordinates":[[[2.3641733,48.8549495],[2.3641062,48.8549689],[2.364074,48.8549592],[2.3640553,48.8549539],[2.3640177,48.8548789],[2.3641317,48.8548498],[2.3641733,48.8549495]]]},"properties":{"landuse":"grass","id":"way/124067228"}},{"type":"Feature","id":"way/124067229","geometry":{"type":"Polygon","coordinates":[[[2.3641371,48.8551039],[2.3640982,48.855036],[2.3641196,48.8550219],[2.364121,48.8550034],[2.364188,48.8549919],[2.3642336,48.8550881],[2.3641371,48.8551039]]]},"properties":{"landuse":"grass","id":"way/124067229"}},{"type":"Feature","id":"way/124067231","geometry":{"type":"Polygon","coordinates":[[[2.3639051,48.8550148],[2.3638474,48.8549292],[2.3639627,48.8548957],[2.3640043,48.8549672],[2.3639815,48.8549822],[2.3639775,48.8550007],[2.3639051,48.8550148]]]},"properties":{"landuse":"grass","id":"way/124067231"}},{"type":"Feature","id":"way/136604020","geometry":{"type":"Polygon","coordinates":[[[2.3682978,48.8529836],[2.3683105,48.8529911],[2.3683265,48.8530067],[2.3683887,48.8531387],[2.368406,48.8531833],[2.3684043,48.853196],[2.3683989,48.8532079],[2.3683863,48.8532166],[2.368355,48.8532304],[2.3682947,48.8532496],[2.368231,48.8532607],[2.3677095,48.8533311],[2.3676979,48.8533318],[2.3676873,48.8533279],[2.3676828,48.8533205],[2.3676626,48.85327],[2.3676947,48.8532551],[2.3677154,48.8532455],[2.367869,48.8532262],[2.3678865,48.8532238],[2.3680453,48.8532025],[2.3680466,48.8531987],[2.368073,48.8531987],[2.3680886,48.853194],[2.3681014,48.8531856],[2.3681099,48.8531747],[2.3681127,48.8531627],[2.3681115,48.8531542],[2.3680986,48.8531416],[2.368102,48.8531388],[2.3680984,48.8531304],[2.368143,48.8531221],[2.368103,48.8530291],[2.3680584,48.8530374],[2.3680309,48.852981],[2.3679141,48.8529447],[2.3678987,48.85294],[2.3679137,48.8529172],[2.3678535,48.8528985],[2.3678371,48.8529213],[2.3678224,48.8529168],[2.367763,48.8528987],[2.3677088,48.8528831],[2.3675916,48.8528463],[2.3675487,48.8528087],[2.3675182,48.852799],[2.3675403,48.8527862],[2.3675651,48.8527779],[2.3675946,48.8527749],[2.3676128,48.8527763],[2.3680769,48.8529164],[2.3682978,48.8529836]]]},"properties":{"highway":"footway","surface":"asphalt","id":"way/136604020"}},{"type":"Feature","id":"way/136604289","geometry":{"type":"Polygon","coordinates":[[[2.3685357,48.8538401],[2.3683934,48.8538505],[2.3683937,48.8538477],[2.3683238,48.853853],[2.3683166,48.8538531],[2.3683198,48.853868],[2.3683007,48.8538696],[2.3682197,48.8538766],[2.368209,48.8538768],[2.3681978,48.8538769],[2.3682123,48.8538083],[2.368215,48.853793],[2.3681963,48.8537784],[2.3681944,48.8537664],[2.3681928,48.853756],[2.3682937,48.8537481],[2.368293,48.8537457],[2.3682969,48.8537452],[2.3683018,48.8537472],[2.3683162,48.8537466],[2.3683329,48.853742],[2.3683459,48.8537346],[2.3683556,48.8537261],[2.3683605,48.8537149],[2.3683599,48.8537035],[2.3683556,48.8536958],[2.3683492,48.8536889],[2.3683529,48.8536876],[2.3683317,48.8536405],[2.3683244,48.8536244],[2.3683803,48.8536138],[2.3683637,48.8535773],[2.3683083,48.8535886],[2.3682672,48.8534971],[2.3682476,48.8534535],[2.368246,48.85345],[2.3682403,48.8534509],[2.3682413,48.8534405],[2.368239,48.8534324],[2.3682294,48.853421],[2.3682137,48.8534126],[2.3681971,48.8534088],[2.368179,48.853409],[2.3681649,48.8534111],[2.3681521,48.8534161],[2.3681507,48.8534123],[2.3681425,48.8533839],[2.3681336,48.8533526],[2.3682569,48.8533351],[2.3683624,48.8533234],[2.3683929,48.8533236],[2.3684157,48.8533291],[2.368437,48.8533403],[2.3684563,48.8533502],[2.3684768,48.8533638],[2.3684958,48.8533845],[2.3685505,48.8534674],[2.3685827,48.8535055],[2.3686144,48.8535342],[2.3686456,48.8535553],[2.3686568,48.8535654],[2.368702,48.8535873],[2.3687291,48.8536001],[2.3687589,48.8536157],[2.3687939,48.8536336],[2.3688116,48.8536444],[2.3688281,48.8536588],[2.3688454,48.8536765],[2.368862,48.8537024],[2.3688706,48.8537284],[2.3688702,48.8537549],[2.3688633,48.8537922],[2.3688328,48.8538006],[2.368756,48.853811],[2.3685357,48.8538401]]]},"properties":{"highway":"footway","surface":"asphalt","id":"way/136604289"}},{"type":"Feature","id":"way/175660392","geometry":{"type":"Polygon","coordinates":[[[2.3624779,48.8569701],[2.3624397,48.8569826],[2.3624131,48.8569913],[2.3623054,48.8570266],[2.3622679,48.8569851],[2.3621346,48.8570288],[2.3619407,48.8567633],[2.3619762,48.8567517],[2.3619791,48.8567557],[2.3621835,48.8566921],[2.3621807,48.8566881],[2.3622543,48.8566637],[2.3624779,48.8569701]]]},"properties":{"leisure":"park","name":"Jardin de l'hôtel-Lamoignon - Mark-Ashton","surface":"gravel","id":"way/175660392"}},{"type":"Feature","id":"way/187289769","geometry":{"type":"Polygon","coordinates":[[[2.3612654,48.8538847],[2.361205,48.8539028],[2.3611421,48.8538087],[2.3611162,48.8537721],[2.3611102,48.853771],[2.3610837,48.8537415],[2.3611804,48.8537053],[2.3611933,48.8537003],[2.3612193,48.8536904],[2.3612815,48.8537654],[2.3613412,48.8537444],[2.3613562,48.8537592],[2.361406,48.8537411],[2.361396,48.8537287],[2.3614328,48.853714],[2.3613932,48.8536711],[2.3614901,48.8536316],[2.3615432,48.8536099],[2.3616021,48.8535858],[2.3616538,48.8536429],[2.3616429,48.8536472],[2.3616587,48.8536634],[2.3616764,48.8536857],[2.3616393,48.8536979],[2.3616461,48.8537155],[2.3617116,48.8537026],[2.3617786,48.8537858],[2.3616824,48.8538173],[2.361648,48.8537725],[2.3616044,48.8537866],[2.3616054,48.8537881],[2.3615797,48.8537966],[2.3615609,48.853772],[2.3615171,48.8537878],[2.3615233,48.8537951],[2.3614348,48.8538219],[2.3613917,48.853836],[2.3613706,48.8538114],[2.3613541,48.853816],[2.3613464,48.8538067],[2.3612928,48.853825],[2.3613237,48.8538683],[2.3612654,48.8538847]]]},"properties":{"highway":"pedestrian","name":"Voie B/4","surface":"paving_stones","id":"way/187289769"}},{"type":"Feature","id":"way/227149224","geometry":{"type":"Polygon","coordinates":[[[2.3628417,48.8573365],[2.3629215,48.8573114],[2.362949,48.8573511],[2.3628712,48.8573767],[2.3628417,48.8573365]]]},"properties":{"landuse":"grass","id":"way/227149224"}},{"type":"Feature","id":"way/227149225","geometry":{"type":"Polygon","coordinates":[[[2.3628335,48.8573204],[2.3628048,48.8572801],[2.3628842,48.8572556],[2.3629129,48.8572959],[2.3628335,48.8573204]]]},"properties":{"landuse":"grass","id":"way/227149225"}},{"type":"Feature","id":"way/227149226","geometry":{"type":"Polygon","coordinates":[[[2.3627558,48.8573652],[2.3628162,48.8573463],[2.362847,48.8573851],[2.3627954,48.8574023],[2.3627914,48.8573935],[2.3627713,48.8573846],[2.3627619,48.8573763],[2.3627558,48.8573652]]]},"properties":{"landuse":"grass","id":"way/227149226"}},{"type":"Feature","id":"way/227149227","geometry":{"type":"Polygon","coordinates":[[[2.3627458,48.8573485],[2.3627351,48.8573339],[2.3627344,48.8573238],[2.3627337,48.8573128],[2.3627257,48.8573022],[2.362778,48.857285],[2.3628082,48.8573282],[2.3627458,48.8573485]]]},"properties":{"landuse":"grass","id":"way/227149227"}},{"type":"Feature","id":"way/265229680","geometry":{"type":"Polygon","coordinates":[[[2.3614348,48.8538219],[2.3615233,48.8537951],[2.3615171,48.8537878],[2.3615609,48.853772],[2.3615797,48.8537966],[2.3616016,48.8538282],[2.3615517,48.8538426],[2.3614713,48.8538656],[2.3614348,48.8538219]]]},"properties":{"building":"yes","id":"way/265229680"}},{"type":"Feature","id":"way/322758768","geometry":{"type":"Polygon","coordinates":[[[2.3626944,48.8584251],[2.3626591,48.858413],[2.3635724,48.8580793],[2.3636966,48.8582623],[2.3636952,48.8582659],[2.3636885,48.8582839],[2.3636844,48.8582974],[2.363681,48.8583043],[2.3632981,48.8585067],[2.3629082,48.858645],[2.3629009,48.8586434],[2.3628935,48.8586417],[2.3628745,48.8586375],[2.3628554,48.8586332],[2.3628414,48.8586301],[2.3626944,48.8584251]]]},"properties":{"leisure":"park","name":"Square Léopold Achille","id":"way/322758768"}},{"type":"Feature","id":"way/350599788","geometry":{"type":"Polygon","coordinates":[[[2.3621298,48.8578577],[2.3622128,48.8579741],[2.3622204,48.8579857],[2.3622249,48.8579925],[2.3619374,48.8581065],[2.36192,48.8580878],[2.3618603,48.8581107],[2.3617789,48.8580214],[2.3618385,48.8579982],[2.3618219,48.8579786],[2.3621298,48.8578577]]]},"properties":{"leisure":"park","name":"Jardin Lazare-Rachline","id":"way/350599788"}},{"type":"Feature","id":"way/472237322","geometry":{"type":"Polygon","coordinates":[[[2.3597376,48.8554814],[2.3597176,48.8554833],[2.359701,48.8554801],[2.3596891,48.8554748],[2.3596818,48.8554676],[2.359653,48.8553977],[2.3596393,48.8553634],[2.3600469,48.8552877],[2.3601378,48.8552701],[2.3603623,48.8552266],[2.3610424,48.8550978],[2.3614388,48.8550115],[2.361475,48.8550021],[2.3618458,48.8549059],[2.3618688,48.8548999],[2.3619113,48.8549559],[2.3618795,48.8549651],[2.3616448,48.8550327],[2.3615235,48.8550693],[2.3614928,48.8550785],[2.360998,48.8551971],[2.3609618,48.8552067],[2.3609199,48.8552151],[2.3605772,48.8552955],[2.3603562,48.8553499],[2.3603304,48.855357],[2.3602356,48.8553798],[2.3601633,48.8553972],[2.360127,48.8554064],[2.3600733,48.8554128],[2.3597376,48.8554814]]]},"properties":{"highway":"pedestrian","name":"Place des Combattantes et Combattants du Sida","surface":"paving_stones","id":"way/472237322"}},{"type":"Feature","id":"way/606503738","geometry":{"type":"Polygon","coordinates":[[[2.3642802,48.8563612],[2.3642651,48.8563364],[2.3642886,48.8563302],[2.3643037,48.856355],[2.3642802,48.8563612]]]},"properties":{"building":"kiosk","name":"Le kiosque de Paris","id":"way/606503738"}},{"type":"Feature","id":"way/874427565","geometry":{"type":"Polygon","coordinates":[[[2.366626,48.8572139],[2.3666097,48.8572166],[2.3665828,48.8571553],[2.3667804,48.8571226],[2.3668043,48.8571821],[2.366626,48.8572139]]]},"properties":{"landuse":"flowerbed","surface":"compacted","id":"way/874427565"}},{"type":"Feature","id":"way/1022341235","geometry":{"type":"Polygon","coordinates":[[[2.3629779,48.8536027],[2.3628151,48.8534445],[2.3631638,48.8532892],[2.3633265,48.8534474],[2.3629779,48.8536027]]]},"properties":{"building":"yes","id":"way/1022341235"}},{"type":"Feature","id":"way/1103022971","geometry":{"type":"Polygon","coordinates":[[[2.3667751,48.8566642],[2.3667946,48.8566539],[2.3669426,48.8565758],[2.3669649,48.856564],[2.3669781,48.856557],[2.3670126,48.8565388],[2.3670787,48.856504],[2.3671443,48.8564693],[2.3672692,48.8564513],[2.3672791,48.8564497],[2.3672932,48.8564474],[2.3672941,48.8565374],[2.3672942,48.8565446],[2.3672885,48.8565603],[2.3672805,48.85657],[2.367265,48.8565819],[2.3672466,48.8565892],[2.3672258,48.8565764],[2.3671018,48.8566013],[2.3671219,48.8566146],[2.3670843,48.8566216],[2.3669988,48.8566375],[2.3669861,48.8566236],[2.3669127,48.8566377],[2.3669043,48.8566534],[2.3669056,48.8566569],[2.3667822,48.8566792],[2.3667788,48.856672],[2.3667751,48.8566642]]]},"properties":{"highway":"footway","id":"way/1103022971"}},{"type":"Feature","id":"way/1103022972","geometry":{"type":"Polygon","coordinates":[[[2.3666378,48.8567518],[2.3666339,48.8567446],[2.366631,48.8567392],[2.3667115,48.8567242],[2.3667175,48.8567407],[2.3668339,48.8567207],[2.367085,48.8566713],[2.3670937,48.8566518],[2.3671139,48.856648],[2.3672339,48.8566249],[2.3672506,48.8566254],[2.3672714,48.8566315],[2.3672868,48.8566448],[2.3672915,48.8566611],[2.3672935,48.8566898],[2.3672799,48.856689],[2.3672651,48.8566882],[2.3672028,48.8566683],[2.3670158,48.856768],[2.3669582,48.8567986],[2.3668606,48.8568468],[2.3667678,48.8568926],[2.3667327,48.8567935],[2.3667364,48.8567929],[2.3667346,48.8567884],[2.3667426,48.8567871],[2.3667414,48.8567825],[2.3667394,48.8567814],[2.3667197,48.8567693],[2.3666447,48.8567517],[2.3666378,48.8567518]]]},"properties":{"highway":"footway","id":"way/1103022972"}},{"type":"Feature","id":"way/1164755193","geometry":{"type":"Polygon","coordinates":[[[2.366284,48.8547951],[2.3662552,48.8548243],[2.3662373,48.8548441],[2.3662391,48.8548482],[2.3662267,48.8548668],[2.3662227,48.8548648],[2.3662158,48.854863],[2.3662071,48.8548637],[2.3660384,48.8548918],[2.3659432,48.854908],[2.3653806,48.8550055],[2.3653399,48.8550124],[2.365334,48.8550121],[2.3653307,48.8550113],[2.365327,48.8550099],[2.3653241,48.8550072],[2.3653222,48.8550033],[2.3653148,48.8549847],[2.3652796,48.8548957],[2.3652827,48.8548952],[2.3652858,48.8548946],[2.365289,48.8549037],[2.3653048,48.854902],[2.3653289,48.8549639],[2.365342,48.8549617],[2.3653134,48.8548899],[2.3653511,48.8548835],[2.3653775,48.8549551],[2.3653893,48.8549532],[2.3653878,48.8549494],[2.3654636,48.8549356],[2.365595,48.8549142],[2.3656739,48.8548998],[2.3658037,48.854878],[2.3658861,48.8548648],[2.366013,48.8548424],[2.3661937,48.854811],[2.366284,48.8547951]]]},"properties":{"highway":"footway","surface":"paving_stones","id":"way/1164755193"}},{"type":"Feature","id":"way/1164755194","geometry":{"type":"Polygon","coordinates":[[[2.3667372,48.8559886],[2.3667404,48.8559968],[2.3667461,48.8560115],[2.3667148,48.8560163],[2.3666915,48.8560202],[2.3666804,48.8560207],[2.3666709,48.8560179],[2.3666655,48.856012],[2.3666579,48.8559922],[2.3665374,48.8556758],[2.3664909,48.8555536],[2.3664588,48.8554692],[2.3662803,48.8549969],[2.3662347,48.8548727],[2.3662267,48.8548668],[2.3662391,48.8548482],[2.3662373,48.8548441],[2.3662552,48.8548243],[2.366284,48.8547951],[2.3662924,48.8548161],[2.3662988,48.8548332],[2.36633,48.8549161],[2.3663488,48.8549647],[2.3663774,48.8550445],[2.3663963,48.8550925],[2.3664148,48.85514],[2.3664693,48.8552835],[2.3665222,48.855424],[2.3665414,48.8554754],[2.3665597,48.8555227],[2.3665897,48.8556017],[2.3666206,48.8556819],[2.3666382,48.8557289],[2.3666679,48.8558064],[2.3666858,48.8558546],[2.3667056,48.8559035],[2.3667372,48.8559886]]]},"properties":{"highway":"footway","surface":"paving_stones","id":"way/1164755194"}},{"type":"Feature","id":"way/1164755195","geometry":{"type":"Polygon","coordinates":[[[2.3658405,48.8563363],[2.365805,48.8562483],[2.3657981,48.85623],[2.3657959,48.8562246],[2.3657975,48.8562195],[2.3658046,48.8562157],[2.3658488,48.8562084],[2.3667338,48.8560642],[2.3667564,48.8560604],[2.3667618,48.8560746],[2.3667765,48.8561176],[2.3666982,48.8561292],[2.3665172,48.8561592],[2.3663889,48.8561796],[2.366205,48.8562084],[2.3660257,48.8562363],[2.3658881,48.8562592],[2.3659128,48.8563246],[2.3658405,48.8563363]]]},"properties":{"highway":"footway","surface":"asphalt","id":"way/1164755195"}},{"type":"Feature","id":"way/1164755196","geometry":{"type":"Polygon","coordinates":[[[2.3647838,48.8563822],[2.3648148,48.8563772],[2.3657084,48.8562312],[2.3657439,48.8562257],[2.3657493,48.8562259],[2.3657546,48.8562272],[2.36576,48.8562303],[2.3657624,48.8562357],[2.36577,48.856254],[2.3658035,48.8563421],[2.3657569,48.8563497],[2.3657285,48.8563544],[2.3657251,48.8563527],[2.3657156,48.8563291],[2.3657005,48.8562896],[2.3655595,48.8563116],[2.3653823,48.8563416],[2.3652564,48.8563618],[2.3652253,48.8563672],[2.3649432,48.8564137],[2.3648068,48.8564352],[2.3647902,48.8563945],[2.3647838,48.8563822]]]},"properties":{"highway":"footway","surface":"paving_stones","id":"way/1164755196"}},{"type":"Feature","id":"way/1164755197","geometry":{"type":"Polygon","coordinates":[[[2.3644002,48.8551759],[2.3643978,48.8551806],[2.3643985,48.8551853],[2.3644454,48.8553053],[2.3646284,48.8557741],[2.3646611,48.8558579],[2.3646846,48.8559193],[2.364834,48.8562978],[2.3648366,48.8563061],[2.3648358,48.8563119],[2.3648331,48.8563176],[2.3648274,48.8563216],[2.3648219,48.8563244],[2.3648153,48.8563262],[2.3647999,48.8563285],[2.3647642,48.8563337],[2.3647575,48.8563119],[2.3647114,48.8561931],[2.3646815,48.8561164],[2.3646523,48.8560407],[2.3646071,48.8559264],[2.3645774,48.8558489],[2.3645585,48.8558007],[2.3645161,48.8556914],[2.3644612,48.85555],[2.3644424,48.8554997],[2.3644117,48.855424],[2.3643585,48.8552833],[2.3643163,48.8551761],[2.3643481,48.8551766],[2.3643895,48.855176],[2.3644002,48.8551759]]]},"properties":{"highway":"footway","surface":"paving_stones","id":"way/1164755197"}},{"type":"Feature","id":"way/1164755198","geometry":{"type":"Polygon","coordinates":[[[2.3643163,48.8551761],[2.3642999,48.8551346],[2.3643304,48.8551293],[2.3643617,48.8551241],[2.3644399,48.8551115],[2.364565,48.8550902],[2.3647018,48.8550671],[2.3648769,48.8550376],[2.3650069,48.8550141],[2.3651833,48.854985],[2.3651847,48.8549886],[2.3652237,48.8549818],[2.3652708,48.8549737],[2.3652775,48.8549913],[2.3652853,48.8550098],[2.3652863,48.855012],[2.3652863,48.8550137],[2.3652862,48.8550156],[2.3652849,48.8550185],[2.3652822,48.855021],[2.3652799,48.8550225],[2.365276,48.8550233],[2.3652396,48.8550288],[2.3644093,48.8551695],[2.364403,48.8551729],[2.3644002,48.8551759],[2.3643895,48.855176],[2.3643481,48.8551766],[2.3643163,48.8551761]]]},"properties":{"highway":"footway","surface":"asphalt","id":"way/1164755198"}},{"type":"Feature","id":"way/1164755199","geometry":{"type":"Polygon","coordinates":[[[2.3651847,48.8549886],[2.3652237,48.8549818],[2.3652708,48.8549737],[2.3652775,48.8549913],[2.3652853,48.8550098],[2.3652607,48.8550139],[2.3651986,48.8550242],[2.3651847,48.8549886]]]},"properties":{"building:levels":"3","building:min_level":"1","building:part":"yes","id":"way/1164755199"}},{"type":"Feature","id":"way/1164755200","geometry":{"type":"Polygon","coordinates":[[[2.3648769,48.8550376],[2.3650069,48.8550141],[2.3651833,48.854985],[2.3651847,48.8549886],[2.3651986,48.8550242],[2.3648924,48.8550761],[2.3648769,48.8550376]]]},"properties":{"building:min_level":"1","building:part":"yes","id":"way/1164755200"}},{"type":"Feature","id":"way/1164755201","geometry":{"type":"Polygon","coordinates":[[[2.3645815,48.8551282],[2.364565,48.8550902],[2.3647018,48.8550671],[2.3648769,48.8550376],[2.3648924,48.8550761],[2.3645815,48.8551282]]]},"properties":{"building:min_level":"1","building:part":"yes","id":"way/1164755201"}},{"type":"Feature","id":"way/1164755202","geometry":{"type":"Polygon","coordinates":[[[2.3643617,48.8551241],[2.3644399,48.8551115],[2.364565,48.8550902],[2.3645815,48.8551282],[2.3643766,48.8551654],[2.3643617,48.8551241]]]},"properties":{"building:min_level":"1","building:part":"yes","id":"way/1164755202"}},{"type":"Feature","id":"way/1164755203","geometry":{"type":"Polygon","coordinates":[[[2.3643163,48.8551761],[2.3642999,48.8551346],[2.3643304,48.8551293],[2.3643617,48.8551241],[2.3643766,48.8551654],[2.3643163,48.8551761]]]},"properties":{"building:levels":"1","building:min_level":"1","building:part":"yes","id":"way/1164755203"}},{"type":"Feature","id":"way/1164755204","geometry":{"type":"Polygon","coordinates":[[[2.3644117,48.855424],[2.3643585,48.8552833],[2.3643163,48.8551761],[2.3643766,48.8551654],[2.3644713,48.8554142],[2.3644117,48.855424]]]},"properties":{"building:min_level":"1","building:part":"yes","id":"way/1164755204"}},{"type":"Feature","id":"way/1164755205","geometry":{"type":"Polygon","coordinates":[[[2.3644612,48.85555],[2.3644424,48.8554997],[2.3644117,48.855424],[2.3644713,48.8554142],[2.3645074,48.8555073],[2.36452,48.8555399],[2.3644612,48.85555]]]},"properties":{"building:min_level":"1","building:part":"yes","id":"way/1164755205"}},{"type":"Feature","id":"way/1164755206","geometry":{"type":"Polygon","coordinates":[[[2.3645585,48.8558007],[2.3645161,48.8556914],[2.3644612,48.85555],[2.36452,48.8555399],[2.3646192,48.8557908],[2.3645585,48.8558007]]]},"properties":{"building:min_level":"1","building:part":"yes","id":"way/1164755206"}},{"type":"Feature","id":"way/1164755207","geometry":{"type":"Polygon","coordinates":[[[2.3646071,48.8559264],[2.3645774,48.8558489],[2.3645585,48.8558007],[2.3646192,48.8557908],[2.3646667,48.8559161],[2.3646071,48.8559264]]]},"properties":{"building:min_level":"1","building:part":"yes","id":"way/1164755207"}},{"type":"Feature","id":"way/1164755208","geometry":{"type":"Polygon","coordinates":[[[2.3647418,48.8561062],[2.3646815,48.8561164],[2.3646523,48.8560407],[2.3646071,48.8559264],[2.3646667,48.8559161],[2.3647418,48.8561062]]]},"properties":{"building:min_level":"1","building:part":"yes","id":"way/1164755208"}},{"type":"Feature","id":"way/1164755209","geometry":{"type":"Polygon","coordinates":[[[2.3647575,48.8563119],[2.3647114,48.8561931],[2.3646815,48.8561164],[2.3647418,48.8561062],[2.3648188,48.8563013],[2.3647575,48.8563119]]]},"properties":{"building:min_level":"1","building:part":"yes","id":"way/1164755209"}},{"type":"Feature","id":"way/1164755211","geometry":{"type":"Polygon","coordinates":[[[2.3653823,48.8563416],[2.3652564,48.8563618],[2.3652253,48.8563672],[2.365211,48.8563271],[2.3653667,48.8563011],[2.3653823,48.8563416]]]},"properties":{"building:min_level":"1","building:part":"yes","id":"way/1164755211"}},{"type":"Feature","id":"way/1164755212","geometry":{"type":"Polygon","coordinates":[[[2.3657005,48.8562896],[2.3655595,48.8563116],[2.3653823,48.8563416],[2.3653667,48.8563011],[2.3656845,48.8562479],[2.3657005,48.8562896]]]},"properties":{"building:levels":"3","building:min_level":"1","building:part":"yes","id":"way/1164755212"}},{"type":"Feature","id":"way/1164755213","geometry":{"type":"Polygon","coordinates":[[[2.366205,48.8562084],[2.3660257,48.8562363],[2.3658881,48.8562592],[2.3659128,48.8563246],[2.3658405,48.8563363],[2.3658035,48.8563421],[2.3657569,48.8563497],[2.3657285,48.8563544],[2.3657251,48.8563527],[2.3657005,48.8562896],[2.3656845,48.8562479],[2.3657313,48.8562406],[2.3657624,48.8562357],[2.3657782,48.8562332],[2.3657981,48.85623],[2.365815,48.8562273],[2.3661913,48.8561664],[2.366205,48.8562084]]]},"properties":{"building:levels":"3","building:min_level":"1","building:part":"yes","id":"way/1164755213"}},{"type":"Feature","id":"way/1164755214","geometry":{"type":"Polygon","coordinates":[[[2.3665172,48.8561592],[2.3663889,48.8561796],[2.366205,48.8562084],[2.3661913,48.8561664],[2.3665012,48.8561168],[2.3665172,48.8561592]]]},"properties":{"building:levels":"3","building:min_level":"1","building:part":"yes","id":"way/1164755214"}},{"type":"Feature","id":"way/1164755215","geometry":{"type":"Polygon","coordinates":[[[2.3667618,48.8560746],[2.3667765,48.8561176],[2.3666982,48.8561292],[2.3665172,48.8561592],[2.3665012,48.8561168],[2.3667341,48.8560791],[2.3667618,48.8560746]]]},"properties":{"building:min_level":"1","building:part":"yes","id":"way/1164755215"}},{"type":"Feature","id":"way/1164755216","geometry":{"type":"Polygon","coordinates":[[[2.3666858,48.8558546],[2.3667056,48.8559035],[2.3667372,48.8559886],[2.3667359,48.8559888],[2.3666733,48.8559986],[2.3666726,48.8559969],[2.3666232,48.855865],[2.3666858,48.8558546]]]},"properties":{"building:min_level":"1","building:part":"yes","id":"way/1164755216"}},{"type":"Feature","id":"way/1164755217","geometry":{"type":"Polygon","coordinates":[[[2.3666382,48.8557289],[2.3666679,48.8558064],[2.3666858,48.8558546],[2.3666232,48.855865],[2.3665759,48.85574],[2.3666382,48.8557289]]]},"properties":{"building:min_level":"1","building:part":"yes","id":"way/1164755217"}},{"type":"Feature","id":"way/1164755218","geometry":{"type":"Polygon","coordinates":[[[2.3665897,48.8556017],[2.3666206,48.8556819],[2.3666382,48.8557289],[2.3665759,48.85574],[2.3665285,48.8556125],[2.3665897,48.8556017]]]},"properties":{"building:min_level":"1","building:part":"yes","id":"way/1164755218"}},{"type":"Feature","id":"way/1164755219","geometry":{"type":"Polygon","coordinates":[[[2.3665414,48.8554754],[2.3665597,48.8555227],[2.3665897,48.8556017],[2.3665285,48.8556125],[2.3664797,48.8554855],[2.3665414,48.8554754]]]},"properties":{"building:min_level":"1","building:part":"yes","id":"way/1164755219"}},{"type":"Feature","id":"way/1164755220","geometry":{"type":"Polygon","coordinates":[[[2.3664693,48.8552835],[2.3665222,48.855424],[2.3665414,48.8554754],[2.3664797,48.8554855],[2.3664085,48.855294],[2.3664693,48.8552835]]]},"properties":{"building:min_level":"1","building:part":"yes","id":"way/1164755220"}},{"type":"Feature","id":"way/1164755221","geometry":{"type":"Polygon","coordinates":[[[2.3663963,48.8550925],[2.3664148,48.85514],[2.3664693,48.8552835],[2.3664085,48.855294],[2.3663355,48.8551032],[2.3663963,48.8550925]]]},"properties":{"building:min_level":"1","building:part":"yes","id":"way/1164755221"}},{"type":"Feature","id":"way/1164755222","geometry":{"type":"Polygon","coordinates":[[[2.3663488,48.8549647],[2.3663774,48.8550445],[2.3663963,48.8550925],[2.3663355,48.8551032],[2.3662888,48.8549749],[2.3663488,48.8549647]]]},"properties":{"building:min_level":"1","building:part":"yes","id":"way/1164755222"}},{"type":"Feature","id":"way/1164755223","geometry":{"type":"Polygon","coordinates":[[[2.3662988,48.8548332],[2.36633,48.8549161],[2.3663488,48.8549647],[2.3662888,48.8549749],[2.3662391,48.8548482],[2.3662373,48.8548441],[2.3662988,48.8548332]]]},"properties":{"building:min_level":"1","building:part":"yes","id":"way/1164755223"}},{"type":"Feature","id":"way/1164755224","geometry":{"type":"Polygon","coordinates":[[[2.366013,48.8548424],[2.3661937,48.854811],[2.366284,48.8547951],[2.3662924,48.8548161],[2.3662988,48.8548332],[2.3662373,48.8548441],[2.3662391,48.8548482],[2.3660302,48.8548836],[2.366013,48.8548424]]]},"properties":{"building:min_level":"1","building:part":"yes","id":"way/1164755224"}},{"type":"Feature","id":"way/1164755225","geometry":{"type":"Polygon","coordinates":[[[2.3658037,48.854878],[2.3658861,48.8548648],[2.366013,48.8548424],[2.3660302,48.8548836],[2.3658213,48.8549194],[2.3658037,48.854878]]]},"properties":{"building:min_level":"1","building:part":"yes","id":"way/1164755225"}},{"type":"Feature","id":"way/1164755226","geometry":{"type":"Polygon","coordinates":[[[2.365595,48.8549142],[2.3656739,48.8548998],[2.3658037,48.854878],[2.3658213,48.8549194],[2.3656113,48.8549541],[2.365595,48.8549142]]]},"properties":{"building:min_level":"1","building:part":"yes","id":"way/1164755226"}},{"type":"Feature","id":"way/1164755227","geometry":{"type":"Polygon","coordinates":[[[2.3653893,48.8549532],[2.3653878,48.8549494],[2.3654636,48.8549356],[2.365595,48.8549142],[2.3656113,48.8549541],[2.3654027,48.8549896],[2.3653893,48.8549532]]]},"properties":{"building:min_level":"1","building:part":"yes","id":"way/1164755227"}},{"type":"Feature","id":"way/1164755243","geometry":{"type":"Polygon","coordinates":[[[2.3652853,48.8550098],[2.3652775,48.8549913],[2.3652708,48.8549737],[2.365242,48.8549021],[2.3652796,48.8548957],[2.3652827,48.8548952],[2.3652858,48.8548946],[2.365289,48.8549037],[2.3653048,48.854902],[2.3653289,48.8549639],[2.365342,48.8549617],[2.3653134,48.8548899],[2.3653511,48.8548835],[2.3653775,48.8549551],[2.3653893,48.8549532],[2.3654027,48.8549896],[2.3653222,48.8550033],[2.3653041,48.8550064],[2.3652853,48.8550098]]]},"properties":{"building:levels":"3","building:min_level":"1","building:part":"yes","id":"way/1164755243"}},{"type":"Feature","id":"way/1164756282","geometry":{"type":"Polygon","coordinates":[[[2.3646977,48.8552369],[2.3646621,48.8552764],[2.3646333,48.8552776],[2.3646043,48.8552789],[2.3646132,48.8552637],[2.3646328,48.8552451],[2.3646563,48.8552314],[2.3646806,48.8552232],[2.36528,48.8551204],[2.3653965,48.8551006],[2.366001,48.8549971],[2.3660339,48.8549936],[2.3660634,48.854996],[2.3660956,48.8550049],[2.3661174,48.8550148],[2.3661355,48.85503],[2.3661057,48.8550329],[2.3660691,48.8550365],[2.3660105,48.8550135],[2.3659913,48.8550168],[2.3657013,48.8550665],[2.3655087,48.8550989],[2.3654537,48.8551083],[2.3653717,48.8551222],[2.3653774,48.8551397],[2.365359,48.8551424],[2.3653402,48.8551456],[2.3653344,48.8551286],[2.3652427,48.8551442],[2.3651952,48.8551523],[2.3649896,48.8551873],[2.3647385,48.85523],[2.3646977,48.8552369]]]},"properties":{"highway":"footway","surface":"paving_stones","id":"way/1164756282"}},{"type":"Feature","id":"way/1164756283","geometry":{"type":"Polygon","coordinates":[[[2.3664041,48.8559654],[2.3664161,48.8559507],[2.3664342,48.8559561],[2.3664549,48.8559335],[2.3664402,48.8558949],[2.3663764,48.8557274],[2.3663162,48.8555692],[2.3663127,48.8555601],[2.3662941,48.8555107],[2.3662756,48.8555133],[2.3662706,48.8554994],[2.3662663,48.8554889],[2.3662857,48.8554858],[2.3662651,48.855436],[2.3662598,48.8554228],[2.3661997,48.8552606],[2.3661205,48.8550567],[2.3660691,48.8550365],[2.3661057,48.8550329],[2.3661355,48.85503],[2.3661432,48.8550388],[2.3661513,48.8550536],[2.3663174,48.8554919],[2.3664905,48.8559446],[2.3664916,48.8559513],[2.366491,48.855959],[2.3664879,48.8559666],[2.3664829,48.8559731],[2.3664624,48.8559949],[2.3664449,48.8559847],[2.3664041,48.8559654]]]},"properties":{"highway":"footway","surface":"paving_stones","id":"way/1164756283"}},{"type":"Feature","id":"way/1164756284","geometry":{"type":"Polygon","coordinates":[[[2.3650739,48.8562193],[2.3651305,48.8562098],[2.3653807,48.856168],[2.3655772,48.8561354],[2.3656619,48.8561227],[2.3657138,48.8561149],[2.3657098,48.8561021],[2.3657282,48.8560993],[2.3657464,48.8560964],[2.3657535,48.8561086],[2.3658794,48.8560881],[2.3658906,48.8560863],[2.3660854,48.8560546],[2.3663469,48.8560119],[2.36639,48.8560049],[2.3664069,48.8559863],[2.3663905,48.8559797],[2.3664041,48.8559654],[2.3664449,48.8559847],[2.3664624,48.8559949],[2.36645,48.8560093],[2.3664396,48.8560165],[2.3664295,48.8560201],[2.3664178,48.8560225],[2.3658026,48.8561204],[2.3656634,48.856144],[2.3650948,48.8562369],[2.365066,48.85624],[2.3650408,48.8562398],[2.3650167,48.8562369],[2.3649912,48.856229],[2.365007,48.8562116],[2.3650192,48.8561982],[2.3650739,48.8562193]]]},"properties":{"highway":"footway","surface":"paving_stones","id":"way/1164756284"}},{"type":"Feature","id":"way/1164756285","geometry":{"type":"Polygon","coordinates":[[[2.3646321,48.8553098],[2.364645,48.8553438],[2.3646901,48.8554588],[2.3647737,48.8556838],[2.3647945,48.8557339],[2.3648162,48.8557304],[2.3648201,48.8557404],[2.3648245,48.855751],[2.3648027,48.8557545],[2.3648176,48.8557938],[2.3649649,48.8561772],[2.3650192,48.8561982],[2.365007,48.8562116],[2.3649912,48.856229],[2.3649714,48.8562195],[2.3649587,48.8562091],[2.3649473,48.8561981],[2.3649412,48.8561893],[2.3649362,48.8561789],[2.3647701,48.8557507],[2.3646061,48.8553319],[2.3646001,48.8553127],[2.3645989,48.8552998],[2.3646013,48.8552899],[2.3646043,48.8552789],[2.3646333,48.8552776],[2.3646621,48.8552764],[2.3646321,48.8553098]]]},"properties":{"highway":"footway","surface":"asphalt","id":"way/1164756285"}},{"type":"Feature","id":"way/1171761374","geometry":{"type":"Polygon","coordinates":[[[2.3618512,48.8551532],[2.3617786,48.8551436],[2.3617776,48.8551288],[2.3617819,48.855111],[2.361794,48.8550971],[2.3618191,48.8550832],[2.3619337,48.8550392],[2.3623261,48.8548887],[2.3623791,48.8548683],[2.3623968,48.8548632],[2.3624149,48.8548628],[2.3624324,48.8548666],[2.3624407,48.8548696],[2.362438,48.8548837],[2.3624366,48.8548907],[2.362354,48.8549255],[2.3623372,48.8549326],[2.3623417,48.8549403],[2.3622784,48.8549628],[2.3622473,48.8549738],[2.3621783,48.8549979],[2.3621652,48.8550025],[2.3620878,48.8550358],[2.3620775,48.8550402],[2.3620227,48.8550635],[2.3619939,48.8550758],[2.3619993,48.8550834],[2.3619528,48.8551053],[2.3618512,48.8551532]]]},"properties":{"highway":"footway","surface":"asphalt","id":"way/1171761374"}},{"type":"Feature","id":"way/1171761375","geometry":{"type":"Polygon","coordinates":[[[2.3616564,48.8552044],[2.3616196,48.8551953],[2.3615938,48.8552011],[2.3615428,48.8552125],[2.3615165,48.8552184],[2.361388,48.8552493],[2.3613201,48.8552656],[2.3612549,48.8552807],[2.3612425,48.8552934],[2.3611975,48.855274],[2.3612026,48.855261],[2.3612146,48.8552475],[2.3612384,48.8552374],[2.3615841,48.8551555],[2.3615987,48.8551531],[2.3616148,48.8551518],[2.3616287,48.8551532],[2.3616453,48.8551572],[2.3616582,48.8551629],[2.3616684,48.8551714],[2.3616743,48.8551783],[2.361673,48.8551802],[2.3616564,48.8552044]]]},"properties":{"highway":"footway","surface":"paving_stones","id":"way/1171761375"}},{"type":"Feature","id":"way/1174629857","geometry":{"type":"Polygon","coordinates":[[[2.3626098,48.8564025],[2.3627614,48.8563637],[2.3627848,48.8564047],[2.3628301,48.8564845],[2.3628562,48.8565303],[2.3627047,48.8565694],[2.3626704,48.8565092],[2.362656,48.8564838],[2.3626098,48.8564025]]]},"properties":{"building":"apartments","id":"way/1174629857"}},{"type":"Feature","id":"way/1174630170","geometry":{"type":"Polygon","coordinates":[[[2.36286,48.8564773],[2.3628555,48.8564693],[2.3628996,48.8564587],[2.3629041,48.8564667],[2.3630802,48.8564242],[2.3631613,48.8564046],[2.3631868,48.8564504],[2.363151,48.8564592],[2.3628562,48.8565303],[2.3628301,48.8564845],[2.36286,48.8564773]]]},"properties":{"building":"apartments","id":"way/1174630170"}},{"type":"Feature","id":"way/1174630658","geometry":{"type":"Polygon","coordinates":[[[2.3629756,48.8563126],[2.3630842,48.8562818],[2.3631245,48.8562704],[2.3632302,48.8564398],[2.3631868,48.8564504],[2.3631613,48.8564046],[2.3630802,48.8564242],[2.3630723,48.8564097],[2.3629601,48.8564365],[2.3629404,48.8564007],[2.3628779,48.8564157],[2.3628617,48.8563863],[2.3627848,48.8564047],[2.3627614,48.8563637],[2.3628087,48.8563524],[2.36286,48.8563402],[2.3629756,48.8563126]]]},"properties":{"building":"apartments","id":"way/1174630658"}},{"type":"Feature","id":"way/1174631643","geometry":{"type":"Polygon","coordinates":[[[2.3629756,48.8563126],[2.36286,48.8563402],[2.3628314,48.8562883],[2.3629469,48.8562604],[2.3629756,48.8563126]]]},"properties":{"building":"apartments","id":"way/1174631643"}},{"type":"Feature","id":"way/1174632649","geometry":{"type":"Polygon","coordinates":[[[2.3631216,48.8557378],[2.3630065,48.8557727],[2.36287,48.8558141],[2.3629395,48.8559386],[2.3628954,48.8559495],[2.3627876,48.8557852],[2.3628497,48.8557662],[2.3630589,48.8557023],[2.3630902,48.8556942],[2.3630914,48.8556939],[2.3631096,48.8557202],[2.3631216,48.8557378]]]},"properties":{"building":"yes","id":"way/1174632649"}},{"type":"Feature","id":"way/1174632650","geometry":{"type":"Polygon","coordinates":[[[2.3632236,48.8559552],[2.3632304,48.8559669],[2.3632718,48.8559569],[2.3633001,48.8559959],[2.363331,48.8559881],[2.3633422,48.8560047],[2.3633098,48.8560124],[2.363321,48.8560321],[2.3632175,48.8560597],[2.3632129,48.8560608],[2.3631635,48.8559698],[2.3632236,48.8559552]]]},"properties":{"building":"yes","id":"way/1174632650"}},{"type":"Feature","id":"way/1174632651","geometry":{"type":"Polygon","coordinates":[[[2.3634155,48.8561703],[2.3634122,48.8561713],[2.3634202,48.856184],[2.3633063,48.8562164],[2.3632033,48.8560754],[2.3632216,48.8560688],[2.3632175,48.8560597],[2.363321,48.8560321],[2.3633257,48.8560309],[2.3633778,48.8561117],[2.3634155,48.8561703]]]},"properties":{"building":"yes","id":"way/1174632651"}},{"type":"Feature","id":"way/1174632652","geometry":{"type":"Polygon","coordinates":[[[2.3628954,48.8559495],[2.3629395,48.8559386],[2.3629622,48.855933],[2.3630107,48.8560134],[2.3631055,48.8559907],[2.3631497,48.8560668],[2.3630538,48.8560899],[2.3629853,48.8561064],[2.3629588,48.8560593],[2.3629016,48.8559589],[2.3628954,48.8559495]]]},"properties":{"building":"yes","id":"way/1174632652"}},{"type":"Feature","id":"way/1174632653","geometry":{"type":"Polygon","coordinates":[[[2.3629853,48.8561064],[2.3630538,48.8560899],[2.3630926,48.8561583],[2.3631945,48.8561333],[2.3632608,48.8562306],[2.363233,48.8562387],[2.3631245,48.8562704],[2.3630842,48.8562818],[2.3630453,48.8562128],[2.3629853,48.8561064]]]},"properties":{"building":"yes","id":"way/1174632653"}},{"type":"Feature","id":"way/1174634451","geometry":{"type":"Polygon","coordinates":[[[2.3633874,48.8559028],[2.3633362,48.8558304],[2.3634298,48.8558024],[2.3634794,48.855876],[2.3634646,48.8558803],[2.3633874,48.8559028]]]},"properties":{"building":"yes","id":"way/1174634451"}},{"type":"Feature","id":"way/1174634452","geometry":{"type":"Polygon","coordinates":[[[2.3633636,48.8556606],[2.3634325,48.8557586],[2.3634365,48.8557569],[2.3634458,48.8557711],[2.3634742,48.8557634],[2.3635303,48.855861],[2.3634794,48.855876],[2.3634298,48.8558024],[2.3633362,48.8558304],[2.3632506,48.8556984],[2.3632484,48.8556952],[2.3633636,48.8556606]]]},"properties":{"building":"yes","id":"way/1174634452"}},{"type":"Feature","id":"way/1174634453","geometry":{"type":"Polygon","coordinates":[[[2.3635015,48.855935],[2.3634646,48.8558803],[2.3634794,48.855876],[2.3635303,48.855861],[2.3635621,48.8559169],[2.3635015,48.855935]]]},"properties":{"building":"yes","id":"way/1174634453"}},{"type":"Feature","id":"way/1174634454","geometry":{"type":"Polygon","coordinates":[[[2.3635001,48.8559594],[2.3634987,48.855957],[2.3635742,48.8559378],[2.3636093,48.8559957],[2.3636683,48.8560912],[2.3634155,48.8561703],[2.3633778,48.8561117],[2.3635615,48.8560636],[2.3635001,48.8559594]]]},"properties":{"building":"yes","id":"way/1174634454"}},{"type":"Feature","id":"way/1174634919","geometry":{"type":"Polygon","coordinates":[[[2.3633636,48.8556606],[2.3632484,48.8556952],[2.3632506,48.8556984],[2.3631883,48.8557149],[2.3631699,48.8557125],[2.363141,48.8556779],[2.3632108,48.8556569],[2.3633277,48.8556218],[2.363339,48.8556257],[2.3633539,48.8556468],[2.3633636,48.8556606]]]},"properties":{"building":"yes","id":"way/1174634919"}},{"type":"Feature","id":"way/1181332759","geometry":{"type":"Polygon","coordinates":[[[2.3665999,48.8577319],[2.3668291,48.8576956],[2.3668471,48.8577445],[2.366618,48.8577807],[2.3665999,48.8577319]]]},"properties":{"landuse":"flowerbed","id":"way/1181332759"}},{"type":"Feature","id":"way/1181332760","geometry":{"type":"Polygon","coordinates":[[[2.3668772,48.8577396],[2.3668589,48.8576908],[2.3669402,48.8576776],[2.3669585,48.8577264],[2.3668772,48.8577396]]]},"properties":{"landuse":"flowerbed","id":"way/1181332760"}},{"type":"Feature","id":"way/1181332761","geometry":{"type":"Polygon","coordinates":[[[2.3669879,48.8577201],[2.3669699,48.8576719],[2.3671775,48.8576382],[2.3671955,48.8576864],[2.3669879,48.8577201]]]},"properties":{"landuse":"flowerbed","id":"way/1181332761"}},{"type":"Feature","id":"way/1181332764","geometry":{"type":"Polygon","coordinates":[[[2.3670008,48.8574813],[2.3671165,48.8574855],[2.3669886,48.857506],[2.366894,48.857256],[2.3669132,48.8572539],[2.3670008,48.8574813]]]},"properties":{"landuse":"flowerbed","id":"way/1181332764"}},{"type":"Feature","id":"way/1189529240","geometry":{"type":"Polygon","coordinates":[[[2.3627066,48.85455],[2.3627854,48.8545216],[2.3628523,48.8544971],[2.3628642,48.8544928],[2.3629212,48.8544724],[2.3629282,48.8544699],[2.3629813,48.8544509],[2.3629747,48.8544436],[2.3629826,48.8544408],[2.3630267,48.8544251],[2.3630749,48.8544074],[2.3631224,48.85439],[2.3631868,48.8543658],[2.3632206,48.854353],[2.3632499,48.854342],[2.3632536,48.8543443],[2.363256,48.854343],[2.363328,48.8543152],[2.3634287,48.8542764],[2.3634879,48.8542576],[2.3634949,48.8542554],[2.3635691,48.8542313],[2.3635981,48.8542254],[2.3636317,48.8542186],[2.3636335,48.8542269],[2.3636337,48.8542336],[2.363629,48.8542433],[2.3636199,48.8542533],[2.3636008,48.8542619],[2.363541,48.8542834],[2.3630296,48.8544672],[2.3627482,48.8545684],[2.362736,48.8545715],[2.3627259,48.854572],[2.3627088,48.8545695],[2.3626974,48.8545643],[2.3626892,48.854558],[2.3627066,48.85455]]]},"properties":{"highway":"footway","surface":"asphalt","id":"way/1189529240"}},{"type":"Feature","id":"way/1189529241","geometry":{"type":"Polygon","coordinates":[[[2.3596185,48.8553297],[2.3596085,48.8553164],[2.3596288,48.8553132],[2.3596789,48.8552777],[2.3596825,48.8552768],[2.3597005,48.8552728],[2.3597041,48.8552774],[2.359721,48.8552744],[2.3598566,48.8552507],[2.3598935,48.8552426],[2.3599664,48.8552266],[2.3600552,48.8552063],[2.3600559,48.855205],[2.3600564,48.8552041],[2.3600568,48.8552033],[2.360076,48.8552004],[2.3600934,48.8551975],[2.3601553,48.855186],[2.3602197,48.8551737],[2.3602319,48.8551713],[2.3602779,48.8551625],[2.3602754,48.8551569],[2.3602956,48.8551527],[2.3603129,48.8551494],[2.3603813,48.8551365],[2.3604201,48.8551291],[2.3604213,48.8551316],[2.3605034,48.8551141],[2.3605844,48.8550971],[2.3606268,48.8550879],[2.3606554,48.8550817],[2.3608524,48.8550392],[2.3608777,48.8550337],[2.3608924,48.8550301],[2.3609586,48.855014],[2.3610458,48.8549928],[2.3610661,48.8549879],[2.3610889,48.8549823],[2.3611013,48.8549794],[2.3611417,48.8549697],[2.361154,48.8549667],[2.3612251,48.8549494],[2.3612325,48.8549474],[2.3613012,48.8549315],[2.3613715,48.854915],[2.3613761,48.8549139],[2.3613806,48.8549129],[2.3613579,48.8548842],[2.3613812,48.8548774],[2.3614011,48.8548715],[2.3614032,48.8548748],[2.3614079,48.8548745],[2.3614089,48.8548773],[2.361414,48.8548764],[2.3614194,48.8548828],[2.3614373,48.8548775],[2.3614344,48.8548725],[2.3614592,48.8548655],[2.3614839,48.8548586],[2.3614876,48.8548634],[2.3615131,48.8548567],[2.3615192,48.8548657],[2.3615884,48.8548462],[2.3616591,48.8548262],[2.3616537,48.8548161],[2.3616778,48.8548094],[2.361675,48.8548042],[2.3617007,48.8547969],[2.3617255,48.8547899],[2.3617292,48.854795],[2.361748,48.8547891],[2.3617702,48.8548246],[2.3617938,48.8548184],[2.3618149,48.8548128],[2.3619881,48.8547721],[2.3620409,48.8547601],[2.3620987,48.8547469],[2.3621099,48.8547443],[2.3621721,48.8547296],[2.3622431,48.85471],[2.3623078,48.8546921],[2.3623572,48.8546737],[2.3624006,48.8546576],[2.3624529,48.8546383],[2.3624966,48.8546221],[2.3625461,48.8546043],[2.3626029,48.8545842],[2.3626052,48.8545834],[2.3626131,48.8545816],[2.3626491,48.8545735],[2.3626597,48.8545859],[2.3626614,48.854595],[2.3626607,48.8546038],[2.3626553,48.854614],[2.3626376,48.8546263],[2.3626164,48.8546348],[2.3624243,48.8547117],[2.3622835,48.8547637],[2.3622199,48.8547802],[2.3618315,48.8548808],[2.3614574,48.8549777],[2.3605276,48.8551638],[2.3601122,48.8552421],[2.359636,48.8553267],[2.3596185,48.8553297]]]},"properties":{"highway":"footway","surface":"paving_stones","id":"way/1189529241"}},{"type":"Feature","id":"way/1189737205","geometry":{"type":"Polygon","coordinates":[[[2.3632057,48.8539091],[2.3631909,48.8538989],[2.3631804,48.8538917],[2.3631921,48.8538707],[2.363231,48.8538591],[2.3632437,48.8538553],[2.3632575,48.8538535],[2.3632706,48.853854],[2.3632853,48.8538584],[2.3632987,48.8538683],[2.3633047,48.8538746],[2.3636258,48.8542101],[2.363629,48.8542142],[2.3636317,48.8542186],[2.3635981,48.8542254],[2.3635691,48.8542313],[2.3634503,48.854107],[2.3634386,48.8540947],[2.363286,48.8539367],[2.3632803,48.8539308],[2.3632722,48.8539215],[2.3632057,48.8539091]]]},"properties":{"highway":"footway","surface":"asphalt","id":"way/1189737205"}},{"type":"Feature","id":"way/1196395464","geometry":{"type":"Polygon","coordinates":[[[2.3616887,48.8570951],[2.3616581,48.8570549],[2.3616849,48.8570461],[2.3617154,48.8570863],[2.3616887,48.8570951]]]},"properties":{"building":"roof","building:levels":"1","roof:orientation":"across","roof:shape":"round","id":"way/1196395464"}},{"type":"Feature","id":"way/1197828191","geometry":{"type":"Polygon","coordinates":[[[2.3663554,48.8534321],[2.3663504,48.8534194],[2.366341,48.8534205],[2.3663253,48.8533856],[2.3663848,48.8533709],[2.3663872,48.8533717],[2.3664093,48.853418],[2.3663972,48.8534212],[2.366381,48.8534254],[2.3663554,48.8534321]]]},"properties":{"building:levels":"2","building:part":"yes","roof:levels":"1","id":"way/1197828191"}},{"type":"Feature","id":"way/1197828192","geometry":{"type":"Polygon","coordinates":[[[2.3662236,48.8533526],[2.3662033,48.8533447],[2.3661909,48.8533315],[2.3661893,48.853316],[2.3661988,48.8533018],[2.3662173,48.8532921],[2.3662404,48.8532892],[2.366263,48.8532937],[2.3662798,48.8533046],[2.3662871,48.8533193],[2.366283,48.8533346],[2.3662686,48.8533469],[2.3662472,48.8533534],[2.3662236,48.8533526]]]},"properties":{"building:levels":"3","building:part":"yes","roof:shape":"flat","id":"way/1197828192"}},{"type":"Feature","id":"way/1197828193","geometry":{"type":"Polygon","coordinates":[[[2.3662599,48.8534078],[2.366254,48.8533951],[2.3662959,48.8533867],[2.3663018,48.8533994],[2.3662599,48.8534078]]]},"properties":{"building:levels":"3","building:part":"yes","roof:material":"slate","roof:shape":"round_hipped","id":"way/1197828193"}},{"type":"Feature","id":"way/1197828194","geometry":{"type":"Polygon","coordinates":[[[2.3662301,48.85334],[2.3662173,48.8533348],[2.3662102,48.853326],[2.3662108,48.8533161],[2.3662188,48.8533077],[2.3662321,48.853303],[2.3662472,48.8533034],[2.3662599,48.8533086],[2.366267,48.8533174],[2.3662665,48.8533273],[2.3662585,48.8533357],[2.3662452,48.8533404],[2.3662301,48.85334]]]},"properties":{"building:levels":"4","building:part":"yes","roof:material":"slate","roof:shape":"dome","id":"way/1197828194"}},{"type":"Feature","id":"way/1197828195","geometry":{"type":"Polygon","coordinates":[[[2.3661976,48.853387],[2.3661682,48.8533745],[2.366147,48.8533562],[2.3661366,48.8533342],[2.3661383,48.8533113],[2.3661518,48.85329],[2.3661756,48.8532731],[2.3662067,48.8532626],[2.3662414,48.8532597],[2.3662755,48.8532648],[2.3663049,48.8532772],[2.3663261,48.8532955],[2.3663365,48.8533175],[2.3663348,48.8533405],[2.3663213,48.8533617],[2.3662975,48.8533786],[2.3662664,48.8533892],[2.3662317,48.8533921],[2.3661976,48.853387]]]},"properties":{"building:part":"yes","roof:material":"slate","roof:shape":"dome","id":"way/1197828195"}},{"type":"Feature","id":"way/1197828206","geometry":{"type":"Polygon","coordinates":[[[2.3642825,48.8551821],[2.3642653,48.8551355],[2.3642626,48.8551241],[2.3643246,48.8551134],[2.364356,48.8551085],[2.3643617,48.8551241],[2.3643766,48.8551654],[2.3643163,48.8551761],[2.3642825,48.8551821]]]},"properties":{"building:part":"yes","roof:shape":"pyramidal","id":"way/1197828206"}},{"type":"Feature","id":"way/1197828207","geometry":{"type":"Polygon","coordinates":[[[2.3640683,48.8552186],[2.3639939,48.8552312],[2.3639517,48.8551761],[2.3639738,48.8551723],[2.3640421,48.8551606],[2.3640472,48.8551722],[2.3640683,48.8552186]]]},"properties":{"building:part":"yes","roof:shape":"pyramidal","id":"way/1197828207"}},{"type":"Feature","id":"way/1197828208","geometry":{"type":"Polygon","coordinates":[[[2.3640472,48.8551722],[2.3642653,48.8551355],[2.3642825,48.8551821],[2.3642512,48.8551876],[2.3640683,48.8552186],[2.3640472,48.8551722]]]},"properties":{"building:part":"yes","roof:shape":"hipped","id":"way/1197828208"}},{"type":"Feature","id":"way/1197828218","geometry":{"type":"Polygon","coordinates":[[[2.3638173,48.854446],[2.363806,48.8544494],[2.3637412,48.854469],[2.363696,48.8544827],[2.363682,48.8544869],[2.3636362,48.8544214],[2.3636954,48.8544026],[2.3637712,48.8543786],[2.3638173,48.854446]]]},"properties":{"building:levels":"1","building:part":"yes","roof:shape":"flat","id":"way/1197828218"}},{"type":"Feature","id":"way/1197828219","geometry":{"type":"Polygon","coordinates":[[[2.3639304,48.8545464],[2.3638569,48.8544373],[2.3639146,48.8544194],[2.3639556,48.8544779],[2.363993,48.8545275],[2.3639304,48.8545464]]]},"properties":{"building:levels":"2","building:min_level":"1","building:part":"yes","id":"way/1197828219"}},{"type":"Feature","id":"way/1208830613","geometry":{"type":"Polygon","coordinates":[[[2.3655619,48.8565027],[2.3655566,48.8564894],[2.3656503,48.8564734],[2.3656555,48.8564867],[2.3655619,48.8565027]]]},"properties":{"building:levels":"1","building:part":"yes","id":"way/1208830613"}},{"type":"Feature","id":"way/1208830614","geometry":{"type":"Polygon","coordinates":[[[2.3662005,48.8563119],[2.3662412,48.8563047],[2.3662559,48.8563437],[2.3662131,48.8563501],[2.3662005,48.8563119]]]},"properties":{"building:levels":"2","building:part":"yes","roof:levels":"0","id":"way/1208830614"}},{"type":"Feature","id":"way/1208830615","geometry":{"type":"Polygon","coordinates":[[[2.3659692,48.856349],[2.3659812,48.8563859],[2.365937,48.8563903],[2.3659268,48.8563552],[2.3659692,48.856349]]]},"properties":{"building:levels":"2","building:part":"yes","roof:levels":"0","id":"way/1208830615"}},{"type":"Feature","id":"way/1208830617","geometry":{"type":"Polygon","coordinates":[[[2.3629003,48.8571145],[2.3629391,48.8571679],[2.3628723,48.8571889],[2.3628335,48.8571356],[2.3629003,48.8571145]]]},"properties":{"building:material":"limestone","building:part":"yes","roof:shape":"mansard","id":"way/1208830617"}},{"type":"Feature","id":"way/1208830618","geometry":{"type":"Polygon","coordinates":[[[2.3628788,48.8571813],[2.3628477,48.857136],[2.362897,48.8571214],[2.362928,48.8571667],[2.3628788,48.8571813]]]},"properties":{"building:material":"limestone","building:part":"yes","roof:material":"metal","roof:shape":"hipped","id":"way/1208830618"}},{"type":"Feature","id":"way/1208830619","geometry":{"type":"Polygon","coordinates":[[[2.3628543,48.8571158],[2.3628027,48.8570438],[2.362837,48.8570332],[2.3628885,48.8571052],[2.3628543,48.8571158]]]},"properties":{"building:material":"limestone","building:part":"yes","roof:material":"metal","roof:shape":"hipped","id":"way/1208830619"}},{"type":"Feature","id":"way/1208830620","geometry":{"type":"Polygon","coordinates":[[[2.3627853,48.8569563],[2.3628241,48.8570096],[2.3627573,48.8570306],[2.3627185,48.8569773],[2.3627853,48.8569563]]]},"properties":{"building:material":"limestone","building:part":"yes","roof:shape":"mansard","id":"way/1208830620"}},{"type":"Feature","id":"way/1208830621","geometry":{"type":"Polygon","coordinates":[[[2.3627636,48.8570247],[2.3627288,48.8569785],[2.3627767,48.8569629],[2.3628115,48.857009],[2.3627636,48.8570247]]]},"properties":{"building:material":"limestone","building:part":"yes","roof:material":"metal","roof:shape":"hipped","id":"way/1208830621"}},{"type":"Feature","id":"way/1208830622","geometry":{"type":"Polygon","coordinates":[[[2.3624818,48.8570974],[2.3624531,48.8570597],[2.3624979,48.8570451],[2.3625266,48.8570831],[2.3625046,48.8570903],[2.3624818,48.8570974]]]},"properties":{"building:levels":"3","building:part":"yes","roof:levels":"0","roof:shape":"hipped","id":"way/1208830622"}},{"type":"Feature","id":"way/1208830623","geometry":{"type":"Polygon","coordinates":[[[2.3621393,48.8572068],[2.3621304,48.8572093],[2.3621274,48.8572057],[2.3621041,48.8571728],[2.3621503,48.8571579],[2.3621941,48.8571437],[2.3622185,48.857176],[2.3622207,48.8571801],[2.3622144,48.8571822],[2.3621755,48.8571949],[2.3621393,48.8572068]]]},"properties":{"building:part":"yes","roof:shape":"hipped","id":"way/1208830623"}},{"type":"Feature","id":"way/1208830624","geometry":{"type":"Polygon","coordinates":[[[2.3619847,48.8574014],[2.3619447,48.8573484],[2.3620099,48.8573271],[2.3620498,48.8573801],[2.3619847,48.8574014]]]},"properties":{"building:part":"yes","roof:material":"metal","roof:shape":"hipped","id":"way/1208830624"}},{"type":"Feature","id":"way/1208830625","geometry":{"type":"Polygon","coordinates":[[[2.3622734,48.8574156],[2.3621315,48.8574623],[2.3621078,48.8574292],[2.3621106,48.8574283],[2.3622486,48.8573835],[2.3622734,48.8574156]]]},"properties":{"building:part":"yes","roof:shape":"flat","id":"way/1208830625"}},{"type":"Feature","id":"way/1208830626","geometry":{"type":"Polygon","coordinates":[[[2.3623855,48.8573801],[2.3623614,48.8573486],[2.3625073,48.8573012],[2.3625307,48.8573325],[2.3623855,48.8573801]]]},"properties":{"building:part":"yes","roof:shape":"flat","id":"way/1208830626"}},{"type":"Feature","id":"way/1208830627","geometry":{"type":"Polygon","coordinates":[[[2.3622797,48.8574223],[2.3622734,48.8574156],[2.3622486,48.8573835],[2.3622439,48.8573766],[2.3623541,48.85734],[2.3623614,48.8573486],[2.3623855,48.8573801],[2.3623904,48.8573867],[2.3622797,48.8574223]]]},"properties":{"building:part":"yes","roof:shape":"pyramidal","id":"way/1208830627"}},{"type":"Feature","id":"way/1208830628","geometry":{"type":"Polygon","coordinates":[[[2.3621457,48.857326],[2.3622046,48.8573074],[2.3622151,48.8573064],[2.3622215,48.8573097],[2.3622484,48.8573458],[2.3621552,48.8573757],[2.3621343,48.8573474],[2.3621356,48.857337],[2.3621457,48.857326]]]},"properties":{"landuse":"grass","id":"way/1208830628"}},{"type":"Feature","id":"way/1208830629","geometry":{"type":"Polygon","coordinates":[[[2.3626878,48.8572909],[2.3626367,48.8572258],[2.3626574,48.8572192],[2.3628369,48.8571621],[2.3628833,48.8572276],[2.3626878,48.8572909]]]},"properties":{"building:levels":"2","building:part":"yes","roof:levels":"0","roof:shape":"flat","id":"way/1208830629"}},{"type":"Feature","id":"way/1208830630","geometry":{"type":"Polygon","coordinates":[[[2.3626367,48.8572258],[2.3626878,48.8572909],[2.3626345,48.8573077],[2.3625859,48.8572419],[2.3626105,48.857234],[2.3626367,48.8572258]]]},"properties":{"building:levels":"3","building:part":"yes","roof:levels":"0","roof:shape":"hipped","id":"way/1208830630"}},{"type":"Feature","id":"way/1208830641","geometry":{"type":"Polygon","coordinates":[[[2.3619791,48.8567557],[2.3619762,48.8567517],[2.361926,48.8566817],[2.3621304,48.8566182],[2.3621807,48.8566881],[2.3621835,48.8566921],[2.3619791,48.8567557]]]},"properties":{"building:part":"yes","roof:shape":"hipped","id":"way/1208830641"}},{"type":"Feature","id":"way/1217897951","geometry":{"type":"Polygon","coordinates":[[[2.3655434,48.8580722],[2.3655327,48.8580737],[2.3655203,48.8580753],[2.3655179,48.8580619],[2.3655191,48.8580526],[2.3655286,48.8580356],[2.3655457,48.8580257],[2.3655578,48.8580217],[2.3655719,48.8580193],[2.3663174,48.8578972],[2.3664905,48.857869],[2.3666645,48.8578384],[2.3668229,48.8578124],[2.3672506,48.8577431],[2.367262,48.8577435],[2.3672707,48.8577442],[2.3672697,48.8577515],[2.3672388,48.8577731],[2.3671896,48.8577818],[2.3671099,48.8577958],[2.3669745,48.8578216],[2.3669574,48.8578249],[2.3669605,48.857812],[2.3668921,48.8578229],[2.3667904,48.857839],[2.3667266,48.8578484],[2.3666648,48.8578574],[2.3666372,48.8578616],[2.3665387,48.8578765],[2.3664788,48.8578855],[2.3664149,48.8578957],[2.3663644,48.8579038],[2.3663614,48.8579189],[2.3663293,48.8579241],[2.3662423,48.8579383],[2.3661294,48.8579567],[2.3661074,48.8579602],[2.366083,48.8579641],[2.3659447,48.8579875],[2.3659417,48.8579757],[2.3658472,48.8579894],[2.3658281,48.8579924],[2.3658119,48.857995],[2.365701,48.8580138],[2.3657065,48.858028],[2.3656355,48.8580393],[2.3655687,48.8580499],[2.3655759,48.8580682],[2.3655434,48.8580722]]]},"properties":{"highway":"footway","surface":"paving_stones","id":"way/1217897951"}},{"type":"Feature","id":"way/1217897952","geometry":{"type":"Polygon","coordinates":[[[2.3645641,48.858192],[2.3653622,48.8580571],[2.3653912,48.8580557],[2.3654133,48.8580605],[2.3654318,48.8580693],[2.3654455,48.8580802],[2.3654529,48.8580927],[2.3654295,48.8580949],[2.3654116,48.8580965],[2.3653766,48.8580815],[2.3653514,48.8580858],[2.3652869,48.8580967],[2.3652811,48.8580837],[2.3652215,48.8580938],[2.3651924,48.8580987],[2.365011,48.8581294],[2.3649417,48.8581411],[2.3648551,48.8581558],[2.3647559,48.8581727],[2.3646401,48.8581923],[2.3645936,48.8582002],[2.3645644,48.8581979],[2.3645641,48.858192]]]},"properties":{"highway":"footway","surface":"paving_stones","id":"way/1217897952"}},{"type":"Feature","id":"way/1217897957","geometry":{"type":"Polygon","coordinates":[[[2.3657441,48.8581286],[2.3655632,48.8581608],[2.3655575,48.8581353],[2.3655434,48.8580722],[2.3655759,48.8580682],[2.3655687,48.8580499],[2.3656355,48.8580393],[2.3657065,48.858028],[2.365701,48.8580138],[2.3658119,48.857995],[2.3658131,48.8579983],[2.3658112,48.8580017],[2.3658061,48.858004],[2.3658094,48.8580133],[2.3658021,48.8580168],[2.3658023,48.8580224],[2.3657818,48.8580271],[2.3657968,48.858071],[2.3657267,48.8580827],[2.3657441,48.8581286]]]},"properties":{"building:levels":"2","building:part":"yes","id":"way/1217897957"}},{"type":"Feature","id":"way/1217897958","geometry":{"type":"Polygon","coordinates":[[[2.3652386,48.8581396],[2.3651893,48.8581473],[2.3650257,48.8581728],[2.3650213,48.8581603],[2.365011,48.8581294],[2.3651924,48.8580987],[2.3652215,48.8580938],[2.3652386,48.8581396]]]},"properties":{"building:levels":"3","building:part":"yes","id":"way/1217897958"}},{"type":"Feature","id":"way/1218097280","geometry":{"type":"Polygon","coordinates":[[[2.3659026,48.8568093],[2.365891,48.8567796],[2.3658507,48.8566759],[2.3658243,48.8566054],[2.365817,48.8565859],[2.3657861,48.8565033],[2.3657529,48.8564175],[2.3657406,48.8563857],[2.3657285,48.8563544],[2.3657569,48.8563497],[2.3658035,48.8563421],[2.3658116,48.8563635],[2.3658126,48.8563706],[2.3658093,48.8563765],[2.3658069,48.8563812],[2.3659583,48.8567795],[2.3659588,48.8567884],[2.3659561,48.8567974],[2.3659479,48.8568057],[2.3659357,48.8568136],[2.3659212,48.8568192],[2.3659072,48.856821],[2.3659049,48.8568151],[2.3659026,48.8568093]]]},"properties":{"highway":"footway","surface":"paving_stones","id":"way/1218097280"}},{"type":"Feature","id":"way/1218097281","geometry":{"type":"Polygon","coordinates":[[[2.3660416,48.8571554],[2.3660129,48.8570839],[2.3660076,48.857085],[2.3660044,48.8570764],[2.3659898,48.8570365],[2.3659937,48.8570358],[2.3659776,48.8569956],[2.3659628,48.8569578],[2.3659458,48.8569144],[2.3659288,48.856871],[2.3659262,48.8568659],[2.3659239,48.8568607],[2.365937,48.8568588],[2.3659449,48.8568595],[2.3659549,48.8568624],[2.3659601,48.8568653],[2.3659655,48.8568699],[2.3659675,48.8568734],[2.3660725,48.8571443],[2.3660728,48.8571481],[2.3660723,48.8571522],[2.3660704,48.8571578],[2.3660654,48.8571625],[2.3660589,48.857167],[2.3660528,48.8571694],[2.3660477,48.8571709],[2.3660448,48.8571646],[2.3660416,48.8571554]]]},"properties":{"highway":"footway","surface":"paving_stones","id":"way/1218097281"}},{"type":"Feature","id":"way/1218097282","geometry":{"type":"Polygon","coordinates":[[[2.3661035,48.8572355],[2.366106,48.8572394],[2.3663266,48.8578272],[2.3663111,48.85783],[2.3662902,48.8578358],[2.3662763,48.8577983],[2.3662496,48.8577264],[2.3662459,48.8577164],[2.3662292,48.8576714],[2.3662208,48.8576487],[2.3662124,48.8576259],[2.366195,48.857579],[2.3661777,48.8575322],[2.3661644,48.857497],[2.3661522,48.8574646],[2.3661486,48.8574549],[2.3661357,48.8574207],[2.3661151,48.8573661],[2.3660676,48.8572402],[2.3660629,48.85723],[2.3660617,48.8572273],[2.3660789,48.857225],[2.3660862,48.8572257],[2.3660963,48.8572295],[2.3661035,48.8572355]]]},"properties":{"highway":"footway","surface":"paving_stones","id":"way/1218097282"}},{"type":"Feature","id":"way/1218097283","geometry":{"type":"Polygon","coordinates":[[[2.3657861,48.8565033],[2.365817,48.8565859],[2.3658243,48.8566054],[2.3658507,48.8566759],[2.3656871,48.8567027],[2.3656242,48.8567129],[2.3655288,48.856729],[2.3655217,48.8567107],[2.3654631,48.8565582],[2.3655335,48.8565467],[2.3655343,48.8565488],[2.3655468,48.8565469],[2.3655543,48.8565456],[2.3655785,48.8565425],[2.3657104,48.8565196],[2.3657861,48.8565033]]]},"properties":{"landuse":"education","id":"way/1218097283"}},{"type":"Feature","id":"way/1218097285","geometry":{"type":"Polygon","coordinates":[[[2.3663762,48.8575663],[2.3664597,48.8575534],[2.3664474,48.8575211],[2.3664351,48.8574889],[2.3664374,48.8574883],[2.3664207,48.8574434],[2.3664182,48.8574438],[2.3664062,48.8574112],[2.3663942,48.8573786],[2.3663115,48.8573925],[2.3663055,48.8573761],[2.3662936,48.8573449],[2.3663322,48.8573391],[2.366426,48.8573249],[2.366422,48.8573146],[2.366411,48.8572869],[2.366456,48.8572785],[2.3665198,48.8572674],[2.3665559,48.8572611],[2.366622,48.8572497],[2.3666176,48.8572393],[2.3666344,48.8572361],[2.366626,48.8572139],[2.3666097,48.8572166],[2.3665828,48.8571553],[2.3667804,48.8571226],[2.3668097,48.8571172],[2.3668574,48.8571092],[2.3668827,48.8571844],[2.3668879,48.8571997],[2.3669387,48.8571918],[2.3670407,48.857176],[2.3670719,48.8571711],[2.3671653,48.8571564],[2.3671836,48.8571535],[2.367277,48.8571397],[2.3672777,48.8571676],[2.3672783,48.8571912],[2.3670629,48.857228],[2.3670204,48.8572353],[2.3669132,48.8572539],[2.366894,48.857256],[2.3669886,48.857506],[2.3671165,48.8574855],[2.3672836,48.8574585],[2.3672854,48.857488],[2.367286,48.8575075],[2.3672466,48.8575142],[2.3671044,48.8575382],[2.3670734,48.8575435],[2.3669341,48.8575675],[2.3669167,48.8575705],[2.3668241,48.8575849],[2.3667883,48.8575908],[2.3666482,48.857614],[2.3665397,48.857632],[2.366534,48.8576177],[2.3665237,48.8575923],[2.3664391,48.8576063],[2.366394,48.8576137],[2.3663862,48.8575928],[2.3663762,48.8575663]]]},"properties":{"highway":"pedestrian","name":"Jardin Arnaud Beltrame","surface":"paving_stones","id":"way/1218097285"}},{"type":"Feature","id":"way/1218097286","geometry":{"type":"Polygon","coordinates":[[[2.3672591,48.8570536],[2.3672724,48.857044],[2.3672744,48.8570333],[2.3672827,48.8570372],[2.367292,48.8570446],[2.3672971,48.8570522],[2.3672984,48.857061],[2.3673014,48.8571638],[2.3673095,48.857485],[2.3673145,48.8576528],[2.3673033,48.8576532],[2.3672908,48.857654],[2.3672861,48.8575093],[2.367286,48.8575075],[2.3672854,48.857488],[2.3672836,48.8574585],[2.3672823,48.8573557],[2.3672835,48.8573247],[2.3672841,48.857292],[2.3672783,48.8571912],[2.3672777,48.8571676],[2.367277,48.8571397],[2.3672751,48.8570617],[2.3672591,48.8570536]]]},"properties":{"highway":"footway","surface":"asphalt","id":"way/1218097286"}},{"type":"Feature","id":"way/1218097287","geometry":{"type":"Polygon","coordinates":[[[2.3662395,48.857198],[2.3662527,48.8571947],[2.3663285,48.8571822],[2.3668046,48.8571041],[2.3672403,48.8570299],[2.3672601,48.8570296],[2.3672744,48.8570333],[2.3672724,48.857044],[2.3672591,48.8570536],[2.3672423,48.8570452],[2.3668644,48.857108],[2.3668574,48.8571092],[2.3668097,48.8571172],[2.3667804,48.8571226],[2.3665828,48.8571553],[2.3663314,48.8571973],[2.3662438,48.857212],[2.3662422,48.8572054],[2.3662395,48.857198]]]},"properties":{"highway":"footway","surface":"asphalt","id":"way/1218097287"}},{"type":"Feature","id":"way/1218097288","geometry":{"type":"Polygon","coordinates":[[[2.3664298,48.8578108],[2.3663512,48.8575985],[2.3662718,48.857381],[2.3662119,48.8572249],[2.3662117,48.8572208],[2.3662108,48.8572178],[2.3662137,48.8572121],[2.3662188,48.8572068],[2.366226,48.857202],[2.366233,48.8571992],[2.3662395,48.857198],[2.3662422,48.8572054],[2.3662438,48.857212],[2.3662559,48.8572444],[2.3662936,48.8573449],[2.3663055,48.8573761],[2.3663115,48.8573925],[2.3663237,48.8574246],[2.3663358,48.8574567],[2.3663336,48.8574576],[2.3663504,48.8575019],[2.3663529,48.8575026],[2.3663762,48.8575663],[2.3663862,48.8575928],[2.366394,48.8576137],[2.366418,48.8576765],[2.3664538,48.8577766],[2.3664649,48.8578077],[2.366448,48.8578082],[2.3664298,48.8578108]]]},"properties":{"highway":"footway","surface":"paving_stones","id":"way/1218097288"}},{"type":"Feature","id":"way/1218102295","geometry":{"type":"Polygon","coordinates":[[[2.36206,48.8543788],[2.362086,48.8543687],[2.3620924,48.8543768],[2.3620991,48.8543852],[2.362106,48.8543921],[2.3621114,48.8543976],[2.3620662,48.8544153],[2.3620443,48.854425],[2.3620068,48.8544403],[2.3620045,48.8544399],[2.3620001,48.8544341],[2.3619938,48.854426],[2.3619865,48.8544185],[2.3619812,48.854413],[2.3620461,48.8543849],[2.36206,48.8543788]]]},"properties":{"building:min_level":"1","building:part":"yes","id":"way/1218102295"}},{"type":"Feature","id":"way/1218102297","geometry":{"type":"Polygon","coordinates":[[[2.3622459,48.8543071],[2.362311,48.854286],[2.3623139,48.854289],[2.3623239,48.8542995],[2.362332,48.854308],[2.3623257,48.8543131],[2.3622645,48.8543367],[2.36226,48.8543318],[2.3622543,48.8543254],[2.3622465,48.8543162],[2.3622406,48.8543091],[2.3622459,48.8543071]]]},"properties":{"building:min_level":"1","building:part":"yes","id":"way/1218102297"}},{"type":"Feature","id":"way/1218102755","geometry":{"type":"Polygon","coordinates":[[[2.3623206,48.8543081],[2.3623257,48.8543131],[2.3622645,48.8543367],[2.3622101,48.8543578],[2.3621557,48.8543802],[2.3621114,48.8543976],[2.3620662,48.8544153],[2.3620443,48.854425],[2.3620068,48.8544403],[2.3620045,48.8544399],[2.3619903,48.8544455],[2.3619622,48.8544565],[2.3619598,48.8544549],[2.3618738,48.8544856],[2.361784,48.8545177],[2.3617833,48.8545169],[2.3616328,48.8545686],[2.361608,48.8545809],[2.3615985,48.854569],[2.3615863,48.8545536],[2.3616048,48.8545443],[2.3616146,48.8545448],[2.3616258,48.8545453],[2.3616789,48.8545265],[2.3617565,48.854499],[2.3617585,48.8544954],[2.3618039,48.8544756],[2.3618484,48.8544571],[2.3618743,48.8544464],[2.3619149,48.8544309],[2.3619425,48.8544204],[2.3619761,48.8544075],[2.3619812,48.854413],[2.3620461,48.8543849],[2.36206,48.8543788],[2.362086,48.8543687],[2.3621852,48.8543303],[2.3622406,48.8543091],[2.3622459,48.8543071],[2.362311,48.854286],[2.3623139,48.854289],[2.3622465,48.8543162],[2.3620924,48.8543768],[2.3619865,48.8544185],[2.3617551,48.854504],[2.3616198,48.8545519],[2.3616086,48.8545557],[2.3616137,48.8545643],[2.3616188,48.8545714],[2.3617058,48.8545402],[2.3618699,48.8544823],[2.3620001,48.8544341],[2.362106,48.8543921],[2.36226,48.8543318],[2.3623206,48.8543081]]]},"properties":{"highway":"footway","surface":"sett","id":"way/1218102755"}},{"type":"Feature","id":"way/1290424783","geometry":{"type":"Polygon","coordinates":[[[2.3681507,48.8534123],[2.3679594,48.8534388],[2.3678,48.8534606],[2.367641,48.8534822],[2.3673758,48.8535185],[2.3673422,48.8535585],[2.3673273,48.853561],[2.3673093,48.8535641],[2.3672965,48.8535373],[2.3672922,48.8535262],[2.3672913,48.8535141],[2.3672964,48.8535034],[2.3673027,48.8534931],[2.3673101,48.853484],[2.3673213,48.8534767],[2.367332,48.8534701],[2.3673449,48.8534654],[2.3673634,48.8534622],[2.3673844,48.8534592],[2.3681336,48.8533526],[2.3681425,48.8533839],[2.3681507,48.8534123]]]},"properties":{"highway":"footway","surface":"asphalt","id":"way/1290424783"}},{"type":"Feature","id":"way/1290518099","geometry":{"type":"Polygon","coordinates":[[[2.3684799,48.8548384],[2.3684808,48.8548311],[2.3684814,48.8548229],[2.3685439,48.8548231],[2.3685529,48.8548243],[2.3685753,48.8548299],[2.3685882,48.854838],[2.3685988,48.8548499],[2.3686031,48.8548598],[2.3686026,48.8548702],[2.368586,48.854942],[2.3684073,48.8556867],[2.3684006,48.8556993],[2.3683859,48.8557189],[2.3683587,48.8557346],[2.3683261,48.8557463],[2.3683279,48.8557353],[2.3683055,48.8557252],[2.3683152,48.8556818],[2.3682794,48.8556781],[2.3682799,48.8556758],[2.3682773,48.8556755],[2.3682816,48.8556585],[2.3682882,48.8556326],[2.3682916,48.855619],[2.3682943,48.8556184],[2.3682963,48.8556099],[2.3683099,48.8555507],[2.3683297,48.8554691],[2.3683542,48.8553669],[2.3683589,48.8553425],[2.3683661,48.8553123],[2.3683748,48.8552746],[2.3683866,48.8552336],[2.36843,48.8552371],[2.3684518,48.8551442],[2.3684058,48.8551399],[2.3684065,48.8551367],[2.3684161,48.8550937],[2.3684195,48.8550934],[2.3684258,48.8550451],[2.3684466,48.8549755],[2.3684621,48.8549118],[2.3684799,48.8548384]]]},"properties":{"highway":"footway","surface":"asphalt","id":"way/1290518099"}},{"type":"Feature","id":"way/1317200762","geometry":{"type":"Polygon","coordinates":[[[2.3683004,48.8577154],[2.3683115,48.8576636],[2.3684726,48.85768],[2.3684837,48.8576902],[2.3684754,48.8577264],[2.3684608,48.8577324],[2.3683004,48.8577154]]]},"properties":{"landuse":"grass","id":"way/1317200762"}},{"type":"Feature","id":"way/1388087406","geometry":{"type":"Polygon","coordinates":[[[2.3680584,48.8530374],[2.368103,48.8530291],[2.368143,48.8531221],[2.3680984,48.8531304],[2.3680857,48.8531008],[2.3680748,48.8530755],[2.3680639,48.8530502],[2.3680584,48.8530374]]]},"properties":{"building":"veranda","id":"way/1388087406"}},{"type":"Feature","id":"way/1309004071","geometry":{"type":"Polygon","coordinates":[[[2.3625438,48.8561015],[2.3625338,48.856081],[2.3626,48.8560671],[2.36261,48.8560876],[2.3625438,48.8561015]]]},"properties":{"building":"yes","id":"way/1309004071"}},{"type":"Feature","id":"way/4527571","geometry":{"type":"LineString","coordinates":[[2.3595896,48.8553558],[2.3596408,48.8553464],[2.3601261,48.855257],[2.3605345,48.855178],[2.3610373,48.8550828],[2.3614665,48.8549903],[2.3618384,48.8548929],[2.3618615,48.8548868]]},"properties":{"highway":"pedestrian","name":"Rue Saint-Antoine","surface":"sett","id":"way/4527571"}},{"type":"Feature","id":"way/4527574","geometry":{"type":"LineString","coordinates":[[2.3635653,48.8537443],[2.3634888,48.8537686],[2.3634189,48.8537877],[2.3633041,48.8538216],[2.3632237,48.8538461],[2.3630027,48.8539146]]},"properties":{"highway":"living_street","name":"Rue Neuve Saint-Pierre","surface":"asphalt","id":"way/4527574"}},{"type":"Feature","id":"way/4527575","geometry":{"type":"LineString","coordinates":[[2.3633041,48.8538216],[2.3633408,48.8538654],[2.3636642,48.8542065],[2.3637027,48.8542483],[2.3637532,48.8543072]]},"properties":{"highway":"pedestrian","name":"Rue de l'Hôtel Saint-Paul","surface":"asphalt","id":"way/4527575"}},{"type":"Feature","id":"way/4527578","geometry":{"type":"LineString","coordinates":[[2.3647884,48.8539852],[2.3647231,48.8539283],[2.3646658,48.8538767],[2.3646293,48.8538438],[2.3642557,48.8535074],[2.3642073,48.8534647],[2.3641495,48.8534099],[2.3635782,48.8528831],[2.3633637,48.8526852],[2.3633266,48.8526512]]},"properties":{"highway":"living_street","name":"Rue Beautreillis","surface":"asphalt","id":"way/4527578"}},{"type":"Feature","id":"way/4527581","geometry":{"type":"LineString","coordinates":[[2.3656218,48.8536755],[2.365571,48.8536285],[2.365522,48.853583],[2.3650797,48.8532507],[2.3641686,48.8526382]]},"properties":{"highway":"residential","name":"Rue du Petit Musc","surface":"asphalt","id":"way/4527581"}},{"type":"Feature","id":"way/4527583","geometry":{"type":"LineString","coordinates":[[2.3665458,48.8535418],[2.3665154,48.8534745],[2.3664988,48.8534378],[2.3664865,48.8534105],[2.3660119,48.8523601],[2.3659996,48.8523302],[2.3659678,48.8522572],[2.3659486,48.8521921]]},"properties":{"highway":"residential","name":"Rue Castex","surface":"asphalt","id":"way/4527583"}},{"type":"Feature","id":"way/4527597","geometry":{"type":"LineString","coordinates":[[2.3676402,48.8533737],[2.3676238,48.8533277],[2.3676065,48.8532793],[2.3674356,48.8528094],[2.3674227,48.8527695],[2.3673929,48.852701],[2.3673872,48.852688],[2.3673524,48.8526154]]},"properties":{"highway":"residential","name":"Rue Jacques Cœur","surface":"asphalt","id":"way/4527597"}},{"type":"Feature","id":"way/4574308","geometry":{"type":"LineString","coordinates":[[2.3636415,48.8554984],[2.3635721,48.8555186],[2.3633503,48.8555859],[2.3630029,48.8556903],[2.3626994,48.8557816],[2.3623364,48.8558907],[2.3622831,48.8559067]]},"properties":{"highway":"residential","name":"Rue de Jarente","surface":"asphalt","id":"way/4574308"}},{"type":"Feature","id":"way/4574315","geometry":{"type":"LineString","coordinates":[[2.3660028,48.8568275],[2.3659294,48.8568398],[2.364522,48.8570761],[2.3644266,48.8570926]]},"properties":{"highway":"residential","name":"Rue du Foin","surface":"asphalt","id":"way/4574315"}},{"type":"Feature","id":"way/4574322","geometry":{"type":"LineString","coordinates":[[2.3656254,48.8587814],[2.3656326,48.8587664],[2.3656301,48.8586638],[2.3656198,48.8586319],[2.3655662,48.8585167],[2.3654844,48.8581197],[2.3654736,48.8580613],[2.3654655,48.8580095]]},"properties":{"highway":"living_street","name":"Rue Villehardouin","surface":"asphalt","width":"3.7","id":"way/4574322"}},{"type":"Feature","id":"way/4574329","geometry":{"type":"LineString","coordinates":[[2.3681707,48.8538112],[2.3674568,48.8538692],[2.3673852,48.853876]]},"properties":{"highway":"living_street","name":"Rue de la Bastille","surface":"asphalt","id":"way/4574329"}},{"type":"Feature","id":"way/4574330","geometry":{"type":"LineString","coordinates":[[2.3644463,48.8574587],[2.3645356,48.8574451],[2.3660688,48.8571956],[2.3661446,48.8571832],[2.3662151,48.8571717],[2.3667937,48.8570764],[2.3672697,48.8569982],[2.3673453,48.8569862]]},"properties":{"highway":"residential","name":"Rue des Minimes","surface":"asphalt","id":"way/4574330"}},{"type":"Feature","id":"way/4574332","geometry":{"type":"LineString","coordinates":[[2.366463,48.8542458],[2.3664491,48.8542487],[2.3659123,48.8543601],[2.3658712,48.8543686]]},"properties":{"highway":"residential","name":"Cour Bérard","id":"way/4574332"}},{"type":"Feature","id":"way/4574348","geometry":{"type":"LineString","coordinates":[[2.3616767,48.855095],[2.3617258,48.8551612],[2.3617444,48.8551854],[2.3619471,48.8554507]]},"properties":{"highway":"residential","name":"Rue Madame de Sévigné","surface":"asphalt","width":"5","id":"way/4574348"}},{"type":"Feature","id":"way/4574353","geometry":{"type":"LineString","coordinates":[[2.3673852,48.853876],[2.367377,48.8539259],[2.3673499,48.8541503],[2.3673149,48.8543423],[2.3672718,48.8545638],[2.3672797,48.8548531],[2.3672824,48.8549527],[2.3673037,48.8554603],[2.3673124,48.8558965],[2.3673131,48.8559452]]},"properties":{"highway":"residential","name":"Rue des Tournelles","surface":"asphalt","id":"way/4574353"}},{"type":"Feature","id":"way/4574357","geometry":{"type":"LineString","coordinates":[[2.3653041,48.8550064],[2.3653059,48.8550102],[2.3653321,48.8550653]]},"properties":{"highway":"residential","name":"Rue de Birague","surface":"asphalt","width":"10","id":"way/4574357"}},{"type":"Feature","id":"way/4574365","geometry":{"type":"LineString","coordinates":[[2.3680895,48.8551582],[2.3681147,48.8548043]]},"properties":{"highway":"living_street","name":"Impasse Jean Beausire","surface":"asphalt","id":"way/4574365"}},{"type":"Feature","id":"way/4574385","geometry":{"type":"LineString","coordinates":[[2.3680679,48.8575873],[2.3679076,48.8576142],[2.3674421,48.8576948],[2.3673626,48.8577084],[2.367274,48.8577221],[2.3668242,48.8577902],[2.366481,48.8578433],[2.3663946,48.8578554],[2.366305,48.8578701],[2.3655641,48.857993],[2.3654655,48.8580095],[2.3653503,48.8580286],[2.3645632,48.8581584],[2.364481,48.8581533]]},"properties":{"highway":"residential","name":"Rue Saint-Gilles","surface":"asphalt","width":"6","id":"way/4574385"}},{"type":"Feature","id":"way/4574410","geometry":{"type":"LineString","coordinates":[[2.3617613,48.8572504],[2.3617318,48.857217],[2.361637,48.8570885],[2.3614293,48.8568173],[2.3613996,48.85677]]},"properties":{"highway":"pedestrian","name":"Rue Pavée","surface":"paving_stones","id":"way/4574410"}},{"type":"Feature","id":"way/4574414","geometry":{"type":"LineString","coordinates":[[2.3620685,48.8576744],[2.36193,48.8574827],[2.3618237,48.8573304],[2.3617897,48.8572814],[2.3617613,48.8572504]]},"properties":{"highway":"residential","name":"Rue Payenne","surface":"asphalt","id":"way/4574414"}},{"type":"Feature","id":"way/4574424","geometry":{"type":"LineString","coordinates":[[2.3663946,48.8578554],[2.3663814,48.8578185],[2.3663077,48.8576055],[2.3662225,48.8573882],[2.3661603,48.8572257],[2.3661446,48.8571832],[2.3661295,48.8571426],[2.3660229,48.8568604],[2.3660028,48.8568275]]},"properties":{"highway":"residential","name":"Rue de Béarn","surface":"asphalt","width":"8","id":"way/4574424"}},{"type":"Feature","id":"way/4574429","geometry":{"type":"LineString","coordinates":[[2.3568876,48.8600687],[2.3569569,48.860035],[2.3571581,48.8598875],[2.3582825,48.8590472],[2.3586817,48.8587394],[2.3587623,48.8586836],[2.3588294,48.8586432],[2.3592855,48.8583761],[2.3593754,48.8583261],[2.360432,48.8578168],[2.3607458,48.8576782],[2.3607995,48.8576556],[2.3616328,48.8573015],[2.3616633,48.8572886],[2.3617613,48.8572504],[2.3618206,48.8572282],[2.3621289,48.8571274],[2.3627352,48.8569294],[2.3628361,48.8568962]]},"properties":{"highway":"tertiary","name":"Rue des Francs Bourgeois","surface":"asphalt","width":"4","id":"way/4574429"}},{"type":"Feature","id":"way/15893871","geometry":{"type":"LineString","coordinates":[[2.361118,48.8540335],[2.3611963,48.8540123],[2.3614987,48.8539252],[2.3615916,48.8539116],[2.3617467,48.8539018],[2.3618562,48.8538948],[2.3619818,48.8538781],[2.3620458,48.8538627]]},"properties":{"highway":"residential","name":"Rue Charlemagne","surface":"asphalt","id":"way/15893871"}},{"type":"Feature","id":"way/18232134","geometry":{"type":"LineString","coordinates":[[2.3665633,48.8560484],[2.3665853,48.8559946],[2.3663862,48.8554809],[2.3662053,48.8550141],[2.3661986,48.8549974],[2.3661858,48.8549824],[2.3661681,48.8549702],[2.3661465,48.8549612],[2.3661221,48.8549559],[2.3660787,48.8549509],[2.3660346,48.8549513],[2.3653898,48.8550553],[2.3653321,48.8550653],[2.3652606,48.8550777],[2.3646193,48.8551882],[2.3645865,48.8551947],[2.364557,48.8552061],[2.3645354,48.8552195],[2.3645185,48.8552356],[2.3645102,48.8552535],[2.3645104,48.8552722],[2.3645178,48.8552933],[2.3647004,48.8557622],[2.3649055,48.8562665],[2.3649664,48.856307]]},"properties":{"highway":"residential","name":"Place des Vosges","surface":"asphalt","id":"way/18232134"}},{"type":"Feature","id":"way/18232257","geometry":{"type":"LineString","coordinates":[[2.3665633,48.8560484],[2.3667252,48.8560423],[2.3672533,48.8559559],[2.3673131,48.8559452]]},"properties":{"highway":"tertiary","lanes":"2","name":"Rue du Pas de la Mule","surface":"asphalt","id":"way/18232257"}},{"type":"Feature","id":"way/20277845","geometry":{"type":"LineString","coordinates":[[2.3619471,48.8554507],[2.362018,48.8554352],[2.3622439,48.8553769],[2.3625406,48.8552947],[2.3626578,48.8552616],[2.3627271,48.855242],[2.3629039,48.8551921],[2.3630729,48.8551444],[2.363253,48.8550934],[2.3633203,48.8550744]]},"properties":{"highway":"residential","name":"Rue d'Ormesson","surface":"asphalt","id":"way/20277845"}},{"type":"Feature","id":"way/20277864","geometry":{"type":"LineString","coordinates":[[2.3630729,48.8551444],[2.3630945,48.8551785],[2.363327,48.8555496],[2.3633503,48.8555859]]},"properties":{"highway":"service","name":"Rue Necker","surface":"asphalt","id":"way/20277864"}},{"type":"Feature","id":"way/20277901","geometry":{"type":"LineString","coordinates":[[2.3627271,48.855242],[2.3627001,48.8552009],[2.3624725,48.8548553],[2.3624453,48.8548115]]},"properties":{"highway":"service","name":"Rue Caron","surface":"asphalt","id":"way/20277901"}},{"type":"Feature","id":"way/20437826","geometry":{"type":"LineString","coordinates":[[2.3673301,48.8566074],[2.3672439,48.8566085],[2.3671011,48.8566366],[2.3668249,48.8566909],[2.3660797,48.8568147],[2.3660028,48.8568275]]},"properties":{"highway":"living_street","name":"Rue Roger Verlomme","surface":"sett","id":"way/20437826"}},{"type":"Feature","id":"way/22715944","geometry":{"type":"LineString","coordinates":[[2.3649664,48.856307],[2.3656875,48.8561904],[2.3657542,48.8561801],[2.3658272,48.856168],[2.3665633,48.8560484]]},"properties":{"highway":"tertiary","name":"Place des Vosges","surface":"asphalt","id":"way/22715944"}},{"type":"Feature","id":"way/23208912","geometry":{"type":"LineString","coordinates":[[2.3629084,48.8555317],[2.3629825,48.8556571],[2.3629864,48.8556633],[2.3630029,48.8556903]]},"properties":{"highway":"pedestrian","name":"Rue Caron","surface":"sett","id":"way/23208912"}},{"type":"Feature","id":"way/24036981","geometry":{"type":"LineString","coordinates":[[2.3636415,48.8554984],[2.3634821,48.8552881],[2.3633564,48.8551241],[2.3633203,48.8550744],[2.3632808,48.8550231],[2.3631421,48.8548403],[2.3630021,48.8546577],[2.3629823,48.8546361],[2.3629491,48.8545998]]},"properties":{"highway":"tertiary","lanes":"2","name":"Rue de Turenne","surface":"asphalt","id":"way/24036981"}},{"type":"Feature","id":"way/34678852","geometry":{"type":"LineString","coordinates":[[2.3627724,48.8546706],[2.3626822,48.8547077],[2.3625088,48.8547829],[2.3624453,48.8548115],[2.362305,48.8548671],[2.3622691,48.8548813],[2.3620979,48.8549474],[2.3619141,48.8550123],[2.3616767,48.855095]]},"properties":{"highway":"residential","name":"Rue Saint-Antoine","surface":"asphalt","id":"way/34678852"}},{"type":"Feature","id":"way/34684272","geometry":{"type":"LineString","coordinates":[[2.3627724,48.8546706],[2.3629491,48.8545998]]},"properties":{"highway":"tertiary","name":"Rue Saint-Antoine","surface":"asphalt","id":"way/34684272"}},{"type":"Feature","id":"way/41463245","geometry":{"type":"LineString","coordinates":[[2.3671702,48.8534492],[2.3667596,48.8535101],[2.3667259,48.8535151],[2.3665458,48.8535418],[2.3657789,48.853718],[2.3656764,48.8537421]]},"properties":{"highway":"residential","name":"Rue Saint-Antoine","surface":"asphalt","id":"way/41463245"}},{"type":"Feature","id":"way/41465215","geometry":{"type":"LineString","coordinates":[[2.3656764,48.8537421],[2.3655703,48.8537714],[2.3653147,48.8538419],[2.3650114,48.8539252],[2.3648678,48.8539646],[2.3647884,48.8539852]]},"properties":{"highway":"residential","lanes":"2","name":"Rue Saint-Antoine","surface":"asphalt","id":"way/41465215"}},{"type":"Feature","id":"way/45189324","geometry":{"type":"LineString","coordinates":[[2.3682403,48.8576476],[2.3684912,48.8576726],[2.368518,48.8576945],[2.3685143,48.857712],[2.3685411,48.8577148]]},"properties":{"highway":"footway","name":"Rue Clotilde de Vaux","surface":"asphalt","id":"way/45189324"}},{"type":"Feature","id":"way/45189454","geometry":{"type":"LineString","coordinates":[[2.3679812,48.857916],[2.3681026,48.8579363],[2.3681539,48.8579562],[2.3681649,48.8579652],[2.3681706,48.8579791],[2.3681696,48.8579988],[2.3680341,48.8585649],[2.3680191,48.8586273],[2.3678789,48.8592155],[2.3678608,48.8592426],[2.3678183,48.8592601],[2.3677804,48.8592589],[2.367673,48.8592518]]},"properties":{"highway":"service","surface":"asphalt","id":"way/45189454"}},{"type":"Feature","id":"way/45189908","geometry":{"type":"LineString","coordinates":[[2.3681754,48.8571418],[2.368125,48.8571218],[2.3680072,48.8570946],[2.3680552,48.8568737],[2.3682435,48.8560556],[2.3684419,48.8560246]]},"properties":{"highway":"service","surface":"asphalt","id":"way/45189908"}},{"type":"Feature","id":"way/45189909","geometry":{"type":"LineString","coordinates":[[2.3681147,48.8548043],[2.3681183,48.8547507],[2.3681479,48.8542631],[2.3681707,48.8538112]]},"properties":{"highway":"living_street","name":"Rue Jean Beausire","surface":"asphalt","id":"way/45189909"}},{"type":"Feature","id":"way/45828501","geometry":{"type":"LineString","coordinates":[[2.3644809,48.8564037],[2.3648073,48.8563528],[2.3649664,48.856307]]},"properties":{"highway":"tertiary","name":"Rue des Francs Bourgeois","surface":"asphalt","id":"way/45828501"}},{"type":"Feature","id":"way/55338728","geometry":{"type":"LineString","coordinates":[[2.3647884,48.8539852],[2.3646416,48.854029],[2.3641842,48.8541653],[2.3638698,48.8542688],[2.3637532,48.8543072],[2.3636598,48.8543364],[2.3635947,48.8543561],[2.3631028,48.8545434],[2.3629491,48.8545998]]},"properties":{"highway":"residential","lanes":"2","name":"Rue Saint-Antoine","surface":"asphalt","id":"way/55338728"}},{"type":"Feature","id":"way/56043208","geometry":{"type":"LineString","coordinates":[[2.3633503,48.8555859],[2.363365,48.8556076],[2.3634573,48.8557374]]},"properties":{"highway":"footway","name":"Impasse de la Poissonnerie","surface":"sett","id":"way/56043208"}},{"type":"Feature","id":"way/56077547","geometry":{"type":"LineString","coordinates":[[2.3652609,48.8548983],[2.3652967,48.8549879],[2.3653041,48.8550064]]},"properties":{"highway":"residential","name":"Rue de Birague","surface":"asphalt","id":"way/56077547"}},{"type":"Feature","id":"way/56077554","geometry":{"type":"LineString","coordinates":[[2.3648678,48.8539646],[2.3648873,48.8540109],[2.3652609,48.8548983]]},"properties":{"highway":"residential","name":"Rue de Birague","surface":"asphalt","id":"way/56077554"}},{"type":"Feature","id":"way/56077556","geometry":{"type":"LineString","coordinates":[[2.3656764,48.8537421],[2.3656911,48.8537994],[2.3658712,48.8543686]]},"properties":{"highway":"residential","name":"Impasse Guéménée","surface":"asphalt","id":"way/56077556"}},{"type":"Feature","id":"way/56077557","geometry":{"type":"LineString","coordinates":[[2.3658712,48.8543686],[2.365878,48.8543937],[2.3659037,48.8544882]]},"properties":{"highway":"pedestrian","name":"Impasse Guéménée","id":"way/56077557"}},{"type":"Feature","id":"way/56078179","geometry":{"type":"LineString","coordinates":[[2.3657782,48.8562332],[2.3657542,48.8561801]]},"properties":{"highway":"residential","name":"Rue de Béarn","surface":"asphalt","id":"way/56078179"}},{"type":"Feature","id":"way/56078182","geometry":{"type":"LineString","coordinates":[[2.3658207,48.8563397],[2.3657855,48.8562516],[2.3657782,48.8562332]]},"properties":{"highway":"residential","name":"Rue de Béarn","surface":"asphalt","id":"way/56078182"}},{"type":"Feature","id":"way/56104226","geometry":{"type":"LineString","coordinates":[[2.3618615,48.8548868],[2.3620232,48.8548412],[2.3622498,48.8548108],[2.3622859,48.8548092]]},"properties":{"highway":"service","name":"Rue Saint-Antoine","surface":"asphalt","id":"way/56104226"}},{"type":"Feature","id":"way/56104233","geometry":{"type":"LineString","coordinates":[[2.3673149,48.8543423],[2.3673613,48.8543352],[2.3673754,48.854333]]},"properties":{"highway":"footway","name":"Passage Jean Beausire","id":"way/56104233"}},{"type":"Feature","id":"way/56159565","geometry":{"type":"LineString","coordinates":[[2.3623901,48.8542741],[2.3623401,48.8542932],[2.3623239,48.8542995],[2.3622543,48.8543254],[2.3620991,48.8543852],[2.3619938,48.854426],[2.3616261,48.8545605],[2.3616137,48.8545643],[2.3615985,48.854569]]},"properties":{"highway":"service","name":"Passage Saint-Paul","surface":"sett","id":"way/56159565"}},{"type":"Feature","id":"way/56159571","geometry":{"type":"LineString","coordinates":[[2.3619273,48.8539794],[2.3620294,48.8539495]]},"properties":{"highway":"footway","name":"Rue Eginhard","id":"way/56159571"}},{"type":"Feature","id":"way/56159574","geometry":{"type":"LineString","coordinates":[[2.3620294,48.8539495],[2.3620378,48.853947],[2.3621022,48.8539283]]},"properties":{"highway":"footway","name":"Rue Eginhard","surface":"sett","id":"way/56159574"}},{"type":"Feature","id":"way/56159575","geometry":{"type":"LineString","coordinates":[[2.3615916,48.8539116],[2.3616045,48.8539295],[2.3616904,48.8540486]]},"properties":{"highway":"footway","name":"Rue Eginhard","surface":"sett","id":"way/56159575"}},{"type":"Feature","id":"way/56159588","geometry":{"type":"LineString","coordinates":[[2.3616359,48.8540638],[2.3616904,48.8540486],[2.3619273,48.8539794]]},"properties":{"highway":"footway","name":"Rue Eginhard","id":"way/56159588"}},{"type":"Feature","id":"way/56214477","geometry":{"type":"LineString","coordinates":[[2.3668395,48.8524602],[2.3668091,48.8525191],[2.3667932,48.8525803],[2.3667988,48.8526061],[2.3668058,48.8526317],[2.3669436,48.8529657],[2.3669553,48.852995],[2.3670796,48.8533186],[2.3671015,48.8533581],[2.3671232,48.8533973],[2.3671702,48.8534492]]},"properties":{"highway":"residential","name":"Rue de Lesdiguières","surface":"asphalt","id":"way/56214477"}},{"type":"Feature","id":"way/58161604","geometry":{"type":"LineString","coordinates":[[2.3679391,48.8574847],[2.3679498,48.85744]]},"properties":{"highway":"steps","surface":"asphalt","id":"way/58161604"}},{"type":"Feature","id":"way/60208632","geometry":{"type":"LineString","coordinates":[[2.3628361,48.8568962],[2.3628733,48.8569428],[2.3629451,48.8570447],[2.363792,48.8582694],[2.3638327,48.8583304]]},"properties":{"highway":"residential","name":"Rue Madame de Sévigné","surface":"asphalt","id":"way/60208632"}},{"type":"Feature","id":"way/64750326","geometry":{"type":"LineString","coordinates":[[2.3660028,48.8568275],[2.3659898,48.8567926],[2.3658207,48.8563397]]},"properties":{"highway":"residential","name":"Rue de Béarn","surface":"asphalt","id":"way/64750326"}},{"type":"Feature","id":"way/64963501","geometry":{"type":"LineString","coordinates":[[2.3633266,48.8526512],[2.363281,48.852673],[2.3626316,48.852986],[2.3624713,48.8530633],[2.3624464,48.8530835],[2.3618942,48.8533452],[2.3617268,48.8534245],[2.3616797,48.8534469]]},"properties":{"highway":"residential","name":"Rue Charles V","surface":"asphalt","id":"way/64963501"}},{"type":"Feature","id":"way/64972826","geometry":{"type":"LineString","coordinates":[[2.3619471,48.8554507],[2.3619895,48.8555022],[2.3620686,48.8555503],[2.3620901,48.8555761],[2.3621758,48.8557047],[2.3622582,48.855861],[2.3622831,48.8559067],[2.362328,48.855986],[2.3627616,48.856786],[2.3627752,48.8568111],[2.3627904,48.8568391],[2.3628361,48.8568962]]},"properties":{"highway":"residential","name":"Rue Madame de Sévigné","surface":"asphalt","width":"5","id":"way/64972826"}},{"type":"Feature","id":"way/64972828","geometry":{"type":"LineString","coordinates":[[2.3622832,48.854141],[2.3623901,48.8542741],[2.3626707,48.8545652],[2.3627163,48.8546125]]},"properties":{"highway":"tertiary","name":"Rue Saint-Paul","surface":"asphalt","id":"way/64972828"}},{"type":"Feature","id":"way/98712058","geometry":{"type":"LineString","coordinates":[[2.3660766,48.8555306],[2.3662706,48.8554994]]},"properties":{"highway":"footway","name":"Place des Vosges","surface":"compacted","id":"way/98712058"}},{"type":"Feature","id":"way/98712060","geometry":{"type":"LineString","coordinates":[[2.3654909,48.8554789],[2.3654115,48.8552755],[2.365359,48.8551424],[2.3653503,48.8551185]]},"properties":{"highway":"footway","name":"Place des Vosges","surface":"compacted","id":"way/98712060"}},{"type":"Feature","id":"way/98712062","geometry":{"type":"LineString","coordinates":[[2.3648201,48.8557404],[2.3650122,48.855709]]},"properties":{"highway":"footway","name":"Place des Vosges","surface":"compacted","id":"way/98712062"}},{"type":"Feature","id":"way/98712063","geometry":{"type":"LineString","coordinates":[[2.3656068,48.8557622],[2.3656813,48.855969],[2.3657282,48.8560993]]},"properties":{"highway":"footway","name":"Place des Vosges","surface":"compacted","id":"way/98712063"}},{"type":"Feature","id":"way/98712070","geometry":{"type":"LineString","coordinates":[[2.3657282,48.8560993],[2.3657367,48.8561217]]},"properties":{"highway":"footway","name":"Place des Vosges","surface":"compacted","id":"way/98712070"}},{"type":"Feature","id":"way/123487813","geometry":{"type":"LineString","coordinates":[[2.3682239,48.8569397],[2.3681754,48.8571418],[2.3681545,48.8572304],[2.3681183,48.8573796],[2.3680679,48.8575873]]},"properties":{"highway":"primary","lanes":"4","name":"Boulevard Beaumarchais","surface":"asphalt","id":"way/123487813"}},{"type":"Feature","id":"way/123487840","geometry":{"type":"LineString","coordinates":[[2.364481,48.8581533],[2.3644777,48.8580711],[2.3644465,48.8575218],[2.3644463,48.8574587],[2.3644266,48.8570926],[2.3644226,48.8570254],[2.3644113,48.856774],[2.364407,48.8566771],[2.3644055,48.8566333],[2.3643487,48.8565439],[2.3642877,48.8564644]]},"properties":{"highway":"tertiary","name":"Rue de Turenne","surface":"asphalt","id":"way/123487840"}},{"type":"Feature","id":"way/124067230","geometry":{"type":"LineString","coordinates":[[2.3639312,48.8547509],[2.3638866,48.8546726]]},"properties":{"highway":"footway","surface":"paving_stones","id":"way/124067230"}},{"type":"Feature","id":"way/124067232","geometry":{"type":"LineString","coordinates":[[2.363991,48.8548546],[2.363989,48.8548684],[2.3641807,48.8548128],[2.3642484,48.8549543],[2.3643118,48.8550866],[2.3643196,48.8550988]]},"properties":{"highway":"footway","surface":"compacted","id":"way/124067232"}},{"type":"Feature","id":"way/145296408","geometry":{"type":"LineString","coordinates":[[2.3616261,48.8545605],[2.3616198,48.8545519],[2.3616146,48.8545448],[2.3613023,48.8540835]]},"properties":{"highway":"footway","surface":"sett","id":"way/145296408"}},{"type":"Feature","id":"way/149749642","geometry":{"type":"LineString","coordinates":[[2.3636954,48.8544026],[2.3637412,48.854469]]},"properties":{"highway":"footway","surface":"paving_stones","id":"way/149749642"}},{"type":"Feature","id":"way/149749644","geometry":{"type":"LineString","coordinates":[[2.3643246,48.8551134],[2.3643269,48.8551197],[2.3643304,48.8551293],[2.364339,48.855151],[2.3643481,48.8551766],[2.3645863,48.8557805],[2.3647931,48.856306]]},"properties":{"highway":"footway","surface":"asphalt","id":"way/149749644"}},{"type":"Feature","id":"way/149749646","geometry":{"type":"LineString","coordinates":[[2.3638675,48.8546521],[2.3638722,48.8546589],[2.3638866,48.8546726]]},"properties":{"highway":"footway","surface":"paving_stones","id":"way/149749646"}},{"type":"Feature","id":"way/150133651","geometry":{"type":"LineString","coordinates":[[2.3680769,48.8529164],[2.368084,48.8529438],[2.3681606,48.8529616],[2.3682514,48.8531668],[2.3682031,48.8532019],[2.3682253,48.853248],[2.368231,48.8532607]]},"properties":{"highway":"footway","name":"Place de la Bastille","surface":"asphalt","id":"way/150133651"}},{"type":"Feature","id":"way/156382084","geometry":{"type":"LineString","coordinates":[[2.3684984,48.8558253],[2.3684648,48.855943],[2.3684419,48.8560246],[2.3684098,48.8561589],[2.3683392,48.8564544]]},"properties":{"highway":"primary","lanes":"4","name":"Boulevard Beaumarchais","surface":"asphalt","id":"way/156382084"}},{"type":"Feature","id":"way/186261809","geometry":{"type":"LineString","coordinates":[[2.3606854,48.8525851],[2.3607225,48.8526198],[2.3609902,48.8528452],[2.3610851,48.852928],[2.3611291,48.8529653],[2.361154,48.8529858],[2.3611754,48.8530057],[2.3611834,48.8530125],[2.36127,48.8530913],[2.3613363,48.8531611],[2.361514,48.8533338],[2.3615439,48.8533457],[2.3615767,48.8533631],[2.3616797,48.8534469],[2.3617138,48.8534822],[2.3618257,48.8535977],[2.3618616,48.8536347],[2.3620458,48.8538627],[2.3621022,48.8539283],[2.3622391,48.854091],[2.3622832,48.854141]]},"properties":{"highway":"tertiary","name":"Rue Saint-Paul","surface":"asphalt","id":"way/186261809"}},{"type":"Feature","id":"way/187289747","geometry":{"type":"LineString","coordinates":[[2.3616587,48.8536634],[2.3617726,48.8536228]]},"properties":{"highway":"footway","name":"Voie B/4","surface":"sett","id":"way/187289747"}},{"type":"Feature","id":"way/187289758","geometry":{"type":"LineString","coordinates":[[2.3617726,48.8536228],[2.3617795,48.8536195],[2.3618257,48.8535977]]},"properties":{"highway":"service","name":"Voie B/4","surface":"sett","id":"way/187289758"}},{"type":"Feature","id":"way/187289760","geometry":{"type":"LineString","coordinates":[[2.3616797,48.8534469],[2.3616347,48.8534687],[2.3616255,48.8534731]]},"properties":{"highway":"service","name":"Voie B/4","surface":"sett","id":"way/187289760"}},{"type":"Feature","id":"way/187289766","geometry":{"type":"LineString","coordinates":[[2.3616255,48.8534731],[2.3615469,48.8535047]]},"properties":{"highway":"footway","name":"Voie B/4","surface":"sett","id":"way/187289766"}},{"type":"Feature","id":"way/194279392","geometry":{"type":"LineString","coordinates":[[2.3682569,48.8533351],[2.3682698,48.8533661],[2.3685501,48.853742]]},"properties":{"highway":"footway","name":"Place de la Bastille","surface":"asphalt","id":"way/194279392"}},{"type":"Feature","id":"way/194279393","geometry":{"type":"LineString","coordinates":[[2.368231,48.8532607],[2.3682445,48.8532994],[2.3682569,48.8533351]]},"properties":{"highway":"footway","surface":"asphalt","id":"way/194279393"}},{"type":"Feature","id":"way/230190563","geometry":{"type":"LineString","coordinates":[[2.3643118,48.8550866],[2.364112,48.855127],[2.364045,48.8549974],[2.363989,48.8548684]]},"properties":{"highway":"footway","surface":"fine_gravel","id":"way/230190563"}},{"type":"Feature","id":"way/230190564","geometry":{"type":"LineString","coordinates":[[2.363989,48.8548684],[2.3638027,48.8549255],[2.3638877,48.8550355],[2.3639708,48.8551491],[2.364112,48.855127]]},"properties":{"highway":"footway","surface":"compacted","id":"way/230190564"}},{"type":"Feature","id":"way/230304313","geometry":{"type":"LineString","coordinates":[[2.3638877,48.8550355],[2.364045,48.8549974],[2.3642484,48.8549543]]},"properties":{"highway":"footway","surface":"compacted","id":"way/230304313"}},{"type":"Feature","id":"way/230305135","geometry":{"type":"LineString","coordinates":[[2.364339,48.855151],[2.3652327,48.8549987],[2.3652775,48.8549913],[2.3652967,48.8549879],[2.3653148,48.8549847],[2.3653669,48.8549758],[2.3662552,48.8548243]]},"properties":{"highway":"footway","surface":"asphalt","id":"way/230305135"}},{"type":"Feature","id":"way/230305137","geometry":{"type":"LineString","coordinates":[[2.3667338,48.8560642],[2.3667252,48.8560423],[2.3667148,48.8560163]]},"properties":{"highway":"footway","surface":"asphalt","id":"way/230305137"}},{"type":"Feature","id":"way/230305140","geometry":{"type":"LineString","coordinates":[[2.3648187,48.8563906],[2.3648229,48.8564038],[2.3657242,48.8562612],[2.36577,48.856254],[2.3657855,48.8562516],[2.365805,48.8562483],[2.3658487,48.8562408],[2.3658677,48.8562375],[2.3667379,48.8560888],[2.3667341,48.8560791]]},"properties":{"highway":"footway","surface":"asphalt","id":"way/230305140"}},{"type":"Feature","id":"way/230305141","geometry":{"type":"LineString","coordinates":[[2.3662552,48.8548243],[2.3663182,48.8549912],[2.3664975,48.855463],[2.3666932,48.855976],[2.3666977,48.8559861],[2.3667005,48.8559943]]},"properties":{"highway":"footway","surface":"asphalt","id":"way/230305141"}},{"type":"Feature","id":"way/230305142","geometry":{"type":"LineString","coordinates":[[2.3647701,48.8557507],[2.3647004,48.8557622],[2.3646284,48.8557741]]},"properties":{"highway":"footway","surface":"asphalt","id":"way/230305142"}},{"type":"Feature","id":"way/255109305","geometry":{"type":"LineString","coordinates":[[2.3688565,48.8571169],[2.3687735,48.857094],[2.3685478,48.8570302],[2.3684639,48.8570067],[2.3683941,48.8569872],[2.3682239,48.8569397]]},"properties":{"highway":"tertiary","name":"Rue du Chemin Vert","surface":"asphalt","id":"way/255109305"}},{"type":"Feature","id":"way/390294220","geometry":{"type":"LineString","coordinates":[[2.3676402,48.8533737],[2.3673629,48.8534177],[2.3671702,48.8534492]]},"properties":{"highway":"residential","name":"Rue Saint-Antoine","surface":"asphalt","id":"way/390294220"}},{"type":"Feature","id":"way/390298282","geometry":{"type":"LineString","coordinates":[[2.3628361,48.8568962],[2.3629196,48.8568712],[2.3642118,48.8564874],[2.3642877,48.8564644]]},"properties":{"highway":"tertiary","name":"Rue des Francs Bourgeois","surface":"asphalt","id":"way/390298282"}},{"type":"Feature","id":"way/505935716","geometry":{"type":"LineString","coordinates":[[2.3682445,48.8532994],[2.3679461,48.8533361],[2.3677075,48.853365],[2.3676402,48.8533737]]},"properties":{"highway":"residential","lanes":"2","name":"Rue Saint-Antoine","surface":"asphalt","id":"way/505935716"}},{"type":"Feature","id":"way/552557687","geometry":{"type":"LineString","coordinates":[[2.3673453,48.8569862],[2.3673493,48.8571561],[2.3673569,48.857479],[2.3673603,48.857656],[2.3673626,48.8577084],[2.3673464,48.8577571],[2.3671291,48.8584277],[2.3671371,48.8584434],[2.3671458,48.8584517],[2.3671651,48.8584615],[2.3671896,48.8584708],[2.3675665,48.8585334],[2.3676339,48.8585397],[2.3678345,48.8585562]]},"properties":{"highway":"residential","name":"Rue des Tournelles","surface":"asphalt","id":"way/552557687"}},{"type":"Feature","id":"way/557026896","geometry":{"type":"LineString","coordinates":[[2.3671702,48.8534492],[2.3672184,48.853484],[2.3672444,48.8535207],[2.3673311,48.8537211],[2.3673493,48.8537632],[2.3673852,48.853876]]},"properties":{"highway":"residential","name":"Rue des Tournelles","surface":"asphalt","id":"way/557026896"}},{"type":"Feature","id":"way/583990572","geometry":{"type":"LineString","coordinates":[[2.3685143,48.857712],[2.3685106,48.8577299],[2.368475,48.8577459],[2.3682207,48.8577224]]},"properties":{"highway":"footway","name":"Rue Clotilde de Vaux","surface":"asphalt","id":"way/583990572"}},{"type":"Feature","id":"way/599402654","geometry":{"type":"LineString","coordinates":[[2.3687336,48.8548148],[2.3685541,48.8548081],[2.3681724,48.8548051],[2.3681147,48.8548043]]},"properties":{"highway":"living_street","name":"Rue Jean Beausire","surface":"asphalt","id":"way/599402654"}},{"type":"Feature","id":"way/607979640","geometry":{"type":"LineString","coordinates":[[2.3616451,48.855057],[2.3616767,48.855095]]},"properties":{"highway":"cycleway","name":"Rue de Sévigné","surface":"asphalt","width":"3","id":"way/607979640"}},{"type":"Feature","id":"way/607979641","geometry":{"type":"LineString","coordinates":[[2.3602452,48.8553905],[2.3610069,48.85521],[2.3611358,48.8551774],[2.3615337,48.8550833],[2.3616451,48.855057]]},"properties":{"highway":"cycleway","name":"Rue de Rivoli","surface":"asphalt","id":"way/607979641"}},{"type":"Feature","id":"way/607979642","geometry":{"type":"LineString","coordinates":[[2.3648425,48.8538941],[2.3648678,48.8539646]]},"properties":{"highway":"cycleway","name":"Rue de Birague","surface":"asphalt","id":"way/607979642"}},{"type":"Feature","id":"way/607979643","geometry":{"type":"LineString","coordinates":[[2.3629491,48.8545998],[2.3629005,48.8545404]]},"properties":{"highway":"cycleway","name":"Rue de Turenne","surface":"asphalt","id":"way/607979643"}},{"type":"Feature","id":"way/607979644","geometry":{"type":"LineString","coordinates":[[2.3656218,48.8536755],[2.3655234,48.8537031],[2.3652465,48.8537808],[2.3649691,48.8538586],[2.3648425,48.8538941],[2.3647231,48.8539283],[2.3645975,48.8539675],[2.3638239,48.8542103],[2.3637027,48.8542483],[2.3635548,48.8543021],[2.3630481,48.8544864],[2.3629005,48.8545404]]},"properties":{"highway":"cycleway","name":"Rue Saint-Antoine","surface":"asphalt","id":"way/607979644"}},{"type":"Feature","id":"way/656543771","geometry":{"type":"LineString","coordinates":[[2.368406,48.8531833],[2.3683746,48.8532061],[2.3683438,48.8532197],[2.3683196,48.853228],[2.3682867,48.853237],[2.3682253,48.853248],[2.3676828,48.8533205],[2.3676238,48.8533277]]},"properties":{"highway":"cycleway","name":"Rue Saint-Antoine","surface":"asphalt","width":"2","id":"way/656543771"}},{"type":"Feature","id":"way/656543773","geometry":{"type":"LineString","coordinates":[[2.3626692,48.8546326],[2.3626301,48.85465],[2.3623241,48.8547688],[2.3622859,48.8548092],[2.3622655,48.8548268],[2.3618932,48.8549838],[2.3616451,48.855057]]},"properties":{"highway":"cycleway","name":"Rue Saint-Antoine","surface":"asphalt","id":"way/656543773"}},{"type":"Feature","id":"way/656594250","geometry":{"type":"LineString","coordinates":[[2.3656764,48.8537421],[2.3656218,48.8536755]]},"properties":{"highway":"residential","name":"Rue du Petit Musc","surface":"asphalt","id":"way/656594250"}},{"type":"Feature","id":"way/657327017","geometry":{"type":"LineString","coordinates":[[2.3622859,48.8548092],[2.3623482,48.8548081],[2.3626576,48.8546804],[2.3627724,48.8546706]]},"properties":{"highway":"service","name":"Rue Saint-Antoine","surface":"asphalt","id":"way/657327017"}},{"type":"Feature","id":"way/666126306","geometry":{"type":"LineString","coordinates":[[2.3673131,48.8559452],[2.3673729,48.8559347],[2.368317,48.8557836],[2.3684984,48.8558253]]},"properties":{"highway":"tertiary","lanes":"2","name":"Rue du Pas de la Mule","surface":"asphalt","id":"way/666126306"}},{"type":"Feature","id":"way/666126308","geometry":{"type":"LineString","coordinates":[[2.3673131,48.8559452],[2.3673123,48.8559863],[2.367328,48.8565378],[2.3673301,48.8566074],[2.3673439,48.8569382],[2.3673453,48.8569862]]},"properties":{"highway":"residential","name":"Rue des Tournelles","surface":"asphalt","id":"way/666126308"}},{"type":"Feature","id":"way/697946274","geometry":{"type":"LineString","coordinates":[[2.3685961,48.8532534],[2.3685567,48.8531553],[2.3685355,48.8531117],[2.3685084,48.8530545],[2.3684625,48.8529912],[2.3683835,48.8528907],[2.3683564,48.8528621]]},"properties":{"highway":"primary","lanes":"4","name":"Place de la Bastille","surface":"paving_stones","id":"way/697946274"}},{"type":"Feature","id":"way/698892815","geometry":{"type":"LineString","coordinates":[[2.3642073,48.8534647],[2.3641547,48.8534887],[2.3637591,48.8536574],[2.363633,48.8537179],[2.3635653,48.8537443]]},"properties":{"highway":"living_street","name":"Rue Neuve Saint-Pierre","surface":"asphalt","id":"way/698892815"}},{"type":"Feature","id":"way/698892817","geometry":{"type":"LineString","coordinates":[[2.3630027,48.8539146],[2.3624054,48.8541012],[2.362367,48.8541132],[2.3622832,48.854141]]},"properties":{"highway":"living_street","name":"Rue Neuve Saint-Pierre","surface":"asphalt","id":"way/698892817"}},{"type":"Feature","id":"way/740819456","geometry":{"type":"LineString","coordinates":[[2.3683887,48.8531387],[2.3684113,48.8531345],[2.3685355,48.8531117],[2.3686915,48.8530761],[2.3687093,48.8530758]]},"properties":{"highway":"footway","surface":"asphalt","id":"way/740819456"}},{"type":"Feature","id":"way/746566700","geometry":{"type":"LineString","coordinates":[[2.3675899,48.8543001],[2.3679484,48.8542612]]},"properties":{"highway":"footway","name":"Passage Jean Beausire","id":"way/746566700"}},{"type":"Feature","id":"way/746566701","geometry":{"type":"LineString","coordinates":[[2.3673754,48.854333],[2.3675899,48.8543001]]},"properties":{"highway":"footway","name":"Passage Jean Beausire","id":"way/746566701"}},{"type":"Feature","id":"way/746566702","geometry":{"type":"LineString","coordinates":[[2.3680852,48.8542613],[2.3680982,48.8542617],[2.3681479,48.8542631]]},"properties":{"highway":"footway","name":"Passage Jean Beausire","id":"way/746566702"}},{"type":"Feature","id":"way/746566703","geometry":{"type":"LineString","coordinates":[[2.3679484,48.8542612],[2.3680852,48.8542613]]},"properties":{"highway":"footway","name":"Passage Jean Beausire","id":"way/746566703"}},{"type":"Feature","id":"way/762858703","geometry":{"type":"LineString","coordinates":[[2.3664923,48.8573457],[2.3663055,48.8573761],[2.3662895,48.8573784],[2.3662718,48.857381],[2.3662225,48.8573882]]},"properties":{"highway":"footway","name":"Allée Arnaud Beltrame","surface":"paving_stones","id":"way/762858703"}},{"type":"Feature","id":"way/762858705","geometry":{"type":"LineString","coordinates":[[2.3665727,48.8575612],[2.3663862,48.8575928],[2.3663728,48.857595],[2.3663512,48.8575985],[2.3663077,48.8576055]]},"properties":{"highway":"footway","name":"Allée Arnaud Beltrame","surface":"paving_stones","id":"way/762858705"}},{"type":"Feature","id":"way/762858707","geometry":{"type":"LineString","coordinates":[[2.3667937,48.8570764],[2.3668046,48.8571041],[2.3668068,48.8571098],[2.3668097,48.8571172],[2.3668575,48.8572378],[2.3669623,48.8575381]]},"properties":{"highway":"footway","name":"Allée Arnaud Beltrame","surface":"paving_stones","id":"way/762858707"}},{"type":"Feature","id":"way/762858708","geometry":{"type":"LineString","coordinates":[[2.3673493,48.8571561],[2.3673014,48.8571638],[2.3672906,48.8571662],[2.3672777,48.8571676],[2.3668575,48.8572378],[2.3664782,48.8573065],[2.3664923,48.8573457],[2.3665727,48.8575612],[2.3665834,48.8575995],[2.3669076,48.8575458],[2.3669623,48.8575381],[2.3672854,48.857488],[2.3672996,48.8574862],[2.3673095,48.857485],[2.3673569,48.857479]]},"properties":{"highway":"footway","name":"Allée Arnaud Beltrame","surface":"paving_stones","id":"way/762858708"}},{"type":"Feature","id":"way/805587630","geometry":{"type":"LineString","coordinates":[[2.3683992,48.8534262],[2.3683767,48.8533787]]},"properties":{"highway":"steps","id":"way/805587630"}},{"type":"Feature","id":"way/847108035","geometry":{"type":"LineString","coordinates":[[2.3642877,48.8564644],[2.3642512,48.8564114],[2.363738,48.8556358],[2.3636817,48.8555539],[2.3636415,48.8554984]]},"properties":{"highway":"tertiary","lanes":"2","name":"Rue de Turenne","surface":"asphalt","id":"way/847108035"}},{"type":"Feature","id":"way/891302590","geometry":{"type":"LineString","coordinates":[[2.3684984,48.8558253],[2.3686318,48.8559025],[2.3686547,48.8559626],[2.3686503,48.8559822],[2.3685617,48.8563802],[2.3685243,48.8564139],[2.3683392,48.8564544]]},"properties":{"highway":"service","surface":"asphalt","id":"way/891302590"}},{"type":"Feature","id":"way/946568132","geometry":{"type":"LineString","coordinates":[[2.3673311,48.8537211],[2.3672861,48.8537078],[2.3670831,48.8536474],[2.3668981,48.8535929],[2.3668148,48.8535683],[2.3667688,48.8535408],[2.3667259,48.8535151]]},"properties":{"highway":"pedestrian","name":"Rue Saint-Antoine","surface":"sett","id":"way/946568132"}},{"type":"Feature","id":"way/946568133","geometry":{"type":"LineString","coordinates":[[2.3672112,48.8535255],[2.3672444,48.8535207],[2.3672913,48.8535141]]},"properties":{"highway":"footway","surface":"asphalt","id":"way/946568133"}},{"type":"Feature","id":"way/948652815","geometry":{"type":"LineString","coordinates":[[2.3655456,48.8557675],[2.3654844,48.8557616],[2.3654281,48.8557449],[2.3653869,48.8557228],[2.3653548,48.8556949],[2.3653319,48.8556589],[2.3653243,48.8556201],[2.3653319,48.8555829],[2.3653536,48.8555481],[2.3653894,48.8555172],[2.3654363,48.8554936],[2.3654909,48.8554789],[2.3655478,48.8554741],[2.3656046,48.8554791],[2.3656576,48.8554934],[2.3657062,48.855518],[2.3657428,48.8555504],[2.3657631,48.8555842],[2.3657702,48.8556203],[2.3657616,48.8556611],[2.3657362,48.8556987],[2.3657015,48.8557267],[2.3656575,48.8557483],[2.3656068,48.8557622],[2.3655456,48.8557675]]},"properties":{"highway":"footway","surface":"compacted","id":"way/948652815"}},{"type":"Feature","id":"way/948652818","geometry":{"type":"LineString","coordinates":[[2.3642877,48.8564644],[2.3644057,48.8564273],[2.3644809,48.8564037]]},"properties":{"highway":"tertiary","name":"Rue des Francs Bourgeois","surface":"asphalt","id":"way/948652818"}},{"type":"Feature","id":"way/948652820","geometry":{"type":"LineString","coordinates":[[2.3653965,48.8551006],[2.3653898,48.8550553],[2.3653806,48.8550055]]},"properties":{"highway":"footway","surface":"asphalt","id":"way/948652820"}},{"type":"Feature","id":"way/948652821","geometry":{"type":"LineString","coordinates":[[2.36528,48.8551204],[2.3652606,48.8550777],[2.3652396,48.8550288]]},"properties":{"highway":"footway","surface":"asphalt","id":"way/948652821"}},{"type":"Feature","id":"way/962900778","geometry":{"type":"LineString","coordinates":[[2.3680769,48.8529164],[2.3680728,48.8529025],[2.3680509,48.8528275],[2.3680333,48.8527672],[2.3680293,48.8527535]]},"properties":{"highway":"footway","surface":"asphalt","id":"way/962900778"}},{"type":"Feature","id":"way/962900782","geometry":{"type":"LineString","coordinates":[[2.3683887,48.8531387],[2.3682514,48.8531668]]},"properties":{"highway":"footway","surface":"asphalt","id":"way/962900782"}},{"type":"Feature","id":"way/963932923","geometry":{"type":"LineString","coordinates":[[2.3685961,48.8532534],[2.3682445,48.8532994]]},"properties":{"highway":"residential","lanes":"2","name":"Rue Saint-Antoine","surface":"asphalt","id":"way/963932923"}},{"type":"Feature","id":"way/971059563","geometry":{"type":"LineString","coordinates":[[2.362787,48.8570908],[2.3626917,48.8571205],[2.362676,48.8571813],[2.3626574,48.8572192]]},"properties":{"highway":"footway","surface":"sett","id":"way/971059563"}},{"type":"Feature","id":"way/971059565","geometry":{"type":"LineString","coordinates":[[2.3628706,48.8570674],[2.362787,48.8570908]]},"properties":{"highway":"footway","surface":"sett","id":"way/971059565"}},{"type":"Feature","id":"way/971059566","geometry":{"type":"LineString","coordinates":[[2.3629451,48.8570447],[2.3629007,48.8570594],[2.3628706,48.8570674]]},"properties":{"highway":"footway","surface":"paving_stones","id":"way/971059566"}},{"type":"Feature","id":"way/987003844","geometry":{"type":"LineString","coordinates":[[2.3627616,48.856786],[2.3628139,48.8567741],[2.3628311,48.8567702]]},"properties":{"highway":"footway","surface":"paving_stones","id":"way/987003844"}},{"type":"Feature","id":"way/987003845","geometry":{"type":"LineString","coordinates":[[2.3628311,48.8567702],[2.3629172,48.8567389]]},"properties":{"highway":"footway","surface":"sett","id":"way/987003845"}},{"type":"Feature","id":"way/987003846","geometry":{"type":"LineString","coordinates":[[2.3629172,48.8567389],[2.3629739,48.8567191]]},"properties":{"highway":"footway","id":"way/987003846"}},{"type":"Feature","id":"way/987662465","geometry":{"type":"LineString","coordinates":[[2.3679812,48.857916],[2.3678557,48.8584632],[2.3678345,48.8585562]]},"properties":{"highway":"primary","lanes":"4","name":"Boulevard Beaumarchais","surface":"asphalt","id":"way/987662465"}},{"type":"Feature","id":"way/997553985","geometry":{"type":"LineString","coordinates":[[2.3653984,48.85511],[2.3653503,48.8551185],[2.3652837,48.8551296]]},"properties":{"highway":"footway","surface":"sett","id":"way/997553985"}},{"type":"Feature","id":"way/1030027031","geometry":{"type":"LineString","coordinates":[[2.3676238,48.8533277],[2.3675472,48.8533384],[2.3673152,48.8533706],[2.3671232,48.8533973],[2.3667398,48.853444],[2.3666103,48.8534598],[2.3665154,48.8534745],[2.3657428,48.8536483],[2.3656218,48.8536755]]},"properties":{"highway":"cycleway","name":"Rue Saint-Antoine","surface":"asphalt","id":"way/1030027031"}},{"type":"Feature","id":"way/1030027032","geometry":{"type":"LineString","coordinates":[[2.3627163,48.8546125],[2.3627724,48.8546706]]},"properties":{"highway":"tertiary","name":"Rue Saint-Paul","surface":"asphalt","id":"way/1030027032"}},{"type":"Feature","id":"way/1030027033","geometry":{"type":"LineString","coordinates":[[2.3629005,48.8545404],[2.3627691,48.8545918]]},"properties":{"highway":"cycleway","name":"Rue Saint-Antoine","surface":"asphalt","id":"way/1030027033"}},{"type":"Feature","id":"way/1060406756","geometry":{"type":"LineString","coordinates":[[2.3626683,48.853018],[2.3626582,48.8530084],[2.3626316,48.852986]]},"properties":{"highway":"footway","surface":"sett","id":"way/1060406756"}},{"type":"Feature","id":"way/1060406757","geometry":{"type":"LineString","coordinates":[[2.3627157,48.8530579],[2.3626683,48.853018]]},"properties":{"highway":"footway","surface":"sett","id":"way/1060406757"}},{"type":"Feature","id":"way/1070911140","geometry":{"type":"LineString","coordinates":[[2.3669167,48.8575705],[2.3669293,48.857605],[2.3669502,48.8576623]]},"properties":{"highway":"footway","name":"Allée Arnaud Beltrame","surface":"paving_stones","id":"way/1070911140"}},{"type":"Feature","id":"way/1078989768","geometry":{"type":"LineString","coordinates":[[2.3653243,48.8556201],[2.364999,48.8556743]]},"properties":{"highway":"footway","name":"Place des Vosges","surface":"compacted","id":"way/1078989768"}},{"type":"Feature","id":"way/1078989769","geometry":{"type":"LineString","coordinates":[[2.3657702,48.8556203],[2.3660904,48.855567]]},"properties":{"highway":"footway","name":"Place des Vosges","surface":"compacted","id":"way/1078989769"}},{"type":"Feature","id":"way/1078989771","geometry":{"type":"LineString","coordinates":[[2.3660638,48.8554971],[2.3657428,48.8555504]]},"properties":{"highway":"footway","name":"Place des Vosges","surface":"compacted","id":"way/1078989771"}},{"type":"Feature","id":"way/1078989772","geometry":{"type":"LineString","coordinates":[[2.3650256,48.8557442],[2.3653548,48.8556949]]},"properties":{"highway":"footway","name":"Place des Vosges","surface":"compacted","id":"way/1078989772"}},{"type":"Feature","id":"way/1078989773","geometry":{"type":"LineString","coordinates":[[2.3653096,48.8558765],[2.3654281,48.8557449]]},"properties":{"highway":"footway","surface":"compacted","id":"way/1078989773"}},{"type":"Feature","id":"way/1078989774","geometry":{"type":"LineString","coordinates":[[2.3652428,48.8559483],[2.365145,48.8560575]]},"properties":{"highway":"footway","surface":"compacted","id":"way/1078989774"}},{"type":"Feature","id":"way/1078989775","geometry":{"type":"LineString","coordinates":[[2.3653427,48.8559094],[2.3653374,48.8558962],[2.3653259,48.8558849],[2.3653096,48.8558765],[2.3652892,48.8558719],[2.3652677,48.8558721],[2.3652474,48.8558769],[2.3652307,48.8558858],[2.3652195,48.8558979],[2.365215,48.8559117],[2.3652177,48.8559258],[2.3652273,48.8559385],[2.3652428,48.8559483],[2.3652615,48.8559541],[2.3652821,48.8559556],[2.3653023,48.8559528],[2.3653201,48.8559459],[2.3653336,48.8559355],[2.3653414,48.8559229],[2.3653427,48.8559094]]},"properties":{"highway":"footway","surface":"compacted","id":"way/1078989775"}},{"type":"Feature","id":"way/1078989776","geometry":{"type":"LineString","coordinates":[[2.3660396,48.8558155],[2.3662104,48.8558817]]},"properties":{"highway":"footway","surface":"compacted","id":"way/1078989776"}},{"type":"Feature","id":"way/1078989777","geometry":{"type":"LineString","coordinates":[[2.3659324,48.855775],[2.3657362,48.8556987]]},"properties":{"highway":"footway","surface":"compacted","id":"way/1078989777"}},{"type":"Feature","id":"way/1078989778","geometry":{"type":"LineString","coordinates":[[2.3660462,48.8557883],[2.3660387,48.8557753],[2.3660249,48.8557646],[2.3660065,48.8557577],[2.3659857,48.8557552],[2.3659647,48.8557576],[2.3659463,48.8557644],[2.3659324,48.855775],[2.3659251,48.8557869],[2.3659239,48.8557998],[2.3659288,48.8558123],[2.3659394,48.8558231],[2.3659546,48.8558312],[2.3659729,48.8558357],[2.3659925,48.8558363],[2.3660113,48.8558328],[2.3660276,48.8558257],[2.3660396,48.8558155],[2.3660465,48.8558023],[2.3660462,48.8557883]]},"properties":{"highway":"footway","surface":"compacted","id":"way/1078989778"}},{"type":"Feature","id":"way/1078989779","geometry":{"type":"LineString","coordinates":[[2.3651524,48.8554691],[2.3653536,48.8555481]]},"properties":{"highway":"footway","surface":"compacted","id":"way/1078989779"}},{"type":"Feature","id":"way/1078989780","geometry":{"type":"LineString","coordinates":[[2.3650456,48.8554252],[2.3648803,48.8553631]]},"properties":{"highway":"footway","surface":"compacted","id":"way/1078989780"}},{"type":"Feature","id":"way/1078989781","geometry":{"type":"LineString","coordinates":[[2.3651544,48.8554278],[2.3651409,48.8554165],[2.3651224,48.8554089],[2.3651011,48.8554059],[2.3650795,48.8554079],[2.3650602,48.8554146],[2.3650456,48.8554252],[2.3650377,48.8554371],[2.3650359,48.8554501],[2.3650403,48.8554628],[2.3650505,48.855474],[2.3650654,48.8554825],[2.3650836,48.8554876],[2.3651033,48.8554887],[2.3651226,48.8554857],[2.3651395,48.855479],[2.3651524,48.8554691],[2.3651605,48.8554558],[2.3651611,48.8554414],[2.3651544,48.8554278]]},"properties":{"highway":"footway","surface":"compacted","id":"way/1078989781"}},{"type":"Feature","id":"way/1078989782","geometry":{"type":"LineString","coordinates":[[2.3654115,48.8552755],[2.3659457,48.8551873],[2.3660638,48.8554971],[2.3660766,48.8555306],[2.3660904,48.855567],[2.3662104,48.8558817],[2.3656813,48.855969],[2.365145,48.8560575],[2.3650256,48.8557442],[2.3650122,48.855709],[2.364999,48.8556743],[2.3648803,48.8553631],[2.3654115,48.8552755]]},"properties":{"highway":"footway","surface":"compacted","id":"way/1078989782"}},{"type":"Feature","id":"way/1078989783","geometry":{"type":"LineString","coordinates":[[2.3658396,48.8552928],[2.3659457,48.8551873]]},"properties":{"highway":"footway","surface":"compacted","id":"way/1078989783"}},{"type":"Feature","id":"way/1078989784","geometry":{"type":"LineString","coordinates":[[2.3657736,48.855365],[2.3656576,48.8554934]]},"properties":{"highway":"footway","surface":"compacted","id":"way/1078989784"}},{"type":"Feature","id":"way/1078989785","geometry":{"type":"LineString","coordinates":[[2.365856,48.8553025],[2.3658396,48.8552928],[2.3658209,48.8552876],[2.3658008,48.8552866],[2.3657811,48.8552897],[2.3657639,48.8552967],[2.3657509,48.8553069],[2.3657433,48.8553192],[2.365742,48.8553325],[2.365747,48.8553454],[2.3657579,48.8553566],[2.3657736,48.855365],[2.3657943,48.85537],[2.3658163,48.8553701],[2.365837,48.8553653],[2.3658541,48.8553562],[2.3658655,48.8553438],[2.3658697,48.8553295],[2.3658665,48.8553152],[2.365856,48.8553025]]},"properties":{"highway":"footway","surface":"compacted","id":"way/1078989785"}},{"type":"Feature","id":"way/1103022968","geometry":{"type":"LineString","coordinates":[[2.3671139,48.856648],[2.3671011,48.8566366],[2.3670843,48.8566216]]},"properties":{"highway":"footway","id":"way/1103022968"}},{"type":"Feature","id":"way/1119470056","geometry":{"type":"LineString","coordinates":[[2.3622128,48.8579741],[2.3621803,48.857986],[2.3619445,48.8580738],[2.3618674,48.8579864],[2.3621075,48.8578982],[2.3621803,48.857986]]},"properties":{"highway":"footway","surface":"gravel","id":"way/1119470056"}},{"type":"Feature","id":"way/1138610795","geometry":{"type":"LineString","coordinates":[[2.3616451,48.855057],[2.3615537,48.8551111]]},"properties":{"highway":"cycleway","name":"Rue de Rivoli","surface":"asphalt","id":"way/1138610795"}},{"type":"Feature","id":"way/1164755228","geometry":{"type":"LineString","coordinates":[[2.3653806,48.8550055],[2.3653669,48.8549758]]},"properties":{"highway":"footway","name":"Place des Vosges","surface":"compacted","id":"way/1164755228"}},{"type":"Feature","id":"way/1164755229","geometry":{"type":"LineString","coordinates":[[2.3653984,48.85511],[2.3653965,48.8551006]]},"properties":{"highway":"footway","name":"Place des Vosges","surface":"compacted","id":"way/1164755229"}},{"type":"Feature","id":"way/1164755230","geometry":{"type":"LineString","coordinates":[[2.3652396,48.8550288],[2.3652381,48.8550221],[2.3652327,48.8549987]]},"properties":{"highway":"footway","name":"Place des Vosges","surface":"compacted","id":"way/1164755230"}},{"type":"Feature","id":"way/1164755231","geometry":{"type":"LineString","coordinates":[[2.3652837,48.8551296],[2.36528,48.8551204]]},"properties":{"highway":"footway","name":"Place des Vosges","surface":"compacted","id":"way/1164755231"}},{"type":"Feature","id":"way/1164755232","geometry":{"type":"LineString","coordinates":[[2.3644454,48.8553053],[2.3645178,48.8552933],[2.3646043,48.8552789]]},"properties":{"highway":"footway","surface":"asphalt","id":"way/1164755232"}},{"type":"Feature","id":"way/1164755233","geometry":{"type":"LineString","coordinates":[[2.3646284,48.8557741],[2.3646225,48.855775],[2.3645863,48.8557805]]},"properties":{"highway":"footway","name":"Place des Vosges","surface":"asphalt","id":"way/1164755233"}},{"type":"Feature","id":"way/1164755234","geometry":{"type":"LineString","coordinates":[[2.3647701,48.8557507],[2.3647867,48.8557466],[2.3648201,48.8557404]]},"properties":{"highway":"footway","name":"Place des Vosges","surface":"compacted","id":"way/1164755234"}},{"type":"Feature","id":"way/1164755235","geometry":{"type":"LineString","coordinates":[[2.3649912,48.856229],[2.3649055,48.8562665],[2.364834,48.8562978]]},"properties":{"highway":"footway","surface":"asphalt","id":"way/1164755235"}},{"type":"Feature","id":"way/1164755236","geometry":{"type":"LineString","coordinates":[[2.3657084,48.8562312],[2.3656875,48.8561904],[2.3656634,48.856144]]},"properties":{"highway":"footway","surface":"asphalt","id":"way/1164755236"}},{"type":"Feature","id":"way/1164755237","geometry":{"type":"LineString","coordinates":[[2.3658488,48.8562084],[2.3658272,48.856168],[2.3658026,48.8561204]]},"properties":{"highway":"footway","surface":"asphalt","id":"way/1164755237"}},{"type":"Feature","id":"way/1164755238","geometry":{"type":"LineString","coordinates":[[2.3667148,48.8560163],[2.3667072,48.8560019],[2.3667005,48.8559943]]},"properties":{"highway":"footway","surface":"asphalt","id":"way/1164755238"}},{"type":"Feature","id":"way/1164755239","geometry":{"type":"LineString","coordinates":[[2.3667341,48.8560791],[2.366734,48.8560723],[2.3667338,48.8560642]]},"properties":{"highway":"footway","surface":"asphalt","id":"way/1164755239"}},{"type":"Feature","id":"way/1164755240","geometry":{"type":"LineString","coordinates":[[2.3664624,48.8559949],[2.3665853,48.8559946],[2.3666579,48.8559922]]},"properties":{"highway":"footway","surface":"asphalt","id":"way/1164755240"}},{"type":"Feature","id":"way/1164755241","geometry":{"type":"LineString","coordinates":[[2.3663174,48.8554919],[2.3663862,48.8554809],[2.3664588,48.8554692]]},"properties":{"highway":"footway","surface":"asphalt","id":"way/1164755241"}},{"type":"Feature","id":"way/1164755242","geometry":{"type":"LineString","coordinates":[[2.3661355,48.85503],[2.3662053,48.8550141],[2.3662803,48.8549969]]},"properties":{"highway":"footway","id":"way/1164755242"}},{"type":"Feature","id":"way/1171761376","geometry":{"type":"LineString","coordinates":[[2.3616743,48.8551783],[2.3617258,48.8551612],[2.3617786,48.8551436]]},"properties":{"highway":"footway","surface":"sett","id":"way/1171761376"}},{"type":"Feature","id":"way/1189529823","geometry":{"type":"LineString","coordinates":[[2.3636317,48.8542186],[2.3636642,48.8542065],[2.363696,48.8541947]]},"properties":{"highway":"footway","surface":"asphalt","id":"way/1189529823"}},{"type":"Feature","id":"way/1189529824","geometry":{"type":"LineString","coordinates":[[2.3626491,48.8545735],[2.3626707,48.8545652],[2.3626892,48.854558]]},"properties":{"highway":"footway","surface":"asphalt","id":"way/1189529824"}},{"type":"Feature","id":"way/1189737204","geometry":{"type":"LineString","coordinates":[[2.3633047,48.8538746],[2.3633408,48.8538654],[2.3633891,48.8538521]]},"properties":{"highway":"footway","surface":"asphalt","id":"way/1189737204"}},{"type":"Feature","id":"way/1190196680","geometry":{"type":"LineString","coordinates":[[2.3672657,48.8569635],[2.3672697,48.8569982],[2.3672744,48.8570333]]},"properties":{"highway":"footway","surface":"asphalt","id":"way/1190196680"}},{"type":"Feature","id":"way/1190196681","geometry":{"type":"LineString","coordinates":[[2.3673848,48.8569377],[2.3673439,48.8569382],[2.3672949,48.8569388]]},"properties":{"highway":"footway","surface":"asphalt","id":"way/1190196681"}},{"type":"Feature","id":"way/1190196694","geometry":{"type":"LineString","coordinates":[[2.3630734,48.855188],[2.3630945,48.8551785],[2.3631187,48.8551719]]},"properties":{"highway":"footway","surface":"asphalt","id":"way/1190196694"}},{"type":"Feature","id":"way/1190196695","geometry":{"type":"LineString","coordinates":[[2.3632424,48.855036],[2.3632808,48.8550231],[2.3633185,48.8550105]]},"properties":{"highway":"footway","surface":"asphalt","id":"way/1190196695"}},{"type":"Feature","id":"way/1190196696","geometry":{"type":"LineString","coordinates":[[2.3632286,48.8550728],[2.363253,48.8550934],[2.3632702,48.8551099]]},"properties":{"highway":"footway","surface":"asphalt","id":"way/1190196696"}},{"type":"Feature","id":"way/1190196697","geometry":{"type":"LineString","coordinates":[[2.3633195,48.855137],[2.3633564,48.8551241],[2.3633965,48.8551087]]},"properties":{"highway":"footway","id":"way/1190196697"}},{"type":"Feature","id":"way/1190196698","geometry":{"type":"LineString","coordinates":[[2.3636444,48.8555643],[2.3636817,48.8555539],[2.3637245,48.855542]]},"properties":{"highway":"footway","id":"way/1190196698"}},{"type":"Feature","id":"way/1190196699","geometry":{"type":"LineString","coordinates":[[2.3635545,48.8554986],[2.3635721,48.8555186],[2.3635874,48.8555361]]},"properties":{"highway":"footway","id":"way/1190196699"}},{"type":"Feature","id":"way/1190196700","geometry":{"type":"LineString","coordinates":[[2.3633084,48.8555553],[2.363327,48.8555496],[2.3633514,48.8555422]]},"properties":{"highway":"footway","surface":"asphalt","id":"way/1190196700"}},{"type":"Feature","id":"way/1190196710","geometry":{"type":"LineString","coordinates":[[2.3622929,48.8560018],[2.362328,48.855986],[2.3623563,48.8559799]]},"properties":{"highway":"footway","surface":"asphalt","id":"way/1190196710"}},{"type":"Feature","id":"way/1190196711","geometry":{"type":"LineString","coordinates":[[2.3623244,48.8558716],[2.3623364,48.8558907],[2.3623522,48.8559181]]},"properties":{"highway":"footway","id":"way/1190196711"}},{"type":"Feature","id":"way/1190196712","geometry":{"type":"LineString","coordinates":[[2.3622178,48.855868],[2.3622582,48.855861],[2.3622909,48.8558502]]},"properties":{"highway":"footway","id":"way/1190196712"}},{"type":"Feature","id":"way/1190196713","geometry":{"type":"LineString","coordinates":[[2.3619504,48.8555194],[2.3619895,48.8555022],[2.3620364,48.8554842]]},"properties":{"highway":"footway","id":"way/1190196713"}},{"type":"Feature","id":"way/1190196714","geometry":{"type":"LineString","coordinates":[[2.3620012,48.855422],[2.362018,48.8554352],[2.3620277,48.8554428]]},"properties":{"highway":"footway","id":"way/1190196714"}},{"type":"Feature","id":"way/1190196715","geometry":{"type":"LineString","coordinates":[[2.3626366,48.8552398],[2.3626578,48.8552616],[2.3626828,48.8552758]]},"properties":{"highway":"footway","surface":"asphalt","id":"way/1190196715"}},{"type":"Feature","id":"way/1190196716","geometry":{"type":"LineString","coordinates":[[2.36266,48.8552107],[2.3627001,48.8552009],[2.3627475,48.8551897]]},"properties":{"highway":"footway","surface":"asphalt","id":"way/1190196716"}},{"type":"Feature","id":"way/1190196717","geometry":{"type":"LineString","coordinates":[[2.3624407,48.8548696],[2.3624725,48.8548553],[2.3625038,48.8548412]]},"properties":{"highway":"footway","surface":"asphalt","id":"way/1190196717"}},{"type":"Feature","id":"way/1190196732","geometry":{"type":"LineString","coordinates":[[2.3655719,48.8580193],[2.3655641,48.857993],[2.3655581,48.857973]]},"properties":{"highway":"footway","surface":"asphalt","id":"way/1190196732"}},{"type":"Feature","id":"way/1190196733","geometry":{"type":"LineString","coordinates":[[2.3654318,48.8580693],[2.3654736,48.8580613],[2.3655191,48.8580526]]},"properties":{"highway":"footway","surface":"asphalt","id":"way/1190196733"}},{"type":"Feature","id":"way/1190196734","geometry":{"type":"LineString","coordinates":[[2.3653432,48.8580118],[2.3653503,48.8580286],[2.3653622,48.8580571]]},"properties":{"highway":"footway","surface":"asphalt","id":"way/1190196734"}},{"type":"Feature","id":"way/1190196795","geometry":{"type":"LineString","coordinates":[[2.3616334,48.8572678],[2.3616676,48.8572534],[2.3616733,48.8572364],[2.3616931,48.8572294]]},"properties":{"highway":"footway","surface":"paving_stones","id":"way/1190196795"}},{"type":"Feature","id":"way/1190196796","geometry":{"type":"LineString","coordinates":[[2.3616472,48.8572779],[2.3616633,48.8572886],[2.361683,48.8573017]]},"properties":{"highway":"footway","surface":"asphalt","id":"way/1190196796"}},{"type":"Feature","id":"way/1190196797","geometry":{"type":"LineString","coordinates":[[2.3618279,48.8572658],[2.3617897,48.8572814],[2.3617655,48.8572913]]},"properties":{"highway":"footway","surface":"asphalt","id":"way/1190196797"}},{"type":"Feature","id":"way/1190196798","geometry":{"type":"LineString","coordinates":[[2.361798,48.8572144],[2.3618206,48.8572282],[2.3618453,48.8572439]]},"properties":{"highway":"footway","surface":"asphalt","id":"way/1190196798"}},{"type":"Feature","id":"way/1190196799","geometry":{"type":"LineString","coordinates":[[2.3616931,48.8572294],[2.3617318,48.857217],[2.3617583,48.8572085]]},"properties":{"highway":"footway","surface":"asphalt","id":"way/1190196799"}},{"type":"Feature","id":"way/1190196801","geometry":{"type":"LineString","coordinates":[[2.3681723,48.8548241],[2.3681724,48.8548051],[2.3681726,48.8547814]]},"properties":{"highway":"footway","id":"way/1190196801"}},{"type":"Feature","id":"way/1190196802","geometry":{"type":"LineString","coordinates":[[2.3680855,48.8547492],[2.3681183,48.8547507],[2.3681384,48.8547516]]},"properties":{"highway":"footway","id":"way/1190196802"}},{"type":"Feature","id":"way/1190196826","geometry":{"type":"LineString","coordinates":[[2.3645007,48.8575208],[2.3644465,48.8575218],[2.3643914,48.8575227]]},"properties":{"highway":"footway","surface":"asphalt","id":"way/1190196826"}},{"type":"Feature","id":"way/1190196827","geometry":{"type":"LineString","coordinates":[[2.3645299,48.8574202],[2.3645356,48.8574451],[2.3645496,48.8574766]]},"properties":{"highway":"footway","id":"way/1190196827"}},{"type":"Feature","id":"way/1190196828","geometry":{"type":"LineString","coordinates":[[2.3645188,48.8570588],[2.364522,48.8570761],[2.3645255,48.8570948]]},"properties":{"highway":"footway","id":"way/1190196828"}},{"type":"Feature","id":"way/1190196829","geometry":{"type":"LineString","coordinates":[[2.3643696,48.8570293],[2.3644226,48.8570254],[2.3644725,48.8570218]]},"properties":{"highway":"footway","id":"way/1190196829"}},{"type":"Feature","id":"way/1190196830","geometry":{"type":"LineString","coordinates":[[2.3659561,48.8567974],[2.3659898,48.8567926],[2.3660245,48.8567877]]},"properties":{"highway":"footway","surface":"asphalt","id":"way/1190196830"}},{"type":"Feature","id":"way/1190196831","geometry":{"type":"LineString","coordinates":[[2.365937,48.8568588],[2.3659294,48.8568398],[2.3659212,48.8568192]]},"properties":{"highway":"footway","surface":"asphalt","id":"way/1190196831"}},{"type":"Feature","id":"way/1190196832","geometry":{"type":"LineString","coordinates":[[2.3660782,48.8568512],[2.3660229,48.8568604],[2.3659655,48.8568699]]},"properties":{"highway":"footway","surface":"asphalt","id":"way/1190196832"}},{"type":"Feature","id":"way/1190196833","geometry":{"type":"LineString","coordinates":[[2.3660731,48.856799],[2.3660797,48.8568147],[2.3660892,48.8568378]]},"properties":{"highway":"footway","surface":"asphalt","id":"way/1190196833"}},{"type":"Feature","id":"way/1190196834","geometry":{"type":"LineString","coordinates":[[2.3660723,48.8571522],[2.3661295,48.8571426],[2.3661818,48.8571338]]},"properties":{"highway":"footway","surface":"asphalt","id":"way/1190196834"}},{"type":"Feature","id":"way/1190196835","geometry":{"type":"LineString","coordinates":[[2.3660789,48.857225],[2.3660688,48.8571956],[2.3660589,48.857167]]},"properties":{"highway":"footway","surface":"asphalt","id":"way/1190196835"}},{"type":"Feature","id":"way/1190196836","geometry":{"type":"LineString","coordinates":[[2.3662133,48.8572174],[2.3662108,48.8572178],[2.3661603,48.8572257],[2.3661035,48.8572355]]},"properties":{"highway":"footway","surface":"asphalt","id":"way/1190196836"}},{"type":"Feature","id":"way/1190196837","geometry":{"type":"LineString","coordinates":[[2.3662043,48.8571416],[2.3662151,48.8571717],[2.366226,48.857202]]},"properties":{"highway":"footway","id":"way/1190196837"}},{"type":"Feature","id":"way/1190196838","geometry":{"type":"LineString","coordinates":[[2.3663266,48.8578272],[2.3663814,48.8578185],[2.3664298,48.8578108]]},"properties":{"highway":"footway","surface":"asphalt","id":"way/1190196838"}},{"type":"Feature","id":"way/1190196839","geometry":{"type":"LineString","coordinates":[[2.3662958,48.8578501],[2.366305,48.8578701],[2.3663174,48.8578972]]},"properties":{"highway":"footway","surface":"asphalt","id":"way/1190196839"}},{"type":"Feature","id":"way/1190196840","geometry":{"type":"LineString","coordinates":[[2.3664731,48.8578221],[2.366481,48.8578433],[2.3664905,48.857869]]},"properties":{"highway":"footway","surface":"asphalt","id":"way/1190196840"}},{"type":"Feature","id":"way/1190196842","geometry":{"type":"LineString","coordinates":[[2.3672788,48.85769],[2.367274,48.8577221],[2.3672707,48.8577442]]},"properties":{"highway":"footway","surface":"asphalt","id":"way/1190196842"}},{"type":"Feature","id":"way/1190196843","geometry":{"type":"LineString","coordinates":[[2.3673113,48.8576654],[2.3673603,48.857656],[2.3674089,48.8576467]]},"properties":{"highway":"footway","surface":"asphalt","id":"way/1190196843"}},{"type":"Feature","id":"way/1190196844","geometry":{"type":"LineString","coordinates":[[2.3672999,48.8577654],[2.3673464,48.8577571],[2.3673991,48.8577478]]},"properties":{"highway":"footway","surface":"asphalt","id":"way/1190196844"}},{"type":"Feature","id":"way/1190196845","geometry":{"type":"LineString","coordinates":[[2.3674404,48.8576661],[2.3674421,48.8576948],[2.3674434,48.8577166]]},"properties":{"highway":"footway","surface":"asphalt","id":"way/1190196845"}},{"type":"Feature","id":"way/1190196846","geometry":{"type":"LineString","coordinates":[[2.3647999,48.8563285],[2.3648073,48.8563528],[2.3648148,48.8563772]]},"properties":{"highway":"footway","surface":"paving_stones","id":"way/1190196846"}},{"type":"Feature","id":"way/1190196965","geometry":{"type":"LineString","coordinates":[[2.3645644,48.8581979],[2.365365,48.858063]]},"properties":{"highway":"footway","surface":"paving_stones","id":"way/1190196965"}},{"type":"Feature","id":"way/1190196970","geometry":{"type":"LineString","coordinates":[[2.3654241,48.8580711],[2.3654295,48.8580949],[2.3655353,48.8585551],[2.3655903,48.8586486],[2.3655934,48.8587521],[2.3655722,48.858762],[2.3655716,48.858768]]},"properties":{"highway":"footway","surface":"asphalt","id":"way/1190196970"}},{"type":"Feature","id":"way/1190196971","geometry":{"type":"LineString","coordinates":[[2.3653622,48.8580571],[2.365365,48.858063],[2.3654241,48.8580711],[2.3654318,48.8580693]]},"properties":{"highway":"footway","surface":"paving_stones","id":"way/1190196971"}},{"type":"Feature","id":"way/1190196972","geometry":{"type":"LineString","coordinates":[[2.3645506,48.8574837],[2.3658586,48.8572645],[2.3660629,48.85723],[2.3660796,48.8572272]]},"properties":{"highway":"footway","id":"way/1190196972"}},{"type":"Feature","id":"way/1190196973","geometry":{"type":"LineString","coordinates":[[2.3645332,48.8575195],[2.3645506,48.8574837],[2.3645496,48.8574766]]},"properties":{"highway":"footway","id":"way/1190196973"}},{"type":"Feature","id":"way/1190196974","geometry":{"type":"LineString","coordinates":[[2.3645607,48.8580687],[2.3645332,48.8575195],[2.3645007,48.8575208]]},"properties":{"highway":"footway","surface":"paving_stones","id":"way/1190196974"}},{"type":"Feature","id":"way/1190196975","geometry":{"type":"LineString","coordinates":[[2.3645623,48.8581326],[2.3645607,48.8580687],[2.3645242,48.8580694]]},"properties":{"highway":"footway","surface":"paving_stones","id":"way/1190196975"}},{"type":"Feature","id":"way/1190196976","geometry":{"type":"LineString","coordinates":[[2.3653402,48.8580041],[2.3645623,48.8581326],[2.3645627,48.8581373]]},"properties":{"highway":"footway","surface":"paving_stones","id":"way/1190196976"}},{"type":"Feature","id":"way/1190196977","geometry":{"type":"LineString","coordinates":[[2.3655555,48.8579663],[2.3653402,48.8580041],[2.3653432,48.8580118]]},"properties":{"highway":"footway","surface":"paving_stones","id":"way/1190196977"}},{"type":"Feature","id":"way/1190196978","geometry":{"type":"LineString","coordinates":[[2.366293,48.8578437],[2.3655555,48.8579663],[2.3655581,48.857973]]},"properties":{"highway":"footway","surface":"paving_stones","id":"way/1190196978"}},{"type":"Feature","id":"way/1190196979","geometry":{"type":"LineString","coordinates":[[2.3663111,48.85783],[2.366293,48.8578437],[2.3662958,48.8578501]]},"properties":{"highway":"footway","surface":"paving_stones","id":"way/1190196979"}},{"type":"Feature","id":"way/1190196980","geometry":{"type":"LineString","coordinates":[[2.3660916,48.8572376],[2.3663111,48.85783],[2.3663266,48.8578272]]},"properties":{"highway":"footway","surface":"paving_stones","id":"way/1190196980"}},{"type":"Feature","id":"way/1190196981","geometry":{"type":"LineString","coordinates":[[2.3660789,48.857225],[2.3660796,48.8572272],[2.3660916,48.8572376],[2.3661035,48.8572355]]},"properties":{"highway":"footway","id":"way/1190196981"}},{"type":"Feature","id":"way/1190196982","geometry":{"type":"LineString","coordinates":[[2.3673942,48.8569375],[2.3674186,48.8576443]]},"properties":{"highway":"footway","surface":"asphalt","id":"way/1190196982"}},{"type":"Feature","id":"way/1190196983","geometry":{"type":"LineString","coordinates":[[2.3673777,48.8565389],[2.3673942,48.8569375],[2.3673848,48.8569377]]},"properties":{"highway":"footway","surface":"asphalt","id":"way/1190196983"}},{"type":"Feature","id":"way/1190196984","geometry":{"type":"LineString","coordinates":[[2.3673613,48.8559795],[2.3673767,48.8564277],[2.3673777,48.8565389],[2.3673696,48.8565382]]},"properties":{"highway":"footway","surface":"asphalt","id":"way/1190196984"}},{"type":"Feature","id":"way/1190196985","geometry":{"type":"LineString","coordinates":[[2.3673737,48.8559667],[2.367366,48.8559691],[2.3673613,48.8559795],[2.3673505,48.8559804]]},"properties":{"highway":"footway","surface":"asphalt","id":"way/1190196985"}},{"type":"Feature","id":"way/1190196986","geometry":{"type":"LineString","coordinates":[[2.3682819,48.8558498],[2.3682008,48.8558317],[2.3673737,48.8559667],[2.3673727,48.8559592]]},"properties":{"highway":"footway","surface":"asphalt","id":"way/1190196986"}},{"type":"Feature","id":"way/1190196987","geometry":{"type":"LineString","coordinates":[[2.3683017,48.8559078],[2.3683121,48.8558652],[2.3682819,48.8558498],[2.3683068,48.8558255]]},"properties":{"highway":"footway","surface":"asphalt","id":"way/1190196987"}},{"type":"Feature","id":"way/1190196988","geometry":{"type":"LineString","coordinates":[[2.368353,48.8559195],[2.3683017,48.8559078],[2.3682762,48.8560071],[2.3682182,48.8560479],[2.3680258,48.8568719]]},"properties":{"highway":"footway","surface":"asphalt","id":"way/1190196988"}},{"type":"Feature","id":"way/1190196989","geometry":{"type":"LineString","coordinates":[[2.3679115,48.8575777],[2.3678823,48.8574838],[2.3680258,48.8568719],[2.3680552,48.8568737],[2.3681227,48.8568784]]},"properties":{"highway":"footway","surface":"asphalt","id":"way/1190196989"}},{"type":"Feature","id":"way/1190196990","geometry":{"type":"LineString","coordinates":[[2.3674404,48.8576586],[2.3679115,48.8575777],[2.3679143,48.8575848]]},"properties":{"highway":"footway","surface":"paving_stones","id":"way/1190196990"}},{"type":"Feature","id":"way/1190196991","geometry":{"type":"LineString","coordinates":[[2.3674089,48.8576467],[2.3674186,48.8576443],[2.3674404,48.8576586],[2.3674404,48.8576661]]},"properties":{"highway":"footway","surface":"asphalt","id":"way/1190196991"}},{"type":"Feature","id":"way/1190196992","geometry":{"type":"LineString","coordinates":[[2.3673113,48.8576654],[2.3673013,48.857667],[2.3672788,48.8576809]]},"properties":{"highway":"footway","surface":"paving_stones","id":"way/1190196992"}},{"type":"Feature","id":"way/1190196993","geometry":{"type":"LineString","coordinates":[[2.3672724,48.857044],[2.3672893,48.8570619],[2.3672906,48.8571662],[2.3672996,48.8574862],[2.3673033,48.8576532],[2.3673013,48.857667]]},"properties":{"highway":"footway","surface":"asphalt","id":"way/1190196993"}},{"type":"Feature","id":"way/1190196994","geometry":{"type":"LineString","coordinates":[[2.3662287,48.8572077],[2.3662422,48.8572054],[2.3668068,48.8571098],[2.3672412,48.8570384],[2.3672724,48.857044],[2.3672744,48.8570333]]},"properties":{"highway":"footway","surface":"asphalt","id":"way/1190196994"}},{"type":"Feature","id":"way/1190196995","geometry":{"type":"LineString","coordinates":[[2.366227,48.8572153],[2.3662287,48.8572077],[2.366226,48.857202]]},"properties":{"highway":"footway","id":"way/1190196995"}},{"type":"Feature","id":"way/1190196996","geometry":{"type":"LineString","coordinates":[[2.366448,48.8578082],[2.3663728,48.857595],[2.3662895,48.8573784],[2.366227,48.8572153],[2.3662133,48.8572174]]},"properties":{"highway":"footway","surface":"paving_stones","id":"way/1190196996"}},{"type":"Feature","id":"way/1190196997","geometry":{"type":"LineString","coordinates":[[2.3664711,48.8578161],[2.366448,48.8578082],[2.3664298,48.8578108]]},"properties":{"highway":"footway","surface":"paving_stones","id":"way/1190196997"}},{"type":"Feature","id":"way/1190196998","geometry":{"type":"LineString","coordinates":[[2.3672788,48.85769],[2.3672788,48.8576809],[2.3669757,48.8577319],[2.3664711,48.8578161],[2.3664731,48.8578221]]},"properties":{"highway":"footway","surface":"paving_stones","id":"way/1190196998"}},{"type":"Feature","id":"way/1190197000","geometry":{"type":"LineString","coordinates":[[2.3678646,48.8577059],[2.3677793,48.857834],[2.3676559,48.8583676],[2.3676815,48.858413],[2.367671,48.8584594],[2.3676465,48.8584982]]},"properties":{"highway":"footway","id":"way/1190197000"}},{"type":"Feature","id":"way/1190197001","geometry":{"type":"LineString","coordinates":[[2.3678789,48.8576824],[2.3678646,48.8577059],[2.3679205,48.8577131]]},"properties":{"highway":"footway","surface":"asphalt","id":"way/1190197001"}},{"type":"Feature","id":"way/1190197002","geometry":{"type":"LineString","coordinates":[[2.3674431,48.8577268],[2.3677609,48.8576739],[2.3678789,48.8576824],[2.367895,48.8576692]]},"properties":{"highway":"footway","surface":"paving_stones","id":"way/1190197002"}},{"type":"Feature","id":"way/1190197003","geometry":{"type":"LineString","coordinates":[[2.3674119,48.857746],[2.3674431,48.8577268],[2.3674434,48.8577166]]},"properties":{"highway":"footway","surface":"asphalt","id":"way/1190197003"}},{"type":"Feature","id":"way/1190197004","geometry":{"type":"LineString","coordinates":[[2.3673991,48.8577478],[2.3674119,48.857746],[2.3671869,48.8583963],[2.3672336,48.8584426],[2.3675276,48.8584867],[2.3676465,48.8584982],[2.3676434,48.8585078]]},"properties":{"highway":"footway","surface":"asphalt","id":"way/1190197004"}},{"type":"Feature","id":"way/1190197007","geometry":{"type":"LineString","coordinates":[[2.3672892,48.8577671],[2.3670766,48.8583844],[2.3670434,48.8584834],[2.3670464,48.8584909],[2.3670689,48.8584929],[2.3676234,48.8585769],[2.367625,48.8585696]]},"properties":{"highway":"footway","surface":"asphalt","id":"way/1190197007"}},{"type":"Feature","id":"way/1190197008","geometry":{"type":"LineString","coordinates":[[2.3672697,48.8577515],[2.3672892,48.8577671],[2.3672999,48.8577654]]},"properties":{"highway":"footway","surface":"asphalt","id":"way/1190197008"}},{"type":"Feature","id":"way/1190197010","geometry":{"type":"LineString","coordinates":[[2.3664932,48.8578757],[2.3672697,48.8577515],[2.3672707,48.8577442]]},"properties":{"highway":"footway","surface":"paving_stones","id":"way/1190197010"}},{"type":"Feature","id":"way/1190197011","geometry":{"type":"LineString","coordinates":[[2.3663212,48.8579044],[2.3664932,48.8578757],[2.3664905,48.857869]]},"properties":{"highway":"footway","surface":"paving_stones","id":"way/1190197011"}},{"type":"Feature","id":"way/1190197012","geometry":{"type":"LineString","coordinates":[[2.3655736,48.8580276],[2.3663212,48.8579044],[2.3663174,48.8578972]]},"properties":{"highway":"footway","surface":"paving_stones","id":"way/1190197012"}},{"type":"Feature","id":"way/1190197013","geometry":{"type":"LineString","coordinates":[[2.3655276,48.8580513],[2.3655736,48.8580276],[2.3655719,48.8580193]]},"properties":{"highway":"footway","surface":"paving_stones","id":"way/1190197013"}},{"type":"Feature","id":"way/1190197014","geometry":{"type":"LineString","coordinates":[[2.3655806,48.8588174],[2.3656264,48.8588176],[2.3656782,48.8588154],[2.3656641,48.8586365],[2.3656118,48.8584256],[2.3655327,48.8580737],[2.3655276,48.8580513],[2.3655191,48.8580526]]},"properties":{"highway":"footway","surface":"asphalt","id":"way/1190197014"}},{"type":"Feature","id":"way/1190197120","geometry":{"type":"LineString","coordinates":[[2.3680506,48.8586296],[2.3680586,48.8585981],[2.3680724,48.8585398],[2.3682028,48.8579748],[2.3681666,48.8579366],[2.3682166,48.8577383],[2.3682207,48.8577224],[2.3682403,48.8576476],[2.3683128,48.857366],[2.3683751,48.8570542],[2.3683775,48.8570406]]},"properties":{"highway":"footway","surface":"asphalt","id":"way/1190197120"}},{"type":"Feature","id":"way/1190197127","geometry":{"type":"LineString","coordinates":[[2.3683751,48.8570542],[2.368482,48.8570664],[2.36875,48.8571546],[2.3687557,48.8571408]]},"properties":{"highway":"footway","surface":"paving_stones","id":"way/1190197127"}},{"type":"Feature","id":"way/1190197134","geometry":{"type":"LineString","coordinates":[[2.3686812,48.8559887],[2.3686434,48.8561696],[2.3685669,48.856476],[2.3684281,48.8569002],[2.3683812,48.8568969]]},"properties":{"highway":"footway","surface":"asphalt","id":"way/1190197134"}},{"type":"Feature","id":"way/1190197141","geometry":{"type":"LineString","coordinates":[[2.3681787,48.8547774],[2.3681974,48.8547812],[2.3684972,48.8547832],[2.3685605,48.8547825],[2.3685555,48.8547909]]},"properties":{"highway":"footway","id":"way/1190197141"}},{"type":"Feature","id":"way/1190197142","geometry":{"type":"LineString","coordinates":[[2.3681723,48.8547538],[2.3681787,48.8547774],[2.3681726,48.8547814]]},"properties":{"highway":"footway","id":"way/1190197142"}},{"type":"Feature","id":"way/1190197143","geometry":{"type":"LineString","coordinates":[[2.3674674,48.8538226],[2.367482,48.8538193],[2.3681944,48.8537664],[2.3682555,48.8538042],[2.368209,48.8538768],[2.3681934,48.8539416],[2.3681927,48.8540272],[2.3681954,48.854186],[2.3681807,48.8544675],[2.3681736,48.8546726],[2.3681723,48.8547538],[2.3681384,48.8547516]]},"properties":{"highway":"footway","id":"way/1190197143"}},{"type":"Feature","id":"way/1190197144","geometry":{"type":"LineString","coordinates":[[2.3680771,48.8547501],[2.3680902,48.8545248]]},"properties":{"highway":"footway","id":"way/1190197144"}},{"type":"Feature","id":"way/1190197145","geometry":{"type":"LineString","coordinates":[[2.3681728,48.8548294],[2.3681535,48.8548403],[2.3681327,48.8551701],[2.3680499,48.8551701],[2.3680627,48.8547693],[2.3680771,48.8547501],[2.3680855,48.8547492]]},"properties":{"highway":"footway","id":"way/1190197145"}},{"type":"Feature","id":"way/1190197146","geometry":{"type":"LineString","coordinates":[[2.3685526,48.8548315],[2.3684808,48.8548311],[2.3681728,48.8548294],[2.3681723,48.8548241]]},"properties":{"highway":"footway","id":"way/1190197146"}},{"type":"Feature","id":"way/1190197148","geometry":{"type":"LineString","coordinates":[[2.3683489,48.8556956],[2.3685253,48.8549371]]},"properties":{"highway":"footway","surface":"asphalt","id":"way/1190197148"}},{"type":"Feature","id":"way/1190197149","geometry":{"type":"LineString","coordinates":[[2.3683279,48.8557353],[2.3683489,48.8556956],[2.3684006,48.8556993]]},"properties":{"highway":"footway","surface":"asphalt","id":"way/1190197149"}},{"type":"Feature","id":"way/1190197150","geometry":{"type":"LineString","coordinates":[[2.3673703,48.8558959],[2.3682554,48.8557507],[2.3683279,48.8557353],[2.3683261,48.8557463]]},"properties":{"highway":"footway","surface":"asphalt","id":"way/1190197150"}},{"type":"Feature","id":"way/1190197151","geometry":{"type":"LineString","coordinates":[[2.3673539,48.8558895],[2.3673703,48.8558959],[2.3673686,48.8559054]]},"properties":{"highway":"footway","surface":"asphalt","id":"way/1190197151"}},{"type":"Feature","id":"way/1190197152","geometry":{"type":"LineString","coordinates":[[2.3673237,48.8549541],[2.3673515,48.8557981],[2.3673539,48.8558895],[2.3673435,48.8558915]]},"properties":{"highway":"footway","surface":"asphalt","id":"way/1190197152"}},{"type":"Feature","id":"way/1190197153","geometry":{"type":"LineString","coordinates":[[2.3674256,48.8539235],[2.367437,48.8539261],[2.3673613,48.8543352],[2.3673157,48.8545465],[2.3673207,48.8546729],[2.3673237,48.8549541],[2.3673121,48.8549522]]},"properties":{"highway":"footway","surface":"asphalt","id":"way/1190197153"}},{"type":"Feature","id":"way/1190197154","geometry":{"type":"LineString","coordinates":[[2.3672325,48.8549528],[2.3672261,48.854794],[2.3672225,48.8546726]]},"properties":{"highway":"footway","surface":"asphalt","id":"way/1190197154"}},{"type":"Feature","id":"way/1190197155","geometry":{"type":"LineString","coordinates":[[2.3672744,48.8558915],[2.3672597,48.8558465],[2.3672567,48.8557721],[2.3672483,48.8554886],[2.3672325,48.8549528],[2.367264,48.8549521]]},"properties":{"highway":"footway","surface":"asphalt","id":"way/1190197155"}},{"type":"Feature","id":"way/1190197156","geometry":{"type":"LineString","coordinates":[[2.3672573,48.8559175],[2.3672744,48.8558915],[2.3672959,48.8558994]]},"properties":{"highway":"footway","surface":"asphalt","id":"way/1190197156"}},{"type":"Feature","id":"way/1190197157","geometry":{"type":"LineString","coordinates":[[2.3666632,48.8559914],[2.3666716,48.8560064],[2.3667072,48.8560019],[2.3667404,48.8559968],[2.3672573,48.8559175],[2.3672553,48.855927]]},"properties":{"highway":"footway","surface":"paving_stones","id":"way/1190197157"}},{"type":"Feature","id":"way/1190197158","geometry":{"type":"LineString","coordinates":[[2.3666977,48.8559861],[2.3666632,48.8559914],[2.3666579,48.8559922]]},"properties":{"highway":"footway","surface":"asphalt","id":"way/1190197158"}},{"type":"Feature","id":"way/1190197159","geometry":{"type":"LineString","coordinates":[[2.3672449,48.8559925],[2.3671956,48.855996],[2.366734,48.8560723]]},"properties":{"highway":"footway","surface":"asphalt","id":"way/1190197159"}},{"type":"Feature","id":"way/1190197160","geometry":{"type":"LineString","coordinates":[[2.3672567,48.8559971],[2.3672449,48.8559925],[2.3672551,48.8559784]]},"properties":{"highway":"footway","surface":"asphalt","id":"way/1190197160"}},{"type":"Feature","id":"way/1190197161","geometry":{"type":"LineString","coordinates":[[2.3671998,48.8565555],[2.3672278,48.8564818],[2.3672791,48.8564646],[2.3672791,48.8564497],[2.3672774,48.8563183],[2.367266,48.8563079],[2.3672567,48.8559971],[2.3672741,48.8559923]]},"properties":{"highway":"footway","surface":"asphalt","id":"way/1190197161"}},{"type":"Feature","id":"way/1190197162","geometry":{"type":"LineString","coordinates":[[2.3670568,48.856583],[2.3671998,48.8565555],[2.3672941,48.8565374]]},"properties":{"highway":"footway","id":"way/1190197162"}},{"type":"Feature","id":"way/1190197163","geometry":{"type":"LineString","coordinates":[[2.3660704,48.8567914],[2.3667788,48.856672],[2.3670297,48.8565795],[2.3670568,48.856583],[2.3670843,48.8566216]]},"properties":{"highway":"footway","surface":"paving_stones","id":"way/1190197163"}},{"type":"Feature","id":"way/1190197164","geometry":{"type":"LineString","coordinates":[[2.3660731,48.856799],[2.3660704,48.8567914],[2.3660657,48.8567793],[2.3660245,48.8567877]]},"properties":{"highway":"footway","surface":"paving_stones","id":"way/1190197164"}},{"type":"Feature","id":"way/1190197165","geometry":{"type":"LineString","coordinates":[[2.3671279,48.8566602],[2.367092,48.8567019],[2.3667527,48.8567654],[2.366675,48.8567407],[2.3666339,48.8567446],[2.3661298,48.8568285],[2.3660899,48.8568442]]},"properties":{"highway":"footway","id":"way/1190197165"}},{"type":"Feature","id":"way/1190197166","geometry":{"type":"LineString","coordinates":[[2.3672851,48.8569395],[2.3672799,48.856689],[2.3672748,48.8566646],[2.3672013,48.8566485],[2.3671279,48.8566602],[2.3671139,48.856648]]},"properties":{"highway":"footway","surface":"asphalt","id":"way/1190197166"}},{"type":"Feature","id":"way/1190197167","geometry":{"type":"LineString","coordinates":[[2.367265,48.8569572],[2.3672851,48.8569395],[2.3672949,48.8569388]]},"properties":{"highway":"footway","surface":"asphalt","id":"way/1190197167"}},{"type":"Feature","id":"way/1190197168","geometry":{"type":"LineString","coordinates":[[2.3662025,48.8571358],[2.367265,48.8569572],[2.3672657,48.8569635]]},"properties":{"highway":"footway","id":"way/1190197168"}},{"type":"Feature","id":"way/1190197169","geometry":{"type":"LineString","coordinates":[[2.3661968,48.8571316],[2.3662025,48.8571358],[2.3662043,48.8571416]]},"properties":{"highway":"footway","id":"way/1190197169"}},{"type":"Feature","id":"way/1190197170","geometry":{"type":"LineString","coordinates":[[2.3660905,48.8568495],[2.3661968,48.8571316],[2.3661818,48.8571338]]},"properties":{"highway":"footway","surface":"paving_stones","id":"way/1190197170"}},{"type":"Feature","id":"way/1190197171","geometry":{"type":"LineString","coordinates":[[2.3660892,48.8568378],[2.3660899,48.8568442],[2.3660905,48.8568495],[2.3660782,48.8568512]]},"properties":{"highway":"footway","surface":"paving_stones","id":"way/1190197171"}},{"type":"Feature","id":"way/1190197172","geometry":{"type":"LineString","coordinates":[[2.3645312,48.8571056],[2.365079,48.8570061],[2.3659262,48.8568659],[2.3659385,48.8568639]]},"properties":{"highway":"footway","id":"way/1190197172"}},{"type":"Feature","id":"way/1190197173","geometry":{"type":"LineString","coordinates":[[2.3645372,48.85741],[2.3645221,48.8571153],[2.3645312,48.8571056],[2.3645255,48.8570948]]},"properties":{"highway":"footway","id":"way/1190197173"}},{"type":"Feature","id":"way/1190197174","geometry":{"type":"LineString","coordinates":[[2.3660574,48.8571625],[2.3660448,48.8571646],[2.3645372,48.85741],[2.3645299,48.8574202]]},"properties":{"highway":"footway","id":"way/1190197174"}},{"type":"Feature","id":"way/1190197175","geometry":{"type":"LineString","coordinates":[[2.3660594,48.8571541],[2.3660574,48.8571625],[2.3660589,48.857167]]},"properties":{"highway":"footway","surface":"asphalt","id":"way/1190197175"}},{"type":"Feature","id":"way/1190197176","geometry":{"type":"LineString","coordinates":[[2.3659491,48.8568724],[2.3660594,48.8571541],[2.3660723,48.8571522]]},"properties":{"highway":"footway","surface":"paving_stones","id":"way/1190197176"}},{"type":"Feature","id":"way/1190197177","geometry":{"type":"LineString","coordinates":[[2.365937,48.8568588],[2.3659385,48.8568639],[2.3659491,48.8568724],[2.3659655,48.8568699]]},"properties":{"highway":"footway","surface":"paving_stones","id":"way/1190197177"}},{"type":"Feature","id":"way/1190197178","geometry":{"type":"LineString","coordinates":[[2.3659236,48.8568016],[2.3657569,48.8563497],[2.3657242,48.8562612],[2.3657084,48.8562312]]},"properties":{"highway":"footway","surface":"paving_stones","id":"way/1190197178"}},{"type":"Feature","id":"way/1190197179","geometry":{"type":"LineString","coordinates":[[2.3659192,48.8568127],[2.3659236,48.8568016],[2.3659561,48.8567974]]},"properties":{"highway":"footway","surface":"paving_stones","id":"way/1190197179"}},{"type":"Feature","id":"way/1190197180","geometry":{"type":"LineString","coordinates":[[2.3645342,48.8570452],[2.3651679,48.8569388],[2.3654338,48.856893],[2.3659049,48.8568151],[2.3659192,48.8568127],[2.3659212,48.8568192]]},"properties":{"highway":"footway","id":"way/1190197180"}},{"type":"Feature","id":"way/1190197181","geometry":{"type":"LineString","coordinates":[[2.3645097,48.8570143],[2.3645342,48.8570452],[2.3645188,48.8570588]]},"properties":{"highway":"footway","id":"way/1190197181"}},{"type":"Feature","id":"way/1190197182","geometry":{"type":"LineString","coordinates":[[2.3644279,48.856531],[2.3644896,48.8565832],[2.3645097,48.8570143],[2.3644725,48.8570218]]},"properties":{"highway":"footway","surface":"paving_stones","id":"way/1190197182"}},{"type":"Feature","id":"way/1190197183","geometry":{"type":"LineString","coordinates":[[2.3644313,48.8564579],[2.3644279,48.856531],[2.3643921,48.8565376]]},"properties":{"highway":"footway","surface":"paving_stones","id":"way/1190197183"}},{"type":"Feature","id":"way/1190197184","geometry":{"type":"LineString","coordinates":[[2.3648148,48.8563772],[2.3648175,48.8563834],[2.364495,48.856435],[2.3644313,48.8564579],[2.3644236,48.8564469]]},"properties":{"highway":"footway","surface":"paving_stones","id":"way/1190197184"}},{"type":"Feature","id":"way/1190197185","geometry":{"type":"LineString","coordinates":[[2.3650194,48.8562197],[2.365007,48.8562116],[2.3649483,48.8561732],[2.3647867,48.8557466],[2.3646123,48.8553029],[2.3646333,48.8552776]]},"properties":{"highway":"footway","surface":"paving_stones","id":"way/1190197185"}},{"type":"Feature","id":"way/1190197186","geometry":{"type":"LineString","coordinates":[[2.3657999,48.8561125],[2.3657367,48.8561217],[2.3656593,48.8561342],[2.3650743,48.8562294],[2.3650194,48.8562197],[2.3649912,48.856229]]},"properties":{"highway":"footway","surface":"paving_stones","id":"way/1190197186"}},{"type":"Feature","id":"way/1190197187","geometry":{"type":"LineString","coordinates":[[2.3664389,48.8559912],[2.3663937,48.8560139],[2.3657999,48.8561125],[2.3658026,48.8561204]]},"properties":{"highway":"footway","surface":"paving_stones","id":"way/1190197187"}},{"type":"Feature","id":"way/1190197188","geometry":{"type":"LineString","coordinates":[[2.3662706,48.8554994],[2.3663041,48.8554941],[2.3664802,48.8559492],[2.3664449,48.8559847],[2.3664389,48.8559912],[2.3664624,48.8559949]]},"properties":{"highway":"footway","surface":"paving_stones","id":"way/1190197188"}},{"type":"Feature","id":"way/1190197189","geometry":{"type":"LineString","coordinates":[[2.3661197,48.855038],[2.3661362,48.8550552],[2.3663041,48.8554941],[2.3663174,48.8554919]]},"properties":{"highway":"footway","surface":"asphalt","id":"way/1190197189"}},{"type":"Feature","id":"way/1190197190","geometry":{"type":"LineString","coordinates":[[2.3653984,48.85511],[2.3660228,48.8550029],[2.3661057,48.8550329],[2.3661197,48.855038],[2.3661355,48.85503]]},"properties":{"highway":"footway","surface":"asphalt","id":"way/1190197190"}},{"type":"Feature","id":"way/1190197191","geometry":{"type":"LineString","coordinates":[[2.3652837,48.8551296],[2.3652792,48.8551299],[2.3646868,48.8552334],[2.3646333,48.8552776],[2.3646043,48.8552789]]},"properties":{"highway":"footway","surface":"sett","id":"way/1190197191"}},{"type":"Feature","id":"way/1190197192","geometry":{"type":"LineString","coordinates":[[2.3648259,48.8562976],[2.3646225,48.855775],[2.3643895,48.855176],[2.3643934,48.8551694],[2.3644256,48.8551615],[2.3652381,48.8550221],[2.3652863,48.8550137],[2.3653059,48.8550102]]},"properties":{"highway":"footway","surface":"paving_stones","id":"way/1190197192"}},{"type":"Feature","id":"way/1190197193","geometry":{"type":"LineString","coordinates":[[2.3647951,48.8563183],[2.3648286,48.8563051],[2.3648259,48.8562976],[2.364834,48.8562978]]},"properties":{"highway":"footway","surface":"asphalt","id":"way/1190197193"}},{"type":"Feature","id":"way/1190197194","geometry":{"type":"LineString","coordinates":[[2.36438,48.8563893],[2.3644698,48.8563695],[2.3647421,48.8563271],[2.3647951,48.8563183],[2.3647999,48.8563285]]},"properties":{"highway":"footway","surface":"asphalt","id":"way/1190197194"}},{"type":"Feature","id":"way/1190197195","geometry":{"type":"LineString","coordinates":[[2.3643344,48.8563735],[2.36438,48.8563893],[2.3643874,48.8564008]]},"properties":{"highway":"footway","surface":"paving_stones","id":"way/1190197195"}},{"type":"Feature","id":"way/1190197196","geometry":{"type":"LineString","coordinates":[[2.3637421,48.8555365],[2.3639297,48.8558096],[2.3642211,48.8562495],[2.3643344,48.8563501],[2.3643344,48.8563735],[2.3642828,48.8564026]]},"properties":{"highway":"footway","id":"way/1190197196"}},{"type":"Feature","id":"way/1190197197","geometry":{"type":"LineString","coordinates":[[2.3634105,48.8551039],[2.3637421,48.8555365],[2.3637245,48.855542]]},"properties":{"highway":"footway","surface":"asphalt","id":"way/1190197197"}},{"type":"Feature","id":"way/1190197198","geometry":{"type":"LineString","coordinates":[[2.3633361,48.8550054],[2.3634105,48.8551039],[2.3633965,48.8551087]]},"properties":{"highway":"footway","id":"way/1190197198"}},{"type":"Feature","id":"way/1190197199","geometry":{"type":"LineString","coordinates":[[2.3630444,48.8546453],[2.3630613,48.8546468],[2.3633361,48.8550054],[2.3633185,48.8550105]]},"properties":{"highway":"footway","surface":"asphalt","id":"way/1190197199"}},{"type":"Feature","id":"way/1190197200","geometry":{"type":"LineString","coordinates":[[2.3624273,48.85488],[2.362438,48.8548837],[2.3624505,48.8548906],[2.3626469,48.8551975],[2.3626473,48.8552091]]},"properties":{"highway":"footway","surface":"paving_stones","id":"way/1190197200"}},{"type":"Feature","id":"way/1190197201","geometry":{"type":"LineString","coordinates":[[2.3623375,48.8549012],[2.3624159,48.8548782],[2.3624273,48.85488],[2.3624407,48.8548696]]},"properties":{"highway":"footway","surface":"asphalt","id":"way/1190197201"}},{"type":"Feature","id":"way/1190197202","geometry":{"type":"LineString","coordinates":[[2.3619476,48.8550556],[2.3621246,48.8550053],[2.3622292,48.8549623],[2.3623375,48.8549012],[2.3623261,48.8548887]]},"properties":{"highway":"footway","surface":"asphalt","id":"way/1190197202"}},{"type":"Feature","id":"way/1190197203","geometry":{"type":"LineString","coordinates":[[2.3618024,48.8551381],[2.3619476,48.8550556],[2.3619337,48.8550392]]},"properties":{"highway":"footway","surface":"asphalt","id":"way/1190197203"}},{"type":"Feature","id":"way/1190197204","geometry":{"type":"LineString","coordinates":[[2.3620012,48.8554161],[2.3619932,48.8554134],[2.3618047,48.8551516],[2.3618024,48.8551381],[2.3617786,48.8551436]]},"properties":{"highway":"footway","surface":"paving_stones","id":"way/1190197204"}},{"type":"Feature","id":"way/1190197205","geometry":{"type":"LineString","coordinates":[[2.3626325,48.8552345],[2.3626164,48.8552405],[2.3620012,48.8554161],[2.3620012,48.855422]]},"properties":{"highway":"footway","id":"way/1190197205"}},{"type":"Feature","id":"way/1190197206","geometry":{"type":"LineString","coordinates":[[2.36266,48.8552107],[2.3626473,48.8552091],[2.3626325,48.8552345],[2.3626366,48.8552398]]},"properties":{"highway":"footway","surface":"paving_stones","id":"way/1190197206"}},{"type":"Feature","id":"way/1190197207","geometry":{"type":"LineString","coordinates":[[2.3632099,48.8550388],[2.3632246,48.8550693]]},"properties":{"highway":"footway","surface":"asphalt","id":"way/1190197207"}},{"type":"Feature","id":"way/1190197208","geometry":{"type":"LineString","coordinates":[[2.3629561,48.8546854],[2.3629738,48.8547302],[2.3632099,48.8550388],[2.3632424,48.855036]]},"properties":{"highway":"footway","surface":"asphalt","id":"way/1190197208"}},{"type":"Feature","id":"way/1190197209","geometry":{"type":"LineString","coordinates":[[2.3627184,48.8547397],[2.3628927,48.8546726],[2.3629561,48.8546854],[2.3629685,48.8546771]]},"properties":{"highway":"footway","surface":"asphalt","id":"way/1190197209"}},{"type":"Feature","id":"way/1190197210","geometry":{"type":"LineString","coordinates":[[2.3625132,48.8548379],[2.3627184,48.8547397],[2.3627033,48.8547311]]},"properties":{"highway":"footway","surface":"asphalt","id":"way/1190197210"}},{"type":"Feature","id":"way/1190197211","geometry":{"type":"LineString","coordinates":[[2.3627546,48.8551849],[2.3627204,48.8551743],[2.3625132,48.8548379],[2.3625038,48.8548412]]},"properties":{"highway":"footway","surface":"paving_stones","id":"way/1190197211"}},{"type":"Feature","id":"way/1190197212","geometry":{"type":"LineString","coordinates":[[2.3632286,48.8550728],[2.3632246,48.8550693],[2.3627868,48.8551922],[2.3627546,48.8551849],[2.3627475,48.8551897]]},"properties":{"highway":"footway","id":"way/1190197212"}},{"type":"Feature","id":"way/1190197213","geometry":{"type":"LineString","coordinates":[[2.3635421,48.8554928],[2.3635297,48.8555017],[2.3633768,48.8555475],[2.3633601,48.8555398]]},"properties":{"highway":"footway","id":"way/1190197213"}},{"type":"Feature","id":"way/1190197214","geometry":{"type":"LineString","coordinates":[[2.3632947,48.8551445],[2.3633074,48.8551829],[2.3635421,48.8554928],[2.3635545,48.8554986]]},"properties":{"highway":"footway","id":"way/1190197214"}},{"type":"Feature","id":"way/1190197215","geometry":{"type":"LineString","coordinates":[[2.3632702,48.8551165],[2.3632947,48.8551445],[2.3633195,48.855137]]},"properties":{"highway":"footway","surface":"asphalt","id":"way/1190197215"}},{"type":"Feature","id":"way/1190197216","geometry":{"type":"LineString","coordinates":[[2.3631254,48.8551699],[2.3631224,48.8551641],[2.3631478,48.8551487],[2.3632702,48.8551165],[2.3632702,48.8551099]]},"properties":{"highway":"footway","surface":"asphalt","id":"way/1190197216"}},{"type":"Feature","id":"way/1190197217","geometry":{"type":"LineString","coordinates":[[2.3633514,48.8555422],[2.3633601,48.8555398],[2.3633004,48.8554443],[2.3631254,48.8551699],[2.3631187,48.8551719]]},"properties":{"highway":"footway","surface":"asphalt","id":"way/1190197217"}},{"type":"Feature","id":"way/1190197218","geometry":{"type":"LineString","coordinates":[[2.3623234,48.8558654],[2.3623066,48.8558654],[2.3622973,48.855848]]},"properties":{"highway":"footway","id":"way/1190197218"}},{"type":"Feature","id":"way/1190197219","geometry":{"type":"LineString","coordinates":[[2.3626788,48.8557591],[2.3623234,48.8558654],[2.3623244,48.8558716]]},"properties":{"highway":"footway","id":"way/1190197219"}},{"type":"Feature","id":"way/1190197220","geometry":{"type":"LineString","coordinates":[[2.3629785,48.8556647],[2.3629276,48.8556817],[2.3626788,48.8557591],[2.3626832,48.8557637]]},"properties":{"highway":"footway","id":"way/1190197220"}},{"type":"Feature","id":"way/1190197221","geometry":{"type":"LineString","coordinates":[[2.3633014,48.855557],[2.3633001,48.8555663],[2.3632924,48.8555749],[2.3629864,48.8556633],[2.3629785,48.8556647],[2.3629842,48.8556711]]},"properties":{"highway":"footway","id":"way/1190197221"}},{"type":"Feature","id":"way/1190197222","geometry":{"type":"LineString","coordinates":[[2.3630667,48.8551895],[2.3633014,48.855557],[2.3633084,48.8555553]]},"properties":{"highway":"footway","surface":"asphalt","id":"way/1190197222"}},{"type":"Feature","id":"way/1190197223","geometry":{"type":"LineString","coordinates":[[2.3626885,48.8552817],[2.3627444,48.8552658],[2.362874,48.855229],[2.3629209,48.8552157],[2.363054,48.8551796],[2.3630617,48.8551853],[2.3630667,48.8551895],[2.3630734,48.855188]]},"properties":{"highway":"footway","surface":"asphalt","id":"way/1190197223"}},{"type":"Feature","id":"way/1190197224","geometry":{"type":"LineString","coordinates":[[2.362031,48.8554445],[2.3622158,48.8554008],[2.3622694,48.855398],[2.3625567,48.8553186],[2.3626148,48.8553023],[2.3626885,48.8552817],[2.3626828,48.8552758]]},"properties":{"highway":"footway","id":"way/1190197224"}},{"type":"Feature","id":"way/1190197225","geometry":{"type":"LineString","coordinates":[[2.3620448,48.8554807],[2.3620203,48.8554522],[2.362031,48.8554445],[2.3620277,48.8554428]]},"properties":{"highway":"footway","id":"way/1190197225"}},{"type":"Feature","id":"way/1190197226","geometry":{"type":"LineString","coordinates":[[2.3622909,48.8558502],[2.3622973,48.855848],[2.3622071,48.8556801],[2.3621192,48.8555581],[2.3620448,48.8554807],[2.3620364,48.8554842]]},"properties":{"highway":"footway","surface":"paving_stones","id":"way/1190197226"}},{"type":"Feature","id":"way/1190197227","geometry":{"type":"LineString","coordinates":[[2.3628977,48.8568426],[2.3628433,48.8568248]]},"properties":{"highway":"footway","surface":"asphalt","id":"way/1190197227"}},{"type":"Feature","id":"way/1190197228","geometry":{"type":"LineString","coordinates":[[2.3641999,48.856465],[2.3630506,48.8568124],[2.3628977,48.8568426],[2.3629028,48.8568497]]},"properties":{"highway":"footway","surface":"paving_stones","id":"way/1190197228"}},{"type":"Feature","id":"way/1190197229","geometry":{"type":"LineString","coordinates":[[2.3641939,48.8564279],[2.3641999,48.856465],[2.3642036,48.856476]]},"properties":{"highway":"footway","id":"way/1190197229"}},{"type":"Feature","id":"way/1190197230","geometry":{"type":"LineString","coordinates":[[2.3636209,48.8555716],[2.3636266,48.8556053],[2.3638429,48.8559195],[2.3638891,48.8559515],[2.3641939,48.8564279],[2.3642066,48.8564249]]},"properties":{"highway":"footway","id":"way/1190197230"}},{"type":"Feature","id":"way/1190197231","geometry":{"type":"LineString","coordinates":[[2.3635904,48.8555418],[2.3636209,48.8555716],[2.3636444,48.8555643]]},"properties":{"highway":"footway","id":"way/1190197231"}},{"type":"Feature","id":"way/1190197232","geometry":{"type":"LineString","coordinates":[[2.3630221,48.8557101],[2.363365,48.8556076],[2.3635904,48.8555418],[2.3635874,48.8555361]]},"properties":{"highway":"footway","surface":"paving_stones","id":"way/1190197232"}},{"type":"Feature","id":"way/1190197233","geometry":{"type":"LineString","coordinates":[[2.362719,48.8558045],[2.3627422,48.8557951],[2.3630221,48.8557101],[2.3630191,48.855707]]},"properties":{"highway":"footway","id":"way/1190197233"}},{"type":"Feature","id":"way/1190197234","geometry":{"type":"LineString","coordinates":[[2.3623546,48.8559248],[2.3626305,48.8558579],[2.362719,48.8558045],[2.3627153,48.855799]]},"properties":{"highway":"footway","id":"way/1190197234"}},{"type":"Feature","id":"way/1190197235","geometry":{"type":"LineString","coordinates":[[2.3623683,48.8559777],[2.3623449,48.8559307],[2.3623546,48.8559248],[2.3623522,48.8559181]]},"properties":{"highway":"footway","surface":"paving_stones","id":"way/1190197235"}},{"type":"Feature","id":"way/1190197236","geometry":{"type":"LineString","coordinates":[[2.3628223,48.8568301],[2.3628433,48.8568248],[2.3628139,48.8567741],[2.3626439,48.8564846],[2.3623683,48.8559777],[2.3623563,48.8559799]]},"properties":{"highway":"footway","surface":"paving_stones","id":"way/1190197236"}},{"type":"Feature","id":"way/1190197237","geometry":{"type":"LineString","coordinates":[[2.363834,48.8582598],[2.3637202,48.8580937],[2.363576,48.8578834],[2.3629246,48.8569287]]},"properties":{"highway":"footway","surface":"asphalt","id":"way/1190197237"}},{"type":"Feature","id":"way/1190197240","geometry":{"type":"LineString","coordinates":[[2.3643951,48.8580727],[2.3643789,48.8581082],[2.36438,48.8581177]]},"properties":{"highway":"footway","surface":"paving_stones","id":"way/1190197240"}},{"type":"Feature","id":"way/1190197241","geometry":{"type":"LineString","coordinates":[[2.3643733,48.8575208],[2.3643921,48.8580067],[2.3643951,48.8580727],[2.3644112,48.858072]]},"properties":{"highway":"footway","surface":"paving_stones","id":"way/1190197241"}},{"type":"Feature","id":"way/1190197242","geometry":{"type":"LineString","coordinates":[[2.3643532,48.8570288],[2.3643733,48.8575208],[2.3643914,48.8575227]]},"properties":{"highway":"footway","id":"way/1190197242"}},{"type":"Feature","id":"way/1190197243","geometry":{"type":"LineString","coordinates":[[2.3642757,48.8565537],[2.3643327,48.856636],[2.3643532,48.8570288],[2.3643696,48.8570293]]},"properties":{"highway":"footway","surface":"paving_stones","id":"way/1190197243"}},{"type":"Feature","id":"way/1190197244","geometry":{"type":"LineString","coordinates":[[2.3642291,48.8565122],[2.3642496,48.8565173],[2.3642757,48.8565537],[2.3642952,48.8565486]]},"properties":{"highway":"footway","id":"way/1190197244"}},{"type":"Feature","id":"way/1190197245","geometry":{"type":"LineString","coordinates":[[2.3629446,48.8569048],[2.3632424,48.8568243],[2.3633467,48.8567873],[2.3633685,48.8567705],[2.3642291,48.8565122],[2.3642241,48.8565043]]},"properties":{"highway":"footway","surface":"paving_stones","id":"way/1190197245"}},{"type":"Feature","id":"way/1190197246","geometry":{"type":"LineString","coordinates":[[2.3629129,48.856932],[2.3629246,48.8569287],[2.3629446,48.8569048],[2.362937,48.8568936]]},"properties":{"highway":"footway","surface":"asphalt","id":"way/1190197246"}},{"type":"Feature","id":"way/1190197247","geometry":{"type":"LineString","coordinates":[[2.3627541,48.8569505],[2.3621456,48.8571516],[2.3618514,48.8572488]]},"properties":{"highway":"footway","surface":"paving_stones","id":"way/1190197247"}},{"type":"Feature","id":"way/1190197248","geometry":{"type":"LineString","coordinates":[[2.3628248,48.8569554],[2.3627965,48.8569397],[2.3627541,48.8569505],[2.3627452,48.8569404]]},"properties":{"highway":"footway","surface":"paving_stones","id":"way/1190197248"}},{"type":"Feature","id":"way/1190197249","geometry":{"type":"LineString","coordinates":[[2.3637325,48.8582833],[2.3635566,48.8580196],[2.3635227,48.8579502],[2.3632615,48.8575785],[2.3629007,48.8570594],[2.3628248,48.8569554],[2.3628458,48.8569502]]},"properties":{"highway":"footway","surface":"paving_stones","id":"way/1190197249"}},{"type":"Feature","id":"way/1190197253","geometry":{"type":"LineString","coordinates":[[2.3618413,48.8572608],[2.3624458,48.8580959],[2.3625879,48.8582922],[2.3625968,48.8583448],[2.362649,48.8584164],[2.3626886,48.858433],[2.3628331,48.8586382],[2.3628682,48.858646],[2.3628635,48.8586543]]},"properties":{"highway":"footway","surface":"asphalt","id":"way/1190197253"}},{"type":"Feature","id":"way/1190197254","geometry":{"type":"LineString","coordinates":[[2.3618279,48.8572658],[2.3618413,48.8572608],[2.3618514,48.8572488],[2.3618453,48.8572439]]},"properties":{"highway":"footway","surface":"paving_stones","id":"way/1190197254"}},{"type":"Feature","id":"way/1190197255","geometry":{"type":"LineString","coordinates":[[2.3608344,48.8576886],[2.3608613,48.8576595],[2.3616924,48.8573081]]},"properties":{"highway":"footway","surface":"asphalt","id":"way/1190197255"}},{"type":"Feature","id":"way/1190197261","geometry":{"type":"LineString","coordinates":[[2.3617541,48.8572966],[2.3625098,48.8583596],[2.3627575,48.8586916],[2.3627713,48.8586871]]},"properties":{"highway":"footway","surface":"paving_stones","id":"way/1190197261"}},{"type":"Feature","id":"way/1190197262","geometry":{"type":"LineString","coordinates":[[2.3617655,48.8572913],[2.3617541,48.8572966],[2.36173,48.8572927],[2.3616924,48.8573081],[2.361683,48.8573017]]},"properties":{"highway":"footway","surface":"asphalt","id":"way/1190197262"}},{"type":"Feature","id":"way/1190197265","geometry":{"type":"LineString","coordinates":[[2.3617688,48.8572045],[2.3616689,48.857077],[2.3614587,48.8568089],[2.3614512,48.8568104]]},"properties":{"highway":"footway","surface":"paving_stones","id":"way/1190197265"}},{"type":"Feature","id":"way/1190197266","geometry":{"type":"LineString","coordinates":[[2.3617839,48.8572065],[2.3617688,48.8572045],[2.3617583,48.8572085]]},"properties":{"highway":"footway","surface":"paving_stones","id":"way/1190197266"}},{"type":"Feature","id":"way/1190197267","geometry":{"type":"LineString","coordinates":[[2.3627135,48.8569055],[2.3617839,48.8572065],[2.361798,48.8572144]]},"properties":{"highway":"footway","surface":"paving_stones","id":"way/1190197267"}},{"type":"Feature","id":"way/1190197268","geometry":{"type":"LineString","coordinates":[[2.362744,48.8568513],[2.3627609,48.8568835],[2.3627573,48.85689],[2.3627135,48.8569055],[2.362722,48.8569148]]},"properties":{"highway":"footway","surface":"asphalt","id":"way/1190197268"}},{"type":"Feature","id":"way/1190197269","geometry":{"type":"LineString","coordinates":[[2.3622812,48.8560063],[2.3623955,48.8562021],[2.3625271,48.8564463],[2.362744,48.8568513],[2.3627571,48.8568477]]},"properties":{"highway":"footway","surface":"paving_stones","id":"way/1190197269"}},{"type":"Feature","id":"way/1190197270","geometry":{"type":"LineString","coordinates":[[2.3622061,48.8558701],[2.3622812,48.8560063],[2.3622929,48.8560018]]},"properties":{"highway":"footway","surface":"paving_stones","id":"way/1190197270"}},{"type":"Feature","id":"way/1190197271","geometry":{"type":"LineString","coordinates":[[2.361935,48.8555255],[2.3619504,48.8555473],[2.3620274,48.8555716],[2.3621335,48.8557382],[2.3622061,48.8558701],[2.3622178,48.855868]]},"properties":{"highway":"footway","surface":"paving_stones","id":"way/1190197271"}},{"type":"Feature","id":"way/1190197272","geometry":{"type":"LineString","coordinates":[[2.3616508,48.8551908],[2.3616736,48.8552031],[2.3617816,48.8553346],[2.361935,48.8555255],[2.3619504,48.8555194]]},"properties":{"highway":"footway","id":"way/1190197272"}},{"type":"Feature","id":"way/1190197273","geometry":{"type":"LineString","coordinates":[[2.3616022,48.8551743],[2.3616508,48.8551908],[2.361673,48.8551802],[2.3616743,48.8551783]]},"properties":{"highway":"footway","surface":"paving_stones","id":"way/1190197273"}},{"type":"Feature","id":"way/1190197274","geometry":{"type":"LineString","coordinates":[[2.361213,48.855272],[2.3612291,48.8552575],[2.3613427,48.8552341],[2.3616022,48.8551743],[2.3615841,48.8551555]]},"properties":{"highway":"footway","surface":"paving_stones","id":"way/1190197274"}},{"type":"Feature","id":"way/1190197388","geometry":{"type":"LineString","coordinates":[[2.3616733,48.8572364],[2.3616796,48.8572139],[2.3613861,48.8568321],[2.3614074,48.8568242]]},"properties":{"highway":"footway","surface":"paving_stones","id":"way/1190197388"}},{"type":"Feature","id":"way/1190197390","geometry":{"type":"LineString","coordinates":[[2.3607747,48.8576299],[2.3612069,48.8574424],[2.3616334,48.8572678],[2.3616472,48.8572779]]},"properties":{"highway":"footway","surface":"paving_stones","id":"way/1190197390"}},{"type":"Feature","id":"way/1190208813","geometry":{"type":"LineString","coordinates":[[2.3629685,48.8546771],[2.3630021,48.8546577],[2.3630444,48.8546453]]},"properties":{"highway":"footway","surface":"asphalt","id":"way/1190208813"}},{"type":"Feature","id":"way/1190208814","geometry":{"type":"LineString","coordinates":[[2.3643921,48.8565376],[2.3643487,48.8565439],[2.3642952,48.8565486]]},"properties":{"highway":"footway","surface":"asphalt","id":"way/1190208814"}},{"type":"Feature","id":"way/1190208815","geometry":{"type":"LineString","coordinates":[[2.3643874,48.8564008],[2.3644057,48.8564273],[2.3644236,48.8564469]]},"properties":{"highway":"footway","surface":"paving_stones","id":"way/1190208815"}},{"type":"Feature","id":"way/1190208816","geometry":{"type":"LineString","coordinates":[[2.3642066,48.8564249],[2.3642512,48.8564114],[2.3642828,48.8564026]]},"properties":{"highway":"footway","surface":"asphalt","id":"way/1190208816"}},{"type":"Feature","id":"way/1190208817","geometry":{"type":"LineString","coordinates":[[2.362937,48.8568936],[2.3629196,48.8568712],[2.3629028,48.8568497]]},"properties":{"highway":"footway","surface":"asphalt","id":"way/1190208817"}},{"type":"Feature","id":"way/1190208818","geometry":{"type":"LineString","coordinates":[[2.3628458,48.8569502],[2.3628733,48.8569428],[2.3629129,48.856932]]},"properties":{"highway":"footway","surface":"asphalt","id":"way/1190208818"}},{"type":"Feature","id":"way/1190208819","geometry":{"type":"LineString","coordinates":[[2.362722,48.8569148],[2.3627352,48.8569294],[2.3627452,48.8569404]]},"properties":{"highway":"footway","surface":"asphalt","id":"way/1190208819"}},{"type":"Feature","id":"way/1190208820","geometry":{"type":"LineString","coordinates":[[2.3628223,48.8568301],[2.3627904,48.8568391],[2.3627571,48.8568477]]},"properties":{"highway":"footway","surface":"asphalt","id":"way/1190208820"}},{"type":"Feature","id":"way/1191761802","geometry":{"type":"LineString","coordinates":[[2.3660657,48.8567793],[2.3658487,48.8562408]]},"properties":{"highway":"footway","surface":"paving_stones","id":"way/1191761802"}},{"type":"Feature","id":"way/1191761803","geometry":{"type":"LineString","coordinates":[[2.368084,48.8529438],[2.3676147,48.8528081],[2.3675487,48.8528087]]},"properties":{"highway":"footway","surface":"asphalt","id":"way/1191761803"}},{"type":"Feature","id":"way/1191761804","geometry":{"type":"LineString","coordinates":[[2.3676731,48.853255],[2.3676947,48.8532551],[2.3677931,48.8532528],[2.3682031,48.8532019]]},"properties":{"highway":"footway","surface":"asphalt","id":"way/1191761804"}},{"type":"Feature","id":"way/1191761805","geometry":{"type":"LineString","coordinates":[[2.3675182,48.852799],[2.3675487,48.8528087],[2.3675235,48.8528756],[2.3676731,48.853255],[2.3676626,48.85327]]},"properties":{"highway":"footway","id":"way/1191761805"}},{"type":"Feature","id":"way/1191761808","geometry":{"type":"LineString","coordinates":[[2.3675276,48.8532842],[2.3675363,48.8532519],[2.3673374,48.8527437],[2.3673559,48.8527491]]},"properties":{"highway":"footway","surface":"asphalt","id":"way/1191761808"}},{"type":"Feature","id":"way/1191761809","geometry":{"type":"LineString","coordinates":[[2.3672962,48.8533287],[2.3675276,48.8532842],[2.3675611,48.8532868]]},"properties":{"highway":"footway","surface":"asphalt","id":"way/1191761809"}},{"type":"Feature","id":"way/1191761810","geometry":{"type":"LineString","coordinates":[[2.3671393,48.8533481],[2.3672962,48.8533287],[2.3673022,48.8533579]]},"properties":{"highway":"footway","surface":"asphalt","id":"way/1191761810"}},{"type":"Feature","id":"way/1191761811","geometry":{"type":"LineString","coordinates":[[2.3671286,48.8533552],[2.3671393,48.8533481],[2.3671239,48.8533428],[2.3669871,48.8530053],[2.3669978,48.8529762],[2.3668858,48.8526814],[2.3669123,48.8526135],[2.3668795,48.8526042]]},"properties":{"highway":"footway","id":"way/1191761811"}},{"type":"Feature","id":"way/1191761812","geometry":{"type":"LineString","coordinates":[[2.3665519,48.8534214],[2.3665372,48.8534068],[2.3660812,48.8524196],[2.3661134,48.8523645]]},"properties":{"highway":"footway","surface":"asphalt","id":"way/1191761812"}},{"type":"Feature","id":"way/1191761813","geometry":{"type":"LineString","coordinates":[[2.3667182,48.8534024],[2.3665519,48.8534214],[2.3665392,48.8534302]]},"properties":{"highway":"footway","id":"way/1191761813"}},{"type":"Feature","id":"way/1191761814","geometry":{"type":"LineString","coordinates":[[2.3670374,48.8533543],[2.3667182,48.8534024],[2.366733,48.8534214]]},"properties":{"highway":"footway","id":"way/1191761814"}},{"type":"Feature","id":"way/1191761815","geometry":{"type":"LineString","coordinates":[[2.3667215,48.8525598],[2.366731,48.8525839],[2.3668637,48.8529188],[2.3669033,48.8529519],[2.3670555,48.8533393],[2.3670374,48.8533543],[2.3670536,48.8533643]]},"properties":{"highway":"footway","id":"way/1191761815"}},{"type":"Feature","id":"way/1191761841","geometry":{"type":"LineString","coordinates":[[2.3641976,48.8535277],[2.3636974,48.8537351],[2.3634935,48.8538176],[2.3634479,48.8538176]]},"properties":{"highway":"footway","surface":"concrete","id":"way/1191761841"}},{"type":"Feature","id":"way/1191761842","geometry":{"type":"LineString","coordinates":[[2.3642191,48.8535277],[2.3641976,48.8535277],[2.3641882,48.8535145]]},"properties":{"highway":"footway","surface":"paving_stones","id":"way/1191761842"}},{"type":"Feature","id":"way/1191761843","geometry":{"type":"LineString","coordinates":[[2.3645704,48.8539089],[2.3645686,48.8538821],[2.3645657,48.8538374],[2.3642191,48.8535277],[2.3642264,48.8535229]]},"properties":{"highway":"footway","surface":"paving_stones","id":"way/1191761843"}},{"type":"Feature","id":"way/1191761844","geometry":{"type":"LineString","coordinates":[[2.3637979,48.8541679],[2.3645704,48.8539089],[2.3645858,48.8539513]]},"properties":{"highway":"footway","surface":"asphalt","id":"way/1191761844"}},{"type":"Feature","id":"way/1191761845","geometry":{"type":"LineString","coordinates":[[2.3637342,48.8541794],[2.3637979,48.8541679],[2.3638087,48.8541908]]},"properties":{"highway":"footway","surface":"asphalt","id":"way/1191761845"}},{"type":"Feature","id":"way/1191761846","geometry":{"type":"LineString","coordinates":[[2.3634298,48.853856],[2.3634613,48.8539019],[2.3637342,48.8541794],[2.363696,48.8541947]]},"properties":{"highway":"footway","surface":"asphalt","id":"way/1191761846"}},{"type":"Feature","id":"way/1191761847","geometry":{"type":"LineString","coordinates":[[2.3633891,48.8538521],[2.3634298,48.853856],[2.3634479,48.8538176],[2.3634312,48.8538043]]},"properties":{"highway":"footway","surface":"concrete","id":"way/1191761847"}},{"type":"Feature","id":"way/1191761848","geometry":{"type":"LineString","coordinates":[[2.363228,48.8538913],[2.3631909,48.8538989],[2.3630751,48.8539323],[2.3624098,48.8541502]]},"properties":{"highway":"footway","surface":"asphalt","id":"way/1191761848"}},{"type":"Feature","id":"way/1191761849","geometry":{"type":"LineString","coordinates":[[2.3632769,48.8538908],[2.363228,48.8538913],[2.363231,48.8538591]]},"properties":{"highway":"footway","surface":"asphalt","id":"way/1191761849"}},{"type":"Feature","id":"way/1191761850","geometry":{"type":"LineString","coordinates":[[2.3636115,48.8542301],[2.3635981,48.8542254],[2.3632769,48.8538908],[2.3633047,48.8538746]]},"properties":{"highway":"footway","surface":"asphalt","id":"way/1191761850"}},{"type":"Feature","id":"way/1191761851","geometry":{"type":"LineString","coordinates":[[2.363527,48.8542676],[2.3636115,48.8542301],[2.3636317,48.8542186]]},"properties":{"highway":"footway","surface":"asphalt","id":"way/1191761851"}},{"type":"Feature","id":"way/1191761852","geometry":{"type":"LineString","coordinates":[[2.3630228,48.8544503],[2.363527,48.8542676],[2.363541,48.8542834]]},"properties":{"highway":"footway","surface":"asphalt","id":"way/1191761852"}},{"type":"Feature","id":"way/1191761853","geometry":{"type":"LineString","coordinates":[[2.3627076,48.8545584],[2.3630228,48.8544503],[2.3630296,48.8544672]]},"properties":{"highway":"footway","surface":"asphalt","id":"way/1191761853"}},{"type":"Feature","id":"way/1191761854","geometry":{"type":"LineString","coordinates":[[2.3624012,48.8541401],[2.3624098,48.8541502],[2.3625272,48.8542884],[2.3625138,48.8543634],[2.3626711,48.8545295],[2.3627076,48.8545584],[2.3626892,48.854558]]},"properties":{"highway":"footway","surface":"asphalt","id":"way/1191761854"}},{"type":"Feature","id":"way/1191761888","geometry":{"type":"LineString","coordinates":[[2.3619922,48.8538963],[2.361793,48.8539177],[2.361626,48.8539252],[2.3616045,48.8539295],[2.3615536,48.8539398],[2.3612559,48.8540226],[2.361211,48.8540351],[2.3612056,48.8540276]]},"properties":{"highway":"footway","surface":"paving_stones","id":"way/1191761888"}},{"type":"Feature","id":"way/1191761976","geometry":{"type":"LineString","coordinates":[[2.3642693,48.8526466],[2.3642801,48.8526726],[2.3646495,48.8529232],[2.365072,48.8532173],[2.3654965,48.8535264],[2.3655384,48.8535664],[2.3655991,48.8536146],[2.3656134,48.8536181]]},"properties":{"highway":"footway","id":"way/1191761976"}},{"type":"Feature","id":"way/1191761980","geometry":{"type":"LineString","coordinates":[[2.3664252,48.8534443],[2.3664191,48.8534139],[2.3659933,48.8524891],[2.3659276,48.8523404],[2.3659119,48.8523047],[2.3659236,48.8523083]]},"properties":{"highway":"footway","surface":"paving_stones","id":"way/1191761980"}},{"type":"Feature","id":"way/1191761981","geometry":{"type":"LineString","coordinates":[[2.3657171,48.8535957],[2.365988,48.8535308],[2.3662106,48.8535061],[2.36638,48.8534649],[2.3664165,48.8534536],[2.3664252,48.8534443],[2.3664379,48.8534492]]},"properties":{"highway":"footway","surface":"paving_stones","id":"way/1191761981"}},{"type":"Feature","id":"way/1191761982","geometry":{"type":"LineString","coordinates":[[2.365595,48.8536221],[2.3656134,48.8536181],[2.3657171,48.8535957],[2.3657352,48.8536336]]},"properties":{"highway":"footway","surface":"asphalt","id":"way/1191761982"}},{"type":"Feature","id":"way/1191761983","geometry":{"type":"LineString","coordinates":[[2.3638161,48.852448],[2.3638429,48.8524529],[2.3643035,48.8527626],[2.3642962,48.852794],[2.3644672,48.8529051],[2.3645161,48.8529025],[2.3647723,48.8530803],[2.3648722,48.8531866],[2.3649573,48.8532321],[2.3650043,48.8532286],[2.3652095,48.8533715],[2.3654234,48.8535352],[2.3655045,48.853604],[2.3655065,48.8536296]]},"properties":{"highway":"footway","id":"way/1191761983"}},{"type":"Feature","id":"way/1191761986","geometry":{"type":"LineString","coordinates":[[2.3641842,48.8533953],[2.3641778,48.8533832],[2.3640186,48.8532334],[2.3639723,48.8531919],[2.363747,48.8529916],[2.3633996,48.8526748],[2.3633809,48.8526757]]},"properties":{"highway":"footway","surface":"paving_stones","id":"way/1191761986"}},{"type":"Feature","id":"way/1191761987","geometry":{"type":"LineString","coordinates":[[2.3642895,48.8534933],[2.3641842,48.8533953],[2.3641708,48.8533998]]},"properties":{"highway":"footway","surface":"paving_stones","id":"way/1191761987"}},{"type":"Feature","id":"way/1191761988","geometry":{"type":"LineString","coordinates":[[2.3646589,48.8538262],[2.3646462,48.853818],[2.3642895,48.8534933],[2.3642781,48.8534955]]},"properties":{"highway":"footway","surface":"paving_stones","id":"way/1191761988"}},{"type":"Feature","id":"way/1191761989","geometry":{"type":"LineString","coordinates":[[2.3652155,48.853736],[2.36495,48.853799],[2.364954,48.8538348]]},"properties":{"highway":"footway","surface":"asphalt","id":"way/1191761989"}},{"type":"Feature","id":"way/1191761990","geometry":{"type":"LineString","coordinates":[[2.365475,48.8536596],[2.3652155,48.853736]]},"properties":{"highway":"footway","surface":"asphalt","id":"way/1191761990"}},{"type":"Feature","id":"way/1191761991","geometry":{"type":"LineString","coordinates":[[2.3655099,48.8536835],[2.365475,48.8536596],[2.3655065,48.8536296],[2.3655374,48.8536371]]},"properties":{"highway":"footway","id":"way/1191761991"}},{"type":"Feature","id":"way/1191761994","geometry":{"type":"LineString","coordinates":[[2.3673928,48.8534876],[2.3681425,48.8533839],[2.3682698,48.8533661]]},"properties":{"highway":"footway","surface":"asphalt","id":"way/1191761994"}},{"type":"Feature","id":"way/1191761995","geometry":{"type":"LineString","coordinates":[[2.3673163,48.8535149],[2.3673928,48.8534876],[2.3673844,48.8534592]]},"properties":{"highway":"footway","surface":"asphalt","id":"way/1191761995"}},{"type":"Feature","id":"way/1191761996","geometry":{"type":"LineString","coordinates":[[2.3674276,48.8537757],[2.3673273,48.853561],[2.3673163,48.8535149],[2.3672913,48.8535141]]},"properties":{"highway":"footway","surface":"asphalt","id":"way/1191761996"}},{"type":"Feature","id":"way/1191761997","geometry":{"type":"LineString","coordinates":[[2.367482,48.8538193],[2.3674276,48.8537757],[2.3674169,48.8537735]]},"properties":{"highway":"footway","surface":"asphalt","id":"way/1191761997"}},{"type":"Feature","id":"way/1191761998","geometry":{"type":"LineString","coordinates":[[2.3674545,48.8539195],[2.368127,48.8538613],[2.3681398,48.8538736],[2.3681223,48.8539901],[2.3681062,48.85419],[2.3680982,48.8542617],[2.3680915,48.85443],[2.3680781,48.8544997],[2.3680902,48.8545248]]},"properties":{"highway":"footway","id":"way/1191761998"}},{"type":"Feature","id":"way/1191761999","geometry":{"type":"LineString","coordinates":[[2.367437,48.8539261],[2.3674545,48.8539195],[2.3674504,48.8539045]]},"properties":{"highway":"footway","surface":"asphalt","id":"way/1191761999"}},{"type":"Feature","id":"way/1191762000","geometry":{"type":"LineString","coordinates":[[2.3673002,48.8539288],[2.3673056,48.8540311],[2.3672727,48.8542138],[2.3672211,48.8545804],[2.3672225,48.8546726]]},"properties":{"highway":"footway","surface":"asphalt","id":"way/1191762000"}},{"type":"Feature","id":"way/1191762001","geometry":{"type":"LineString","coordinates":[[2.3672848,48.8537558],[2.3673002,48.8539288],[2.3673116,48.8539292]]},"properties":{"highway":"footway","surface":"paving_stones","id":"way/1191762001"}},{"type":"Feature","id":"way/1191762002","geometry":{"type":"LineString","coordinates":[[2.3670703,48.8536596],[2.3670831,48.8536474],[2.3672112,48.8535255]]},"properties":{"highway":"footway","surface":"paving_stones","id":"way/1191762002"}},{"type":"Feature","id":"way/1191762003","geometry":{"type":"LineString","coordinates":[[2.3667725,48.8535559],[2.3668416,48.8535895],[2.3670703,48.8536596],[2.3672687,48.8537205],[2.3672848,48.8537558],[2.3672982,48.8537554]]},"properties":{"highway":"footway","id":"way/1191762003"}},{"type":"Feature","id":"way/1191762004","geometry":{"type":"LineString","coordinates":[[2.3658022,48.8537695],[2.3664064,48.8536226],[2.3666724,48.8535656],[2.3667725,48.8535559],[2.3667688,48.8535408]]},"properties":{"highway":"footway","id":"way/1191762004"}},{"type":"Feature","id":"way/1191762005","geometry":{"type":"LineString","coordinates":[[2.3657452,48.8537885],[2.3658022,48.8537695],[2.3657915,48.8537527]]},"properties":{"highway":"footway","surface":"asphalt","id":"way/1191762005"}},{"type":"Feature","id":"way/1191762006","geometry":{"type":"LineString","coordinates":[[2.3659256,48.8543307],[2.3659145,48.8543256],[2.3657385,48.8538004],[2.3657452,48.8537885],[2.3657239,48.8537894]]},"properties":{"highway":"footway","surface":"asphalt","id":"way/1191762006"}},{"type":"Feature","id":"way/1191762007","geometry":{"type":"LineString","coordinates":[[2.3659457,48.8543775],[2.3664594,48.8542692],[2.3664491,48.8542487],[2.3664362,48.8542279],[2.3659256,48.8543307],[2.3659239,48.8543375]]},"properties":{"highway":"footway","id":"way/1191762007"}},{"type":"Feature","id":"way/1191762008","geometry":{"type":"LineString","coordinates":[[2.3656393,48.8538189],[2.3656527,48.8538374],[2.3658364,48.8544017],[2.365878,48.8543937],[2.3659457,48.8543775],[2.3659424,48.8543669]]},"properties":{"highway":"footway","id":"way/1191762008"}},{"type":"Feature","id":"way/1191762009","geometry":{"type":"LineString","coordinates":[[2.3655964,48.8538216],[2.3656393,48.8538189],[2.365654,48.853811]]},"properties":{"highway":"footway","surface":"asphalt","id":"way/1191762009"}},{"type":"Feature","id":"way/1191762010","geometry":{"type":"LineString","coordinates":[[2.3650432,48.8539672],[2.3652671,48.8539244],[2.3653315,48.8539058],[2.3655964,48.8538216],[2.3655897,48.8537995]]},"properties":{"highway":"footway","surface":"asphalt","id":"way/1191762010"}},{"type":"Feature","id":"way/1191762011","geometry":{"type":"LineString","coordinates":[[2.3649567,48.8540002],[2.3650432,48.8539672],[2.3650298,48.8539499]]},"properties":{"highway":"footway","surface":"asphalt","id":"way/1191762011"}},{"type":"Feature","id":"way/1191762012","geometry":{"type":"LineString","coordinates":[[2.3653328,48.8548747],[2.3649567,48.8540002],[2.3649367,48.8539974]]},"properties":{"highway":"footway","surface":"sett","id":"way/1191762012"}},{"type":"Feature","id":"way/1191762013","geometry":{"type":"LineString","coordinates":[[2.364834,48.854032],[2.3648494,48.8540567],[2.36518,48.8548977]]},"properties":{"highway":"footway","surface":"paving_stones","id":"way/1191762013"}},{"type":"Feature","id":"way/1191762014","geometry":{"type":"LineString","coordinates":[[2.3646663,48.8540726],[2.364834,48.854032],[2.3648447,48.8540254]]},"properties":{"highway":"footway","surface":"asphalt","id":"way/1191762014"}},{"type":"Feature","id":"way/1191762015","geometry":{"type":"LineString","coordinates":[[2.3639005,48.8543144],[2.3646663,48.8540726],[2.3646583,48.8540611]]},"properties":{"highway":"footway","surface":"asphalt","id":"way/1191762015"}},{"type":"Feature","id":"way/1191762016","geometry":{"type":"LineString","coordinates":[[2.3636847,48.8543827],[2.3639005,48.8543144],[2.3638918,48.8543034]]},"properties":{"highway":"footway","surface":"paving_stones","id":"way/1191762016"}},{"type":"Feature","id":"way/1191762017","geometry":{"type":"LineString","coordinates":[[2.3631415,48.8545844],[2.3635693,48.85442],[2.3636357,48.8543982],[2.3636296,48.8543894]]},"properties":{"highway":"footway","surface":"sett","id":"way/1191762017"}},{"type":"Feature","id":"way/1191762018","geometry":{"type":"LineString","coordinates":[[2.3630613,48.8546468],[2.3630798,48.854617],[2.3631415,48.8545844],[2.3631261,48.8545676]]},"properties":{"highway":"footway","surface":"asphalt","id":"way/1191762018"}},{"type":"Feature","id":"way/1191762023","geometry":{"type":"LineString","coordinates":[[2.3625931,48.8546091],[2.362204,48.8547565],[2.3618141,48.85485],[2.3617424,48.8548668],[2.3616214,48.8548979],[2.3615036,48.8549283],[2.3614329,48.8549466],[2.3614574,48.8549777]]},"properties":{"highway":"footway","surface":"paving_stones","id":"way/1191762023"}},{"type":"Feature","id":"way/1191762024","geometry":{"type":"LineString","coordinates":[[2.3621725,48.8541125],[2.3623401,48.8542932],[2.362363,48.8543241],[2.3624847,48.8544565],[2.3626064,48.8545756],[2.3626131,48.8545816],[2.3626214,48.8545911]]},"properties":{"highway":"footway","surface":"paving_stones","id":"way/1191762024"}},{"type":"Feature","id":"way/1191762025","geometry":{"type":"LineString","coordinates":[[2.3619942,48.8538915],[2.3619922,48.8538963],[2.3620029,48.8539021],[2.3620378,48.853947],[2.3621725,48.8541125],[2.3622094,48.8541008]]},"properties":{"highway":"footway","surface":"paving_stones","id":"way/1191762025"}},{"type":"Feature","id":"way/1191762026","geometry":{"type":"LineString","coordinates":[[2.3633004,48.8526995],[2.362894,48.852891],[2.3626582,48.8530084],[2.3624931,48.8530958],[2.3617648,48.8534392]]},"properties":{"highway":"footway","id":"way/1191762026"}},{"type":"Feature","id":"way/1191762028","geometry":{"type":"LineString","coordinates":[[2.364099,48.853424],[2.3640896,48.8534121],[2.3637088,48.8530697],[2.3637161,48.8530331],[2.363342,48.8527022],[2.3633436,48.8526962]]},"properties":{"highway":"footway","surface":"paving_stones","id":"way/1191762028"}},{"type":"Feature","id":"way/1191762029","geometry":{"type":"LineString","coordinates":[[2.364091,48.8534465],[2.364099,48.853424],[2.3641178,48.8534249]]},"properties":{"highway":"footway","surface":"paving_stones","id":"way/1191762029"}},{"type":"Feature","id":"way/1191762030","geometry":{"type":"LineString","coordinates":[[2.363397,48.8537474],[2.3634942,48.8537152],[2.3637557,48.8535934],[2.364091,48.8534465],[2.3641178,48.8534602]]},"properties":{"highway":"footway","surface":"concrete","id":"way/1191762030"}},{"type":"Feature","id":"way/1191762031","geometry":{"type":"LineString","coordinates":[[2.3632058,48.8538004],[2.363397,48.8537474],[2.3634077,48.8537726]]},"properties":{"highway":"footway","surface":"asphalt","id":"way/1191762031"}},{"type":"Feature","id":"way/1191762032","geometry":{"type":"LineString","coordinates":[[2.3623197,48.8540704],[2.3623677,48.8540598],[2.3632058,48.8538004],[2.3632146,48.8538299]]},"properties":{"highway":"footway","surface":"asphalt","id":"way/1191762032"}},{"type":"Feature","id":"way/1191762033","geometry":{"type":"LineString","coordinates":[[2.3622979,48.8540677],[2.3623197,48.8540704],[2.3623284,48.8540828]]},"properties":{"highway":"footway","surface":"asphalt","id":"way/1191762033"}},{"type":"Feature","id":"way/1191762034","geometry":{"type":"LineString","coordinates":[[2.3617679,48.8534582],[2.3620458,48.853773],[2.362135,48.8538935],[2.3622979,48.8540677],[2.3622855,48.8540757]]},"properties":{"highway":"footway","surface":"paving_stones","id":"way/1191762034"}},{"type":"Feature","id":"way/1191762035","geometry":{"type":"LineString","coordinates":[[2.3617581,48.8534364],[2.3617648,48.8534392],[2.3617591,48.8534456],[2.3617679,48.8534582],[2.3617601,48.8534617]]},"properties":{"highway":"footway","surface":"asphalt","id":"way/1191762035"}},{"type":"Feature","id":"way/1191762039","geometry":{"type":"LineString","coordinates":[[2.3616904,48.8534079],[2.3624273,48.8530547],[2.3628733,48.8528383],[2.3632551,48.8526521],[2.3632618,48.852657]]},"properties":{"highway":"footway","id":"way/1191762039"}},{"type":"Feature","id":"way/1191762040","geometry":{"type":"LineString","coordinates":[[2.3611982,48.8529536],[2.3612024,48.8529567],[2.3611994,48.8529649],[2.3613595,48.8531191],[2.3616076,48.8533552],[2.3616753,48.8534108],[2.3616904,48.8534079],[2.3616951,48.8534125]]},"properties":{"highway":"footway","surface":"asphalt","id":"way/1191762040"}},{"type":"Feature","id":"way/1191762047","geometry":{"type":"LineString","coordinates":[[2.3619616,48.853858],[2.3618014,48.8538835],[2.3615838,48.8538939],[2.3615167,48.8539045],[2.361321,48.8539586],[2.361186,48.8539956],[2.3611882,48.8539991]]},"properties":{"highway":"footway","surface":"paving_stones","id":"way/1191762047"}},{"type":"Feature","id":"way/1191762048","geometry":{"type":"LineString","coordinates":[[2.3616703,48.8535003],[2.3617212,48.8535493],[2.3617795,48.8536195],[2.3619734,48.8538511],[2.3619616,48.853858],[2.361968,48.8538632]]},"properties":{"highway":"footway","surface":"paving_stones","id":"way/1191762048"}},{"type":"Feature","id":"way/1191762049","geometry":{"type":"LineString","coordinates":[[2.3610554,48.8529413],[2.3610426,48.8529475],[2.3611164,48.8530102],[2.3612063,48.8530856],[2.3613978,48.853285],[2.361449,48.8533384],[2.3614758,48.8533627],[2.3615375,48.8533865],[2.3616347,48.8534687],[2.3616703,48.8535003],[2.3616777,48.8534981]]},"properties":{"highway":"footway","id":"way/1191762049"}},{"type":"Feature","id":"way/1192389184","geometry":{"type":"LineString","coordinates":[[2.3642241,48.8565043],[2.3642118,48.8564874],[2.3642036,48.856476]]},"properties":{"highway":"footway","id":"way/1192389184"}},{"type":"Feature","id":"way/1192389185","geometry":{"type":"LineString","coordinates":[[2.3672959,48.8558994],[2.3673124,48.8558965],[2.3673435,48.8558915]]},"properties":{"highway":"footway","surface":"asphalt","id":"way/1192389185"}},{"type":"Feature","id":"way/1192389186","geometry":{"type":"LineString","coordinates":[[2.3672553,48.855927],[2.3672533,48.8559559],[2.3672551,48.8559784]]},"properties":{"highway":"footway","surface":"asphalt","id":"way/1192389186"}},{"type":"Feature","id":"way/1192389187","geometry":{"type":"LineString","coordinates":[[2.3672741,48.8559923],[2.3673123,48.8559863],[2.3673505,48.8559804]]},"properties":{"highway":"footway","surface":"asphalt","id":"way/1192389187"}},{"type":"Feature","id":"way/1192389188","geometry":{"type":"LineString","coordinates":[[2.3673727,48.8559592],[2.3673729,48.8559347],[2.3673686,48.8559054]]},"properties":{"highway":"footway","surface":"asphalt","id":"way/1192389188"}},{"type":"Feature","id":"way/1192389189","geometry":{"type":"LineString","coordinates":[[2.367264,48.8549521],[2.3672824,48.8549527],[2.3673121,48.8549522]]},"properties":{"highway":"footway","surface":"asphalt","id":"way/1192389189"}},{"type":"Feature","id":"way/1192389190","geometry":{"type":"LineString","coordinates":[[2.3674504,48.8539045],[2.3674568,48.8538692],[2.3674674,48.8538226]]},"properties":{"highway":"footway","surface":"asphalt","id":"way/1192389190"}},{"type":"Feature","id":"way/1192389191","geometry":{"type":"LineString","coordinates":[[2.3673116,48.8539292],[2.367377,48.8539259],[2.3674256,48.8539235]]},"properties":{"highway":"footway","surface":"asphalt","id":"way/1192389191"}},{"type":"Feature","id":"way/1192389192","geometry":{"type":"LineString","coordinates":[[2.3672982,48.8537554],[2.3673493,48.8537632],[2.3674169,48.8537735]]},"properties":{"highway":"footway","surface":"asphalt","id":"way/1192389192"}},{"type":"Feature","id":"way/1192389193","geometry":{"type":"LineString","coordinates":[[2.3670536,48.8533643],[2.3671015,48.8533581],[2.3671286,48.8533552]]},"properties":{"highway":"footway","surface":"asphalt","id":"way/1192389193"}},{"type":"Feature","id":"way/1192389194","geometry":{"type":"LineString","coordinates":[[2.3673461,48.8534011],[2.3673629,48.8534177],[2.3673844,48.8534592]]},"properties":{"highway":"footway","id":"way/1192389194"}},{"type":"Feature","id":"way/1192389195","geometry":{"type":"LineString","coordinates":[[2.3673022,48.8533579],[2.3673152,48.8533706],[2.3673293,48.8533845]]},"properties":{"highway":"footway","surface":"asphalt","id":"way/1192389195"}},{"type":"Feature","id":"way/1192389196","geometry":{"type":"LineString","coordinates":[[2.3673293,48.8533845],[2.3673461,48.8534011]]},"properties":{"highway":"footway","surface":"asphalt","id":"way/1192389196"}},{"type":"Feature","id":"way/1192389197","geometry":{"type":"LineString","coordinates":[[2.3675611,48.8532868],[2.3676065,48.8532793],[2.3676626,48.85327]]},"properties":{"highway":"footway","surface":"asphalt","id":"way/1192389197"}},{"type":"Feature","id":"way/1192389198","geometry":{"type":"LineString","coordinates":[[2.3667688,48.8535408],[2.3667596,48.8535101],[2.3667491,48.853475]]},"properties":{"highway":"footway","surface":"paving_stones","id":"way/1192389198"}},{"type":"Feature","id":"way/1192389199","geometry":{"type":"LineString","coordinates":[[2.3667439,48.8534578],[2.3667398,48.853444],[2.366733,48.8534214]]},"properties":{"highway":"footway","surface":"asphalt","id":"way/1192389199"}},{"type":"Feature","id":"way/1192389200","geometry":{"type":"LineString","coordinates":[[2.3667491,48.853475],[2.3667439,48.8534578]]},"properties":{"highway":"footway","surface":"asphalt","id":"way/1192389200"}},{"type":"Feature","id":"way/1192389201","geometry":{"type":"LineString","coordinates":[[2.3664379,48.8534492],[2.3664988,48.8534378],[2.3665392,48.8534302]]},"properties":{"highway":"footway","id":"way/1192389201"}},{"type":"Feature","id":"way/1192389202","geometry":{"type":"LineString","coordinates":[[2.3655897,48.8537995],[2.3655703,48.8537714],[2.3655483,48.8537394]]},"properties":{"highway":"footway","surface":"asphalt","id":"way/1192389202"}},{"type":"Feature","id":"way/1192389203","geometry":{"type":"LineString","coordinates":[[2.3655338,48.8537182],[2.3655234,48.8537031],[2.3655099,48.8536835]]},"properties":{"highway":"footway","id":"way/1192389203"}},{"type":"Feature","id":"way/1192389204","geometry":{"type":"LineString","coordinates":[[2.3655483,48.8537394],[2.3655338,48.8537182]]},"properties":{"highway":"footway","id":"way/1192389204"}},{"type":"Feature","id":"way/1192389205","geometry":{"type":"LineString","coordinates":[[2.3647112,48.8538599],[2.3646885,48.8538676]]},"properties":{"highway":"footway","surface":"asphalt","id":"way/1192389205"}},{"type":"Feature","id":"way/1192389206","geometry":{"type":"LineString","coordinates":[[2.3645686,48.8538821],[2.3646286,48.8538851]]},"properties":{"highway":"footway","surface":"asphalt","id":"way/1192389206"}},{"type":"Feature","id":"way/1192389207","geometry":{"type":"LineString","coordinates":[[2.3646286,48.8538851],[2.3646658,48.8538767],[2.3646885,48.8538676]]},"properties":{"highway":"footway","surface":"asphalt","id":"way/1192389207"}},{"type":"Feature","id":"way/1192389208","geometry":{"type":"LineString","coordinates":[[2.3648447,48.8540254],[2.3648873,48.8540109],[2.3649367,48.8539974]]},"properties":{"highway":"footway","surface":"asphalt","id":"way/1192389208"}},{"type":"Feature","id":"way/1192389209","geometry":{"type":"LineString","coordinates":[[2.364954,48.8538348],[2.3649691,48.8538586],[2.3650114,48.8539252],[2.3650298,48.8539499]]},"properties":{"highway":"footway","surface":"asphalt","id":"way/1192389209"}},{"type":"Feature","id":"way/1192389210","geometry":{"type":"LineString","coordinates":[[2.3645858,48.8539513],[2.3645975,48.8539675],[2.3646416,48.854029],[2.3646583,48.8540611]]},"properties":{"highway":"footway","surface":"asphalt","id":"way/1192389210"}},{"type":"Feature","id":"way/1192389211","geometry":{"type":"LineString","coordinates":[[2.365654,48.853811],[2.3656911,48.8537994],[2.3657239,48.8537894]]},"properties":{"highway":"footway","id":"way/1192389211"}},{"type":"Feature","id":"way/1192389212","geometry":{"type":"LineString","coordinates":[[2.3655374,48.8536371],[2.365571,48.8536285],[2.365595,48.8536221]]},"properties":{"highway":"footway","id":"way/1192389212"}},{"type":"Feature","id":"way/1192389213","geometry":{"type":"LineString","coordinates":[[2.3657352,48.8536336],[2.3657428,48.8536483],[2.3657789,48.853718],[2.3657915,48.8537527]]},"properties":{"highway":"footway","surface":"asphalt","id":"way/1192389213"}},{"type":"Feature","id":"way/1192389302","geometry":{"type":"LineString","coordinates":[[2.3641178,48.8534249],[2.3641495,48.8534099],[2.3641708,48.8533998]]},"properties":{"highway":"footway","surface":"asphalt","id":"way/1192389302"}},{"type":"Feature","id":"way/1192389303","geometry":{"type":"LineString","coordinates":[[2.3641178,48.8534602],[2.3641547,48.8534887],[2.3641882,48.8535145]]},"properties":{"highway":"footway","surface":"asphalt","id":"way/1192389303"}},{"type":"Feature","id":"way/1192389304","geometry":{"type":"LineString","coordinates":[[2.3642264,48.8535229],[2.3642557,48.8535074],[2.3642781,48.8534955]]},"properties":{"highway":"footway","surface":"asphalt","id":"way/1192389304"}},{"type":"Feature","id":"way/1192421088","geometry":{"type":"LineString","coordinates":[[2.3662803,48.8549969],[2.3663182,48.8549912]]},"properties":{"highway":"footway","id":"way/1192421088"}},{"type":"Feature","id":"way/1192421089","geometry":{"type":"LineString","coordinates":[[2.3664588,48.8554692],[2.3664975,48.855463]]},"properties":{"highway":"footway","id":"way/1192421089"}},{"type":"Feature","id":"way/1192421152","geometry":{"type":"LineString","coordinates":[[2.3634312,48.8538043],[2.3634189,48.8537877],[2.3634077,48.8537726]]},"properties":{"highway":"footway","surface":"asphalt","id":"way/1192421152"}},{"type":"Feature","id":"way/1192421153","geometry":{"type":"LineString","coordinates":[[2.363231,48.8538591],[2.3632237,48.8538461],[2.3632146,48.8538299]]},"properties":{"highway":"footway","surface":"asphalt","id":"way/1192421153"}},{"type":"Feature","id":"way/1192421154","geometry":{"type":"LineString","coordinates":[[2.3623284,48.8540828],[2.362367,48.8541132],[2.3624012,48.8541401]]},"properties":{"highway":"footway","surface":"asphalt","id":"way/1192421154"}},{"type":"Feature","id":"way/1192421155","geometry":{"type":"LineString","coordinates":[[2.3622094,48.8541008],[2.3622391,48.854091],[2.3622855,48.8540757]]},"properties":{"highway":"footway","surface":"asphalt","id":"way/1192421155"}},{"type":"Feature","id":"way/1192421156","geometry":{"type":"LineString","coordinates":[[2.3619942,48.8538915],[2.3619818,48.8538781],[2.361968,48.8538632]]},"properties":{"highway":"footway","surface":"asphalt","id":"way/1192421156"}},{"type":"Feature","id":"way/1192421157","geometry":{"type":"LineString","coordinates":[[2.3617601,48.8534617],[2.3617138,48.8534822],[2.3616777,48.8534981]]},"properties":{"highway":"footway","surface":"asphalt","id":"way/1192421157"}},{"type":"Feature","id":"way/1192421158","geometry":{"type":"LineString","coordinates":[[2.3617581,48.8534364],[2.3617268,48.8534245],[2.3616951,48.8534125]]},"properties":{"highway":"footway","surface":"asphalt","id":"way/1192421158"}},{"type":"Feature","id":"way/1192421191","geometry":{"type":"LineString","coordinates":[[2.3631261,48.8545676],[2.3631028,48.8545434],[2.3630761,48.8545156]]},"properties":{"highway":"footway","surface":"asphalt","id":"way/1192421191"}},{"type":"Feature","id":"way/1192421192","geometry":{"type":"LineString","coordinates":[[2.3630618,48.8545007],[2.3630481,48.8544864],[2.3630296,48.8544672]]},"properties":{"highway":"footway","surface":"asphalt","id":"way/1192421192"}},{"type":"Feature","id":"way/1192421193","geometry":{"type":"LineString","coordinates":[[2.3630761,48.8545156],[2.3630618,48.8545007]]},"properties":{"highway":"footway","surface":"asphalt","id":"way/1192421193"}},{"type":"Feature","id":"way/1192421194","geometry":{"type":"LineString","coordinates":[[2.362204,48.8547565],[2.3622199,48.8547802]]},"properties":{"highway":"footway","surface":"paving_stones","id":"way/1192421194"}},{"type":"Feature","id":"way/1192421195","geometry":{"type":"LineString","coordinates":[[2.3623261,48.8548887],[2.362305,48.8548671],[2.3622655,48.8548268],[2.3622498,48.8548108],[2.3622199,48.8547802]]},"properties":{"highway":"footway","surface":"asphalt","id":"way/1192421195"}},{"type":"Feature","id":"way/1192421196","geometry":{"type":"LineString","coordinates":[[2.3618141,48.85485],[2.3618315,48.8548808],[2.3618384,48.8548929],[2.3618458,48.8549059],[2.3618795,48.8549651]]},"properties":{"highway":"footway","surface":"asphalt","id":"way/1192421196"}},{"type":"Feature","id":"way/1192421197","geometry":{"type":"LineString","coordinates":[[2.3619337,48.8550392],[2.3619141,48.8550123],[2.3618932,48.8549838],[2.3618795,48.8549651]]},"properties":{"highway":"footway","surface":"asphalt","id":"way/1192421197"}},{"type":"Feature","id":"way/1192421198","geometry":{"type":"LineString","coordinates":[[2.3630191,48.855707],[2.3630029,48.8556903],[2.3629842,48.8556711]]},"properties":{"highway":"footway","id":"way/1192421198"}},{"type":"Feature","id":"way/1192421199","geometry":{"type":"LineString","coordinates":[[2.3627153,48.855799],[2.3626994,48.8557816],[2.3626832,48.8557637]]},"properties":{"highway":"footway","id":"way/1192421199"}},{"type":"Feature","id":"way/1192421200","geometry":{"type":"LineString","coordinates":[[2.3638469,48.8542395],[2.3638698,48.8542688],[2.3638918,48.8543034]]},"properties":{"highway":"footway","id":"way/1192421200"}},{"type":"Feature","id":"way/1192421201","geometry":{"type":"LineString","coordinates":[[2.3635765,48.8543315],[2.3635947,48.8543561],[2.3636296,48.8543894]]},"properties":{"highway":"footway","surface":"asphalt","id":"way/1192421201"}},{"type":"Feature","id":"way/1192421202","geometry":{"type":"LineString","coordinates":[[2.3638087,48.8541908],[2.3638239,48.8542103],[2.3638354,48.8542249]]},"properties":{"highway":"footway","surface":"asphalt","id":"way/1192421202"}},{"type":"Feature","id":"way/1192421203","geometry":{"type":"LineString","coordinates":[[2.3638354,48.8542249],[2.3638469,48.8542395]]},"properties":{"highway":"footway","id":"way/1192421203"}},{"type":"Feature","id":"way/1192421204","geometry":{"type":"LineString","coordinates":[[2.363541,48.8542834],[2.3635548,48.8543021],[2.3635671,48.8543188]]},"properties":{"highway":"footway","surface":"asphalt","id":"way/1192421204"}},{"type":"Feature","id":"way/1192421205","geometry":{"type":"LineString","coordinates":[[2.3635671,48.8543188],[2.3635765,48.8543315]]},"properties":{"highway":"footway","surface":"asphalt","id":"way/1192421205"}},{"type":"Feature","id":"way/1192421206","geometry":{"type":"LineString","coordinates":[[2.3658488,48.8562084],[2.3658677,48.8562375]]},"properties":{"highway":"footway","surface":"paving_stones","id":"way/1192421206"}},{"type":"Feature","id":"way/1192421207","geometry":{"type":"LineString","coordinates":[[2.3683261,48.8557463],[2.368317,48.8557836],[2.3683068,48.8558255]]},"properties":{"highway":"footway","surface":"asphalt","id":"way/1192421207"}},{"type":"Feature","id":"way/1192421209","geometry":{"type":"LineString","coordinates":[[2.368353,48.8559195],[2.3684648,48.855943],[2.3685747,48.855966]]},"properties":{"highway":"footway","surface":"asphalt","id":"way/1192421209"}},{"type":"Feature","id":"way/1192421214","geometry":{"type":"LineString","coordinates":[[2.3673696,48.8565382],[2.367328,48.8565378],[2.3672941,48.8565374]]},"properties":{"highway":"footway","surface":"asphalt","id":"way/1192421214"}},{"type":"Feature","id":"way/1192421215","geometry":{"type":"LineString","coordinates":[[2.3679143,48.8575848],[2.3679076,48.8576142],[2.367895,48.8576692]]},"properties":{"highway":"footway","surface":"asphalt","id":"way/1192421215"}},{"type":"Feature","id":"way/1192421217","geometry":{"type":"LineString","coordinates":[[2.3679205,48.8577131],[2.3680332,48.8577232],[2.3681468,48.8577325]]},"properties":{"highway":"footway","surface":"asphalt","id":"way/1192421217"}},{"type":"Feature","id":"way/1192421235","geometry":{"type":"LineString","coordinates":[[2.3681227,48.8568784],[2.368236,48.8568863],[2.3683812,48.8568969]]},"properties":{"highway":"footway","surface":"asphalt","id":"way/1192421235"}},{"type":"Feature","id":"way/1192421237","geometry":{"type":"LineString","coordinates":[[2.3683775,48.8570406],[2.3683941,48.8569872],[2.3684061,48.8569488],[2.3684117,48.8569309]]},"properties":{"highway":"footway","surface":"asphalt","id":"way/1192421237"}},{"type":"Feature","id":"way/1192421241","geometry":{"type":"LineString","coordinates":[[2.3644112,48.858072],[2.3644777,48.8580711],[2.3645242,48.8580694]]},"properties":{"highway":"footway","surface":"asphalt","id":"way/1192421241"}},{"type":"Feature","id":"way/1197094358","geometry":{"type":"LineString","coordinates":[[2.3626164,48.8546348],[2.3626301,48.85465],[2.3626576,48.8546804],[2.3626822,48.8547077],[2.3627033,48.8547311]]},"properties":{"highway":"footway","surface":"asphalt","id":"way/1197094358"}},{"type":"Feature","id":"way/1197094359","geometry":{"type":"LineString","coordinates":[[2.3626164,48.8546348],[2.3625931,48.8546091],[2.3626214,48.8545911],[2.3626491,48.8545735]]},"properties":{"highway":"footway","surface":"paving_stones","id":"way/1197094359"}},{"type":"Feature","id":"way/1197828196","geometry":{"type":"LineString","coordinates":[[2.3662917,48.8534617],[2.3662861,48.8534469]]},"properties":{"highway":"footway","surface":"paving_stones","id":"way/1197828196"}},{"type":"Feature","id":"way/1197828197","geometry":{"type":"LineString","coordinates":[[2.3663544,48.8534503],[2.3663667,48.8534474],[2.366372,48.8534563],[2.36638,48.8534649]]},"properties":{"highway":"footway","surface":"paving_stones","id":"way/1197828197"}},{"type":"Feature","id":"way/1197828198","geometry":{"type":"LineString","coordinates":[[2.3663169,48.8534573],[2.3663544,48.8534503]]},"properties":{"highway":"steps","surface":"paving_stones","id":"way/1197828198"}},{"type":"Feature","id":"way/1197828199","geometry":{"type":"LineString","coordinates":[[2.3662646,48.8534668],[2.3662917,48.8534617],[2.3663169,48.8534573]]},"properties":{"highway":"footway","surface":"paving_stones","id":"way/1197828199"}},{"type":"Feature","id":"way/1197828200","geometry":{"type":"LineString","coordinates":[[2.366218,48.8534741],[2.3662646,48.8534668]]},"properties":{"highway":"steps","surface":"paving_stones","id":"way/1197828200"}},{"type":"Feature","id":"way/1197828201","geometry":{"type":"LineString","coordinates":[[2.3662106,48.8535061],[2.3661979,48.8534778],[2.366218,48.8534741]]},"properties":{"highway":"footway","surface":"paving_stones","id":"way/1197828201"}},{"type":"Feature","id":"way/1197828204","geometry":{"type":"LineString","coordinates":[[2.3637926,48.8549239],[2.3638027,48.8549255]]},"properties":{"highway":"footway","id":"way/1197828204"}},{"type":"Feature","id":"way/1197828205","geometry":{"type":"LineString","coordinates":[[2.3637827,48.8549106],[2.3637926,48.8549239]]},"properties":{"highway":"steps","id":"way/1197828205"}},{"type":"Feature","id":"way/1197828209","geometry":{"type":"LineString","coordinates":[[2.3643196,48.8550988],[2.3643246,48.8551134]]},"properties":{"highway":"steps","id":"way/1197828209"}},{"type":"Feature","id":"way/1197828210","geometry":{"type":"LineString","coordinates":[[2.3639673,48.8551597],[2.3639708,48.8551491]]},"properties":{"highway":"footway","id":"way/1197828210"}},{"type":"Feature","id":"way/1197828211","geometry":{"type":"LineString","coordinates":[[2.3639738,48.8551723],[2.3639673,48.8551597]]},"properties":{"highway":"steps","id":"way/1197828211"}},{"type":"Feature","id":"way/1197828212","geometry":{"type":"LineString","coordinates":[[2.3639425,48.854769],[2.3639854,48.8548455]]},"properties":{"highway":"footway","id":"way/1197828212"}},{"type":"Feature","id":"way/1197828216","geometry":{"type":"LineString","coordinates":[[2.3639854,48.8548455],[2.363991,48.8548546]]},"properties":{"highway":"steps","id":"way/1197828216"}},{"type":"Feature","id":"way/1197828217","geometry":{"type":"LineString","coordinates":[[2.3639312,48.8547509],[2.3639425,48.854769]]},"properties":{"highway":"steps","id":"way/1197828217"}},{"type":"Feature","id":"way/1197828221","geometry":{"type":"LineString","coordinates":[[2.3638644,48.8546476],[2.3638675,48.8546521]]},"properties":{"highway":"steps","surface":"paving_stones","id":"way/1197828221"}},{"type":"Feature","id":"way/1197828222","geometry":{"type":"LineString","coordinates":[[2.3637412,48.854469],[2.3638644,48.8546476]]},"properties":{"highway":"footway","surface":"paving_stones","id":"way/1197828222"}},{"type":"Feature","id":"way/1197828223","geometry":{"type":"LineString","coordinates":[[2.3638452,48.8546662],[2.363806,48.8546773]]},"properties":{"highway":"steps","id":"way/1197828223"}},{"type":"Feature","id":"way/1197828224","geometry":{"type":"LineString","coordinates":[[2.3638722,48.8546589],[2.3638452,48.8546662]]},"properties":{"highway":"steps","id":"way/1197828224"}},{"type":"Feature","id":"way/1197828234","geometry":{"type":"LineString","coordinates":[[2.3617248,48.8548373],[2.3617424,48.8548668]]},"properties":{"highway":"footway","id":"way/1197828234"}},{"type":"Feature","id":"way/1197828235","geometry":{"type":"LineString","coordinates":[[2.3617176,48.8548253],[2.3617248,48.8548373]]},"properties":{"highway":"steps","id":"way/1197828235"}},{"type":"Feature","id":"way/1197828236","geometry":{"type":"LineString","coordinates":[[2.3617066,48.8548068],[2.3617176,48.8548253]]},"properties":{"highway":"footway","surface":"paving_stones","id":"way/1197828236"}},{"type":"Feature","id":"way/1197828237","geometry":{"type":"LineString","coordinates":[[2.3617007,48.8547969],[2.3617066,48.8548068]]},"properties":{"highway":"steps","id":"way/1197828237"}},{"type":"Feature","id":"way/1197828240","geometry":{"type":"LineString","coordinates":[[2.3616049,48.8548718],[2.3615962,48.8548588]]},"properties":{"highway":"steps","id":"way/1197828240"}},{"type":"Feature","id":"way/1197828241","geometry":{"type":"LineString","coordinates":[[2.3616214,48.8548979],[2.3616049,48.8548718]]},"properties":{"highway":"footway","id":"way/1197828241"}},{"type":"Feature","id":"way/1199592042","geometry":{"type":"LineString","coordinates":[[2.3628278,48.8587067],[2.3628049,48.8586752],[2.3626353,48.8584593],[2.3620685,48.8576744]]},"properties":{"highway":"residential","name":"Rue Payenne","surface":"asphalt","id":"way/1199592042"}},{"type":"Feature","id":"way/1201552216","geometry":{"type":"LineString","coordinates":[[2.3678557,48.8584632],[2.3676795,48.8583696],[2.3677929,48.8578677],[2.3680016,48.8578373]]},"properties":{"highway":"service","surface":"sett","id":"way/1201552216"}},{"type":"Feature","id":"way/1208830616","geometry":{"type":"LineString","coordinates":[[2.3656593,48.8561342],[2.3656634,48.856144]]},"properties":{"highway":"footway","name":"Place des Vosges","surface":"compacted","id":"way/1208830616"}},{"type":"Feature","id":"way/1208830631","geometry":{"type":"LineString","coordinates":[[2.3625155,48.8571034],[2.3625046,48.8570903]]},"properties":{"highway":"steps","surface":"stone","id":"way/1208830631"}},{"type":"Feature","id":"way/1208830632","geometry":{"type":"LineString","coordinates":[[2.3626105,48.857234],[2.3626013,48.8572204]]},"properties":{"highway":"steps","surface":"stone","id":"way/1208830632"}},{"type":"Feature","id":"way/1208830633","geometry":{"type":"LineString","coordinates":[[2.362676,48.8571813],[2.3625909,48.8572049]]},"properties":{"highway":"footway","surface":"sett","id":"way/1208830633"}},{"type":"Feature","id":"way/1208830634","geometry":{"type":"LineString","coordinates":[[2.3626917,48.8571205],[2.3626171,48.8571129],[2.3625396,48.8571358]]},"properties":{"highway":"footway","surface":"sett","id":"way/1208830634"}},{"type":"Feature","id":"way/1208830635","geometry":{"type":"LineString","coordinates":[[2.3626013,48.8572204],[2.3625909,48.8572049],[2.3625396,48.8571358],[2.3625155,48.8571034]]},"properties":{"highway":"footway","surface":"sett","id":"way/1208830635"}},{"type":"Feature","id":"way/1208830636","geometry":{"type":"LineString","coordinates":[[2.3617565,48.8569254],[2.3616636,48.8568049]]},"properties":{"highway":"footway","id":"way/1208830636"}},{"type":"Feature","id":"way/1208830637","geometry":{"type":"LineString","coordinates":[[2.3617746,48.8569488],[2.3617565,48.8569254]]},"properties":{"highway":"steps","id":"way/1208830637"}},{"type":"Feature","id":"way/1208830638","geometry":{"type":"LineString","coordinates":[[2.3618255,48.8570212],[2.3617746,48.8569488]]},"properties":{"highway":"footway","id":"way/1208830638"}},{"type":"Feature","id":"way/1208830639","geometry":{"type":"LineString","coordinates":[[2.3616851,48.8570706],[2.3618255,48.8570212],[2.3618533,48.8570114]]},"properties":{"highway":"service","id":"way/1208830639"}},{"type":"Feature","id":"way/1208830640","geometry":{"type":"LineString","coordinates":[[2.361637,48.8570885],[2.3616689,48.857077],[2.3616851,48.8570706]]},"properties":{"highway":"service","id":"way/1208830640"}},{"type":"Feature","id":"way/1217897954","geometry":{"type":"LineString","coordinates":[[2.3669502,48.8576623],[2.3669757,48.8577319]]},"properties":{"highway":"footway","name":"Allée Arnaud Beltrame","surface":"paving_stones","id":"way/1217897954"}},{"type":"Feature","id":"way/1217897955","geometry":{"type":"LineString","coordinates":[[2.3669076,48.8575458],[2.3669167,48.8575705]]},"properties":{"highway":"footway","name":"Allée Arnaud Beltrame","surface":"paving_stones","id":"way/1217897955"}},{"type":"Feature","id":"way/1226909631","geometry":{"type":"LineString","coordinates":[[2.3621503,48.8571579],[2.3621755,48.8571949]]},"properties":{"highway":"service","id":"way/1226909631"}},{"type":"Feature","id":"way/1226909632","geometry":{"type":"LineString","coordinates":[[2.3621289,48.8571274],[2.3621456,48.8571516],[2.3621503,48.8571579]]},"properties":{"highway":"service","id":"way/1226909632"}},{"type":"Feature","id":"way/1237884698","geometry":{"type":"LineString","coordinates":[[2.3637866,48.8580736],[2.3637995,48.8580696]]},"properties":{"highway":"footway","id":"way/1237884698"}},{"type":"Feature","id":"way/1237884699","geometry":{"type":"LineString","coordinates":[[2.3637825,48.8580749],[2.3637866,48.8580736]]},"properties":{"highway":"steps","id":"way/1237884699"}},{"type":"Feature","id":"way/1237884700","geometry":{"type":"LineString","coordinates":[[2.3637301,48.8580912],[2.3637825,48.8580749]]},"properties":{"highway":"footway","id":"way/1237884700"}},{"type":"Feature","id":"way/1245316345","geometry":{"type":"LineString","coordinates":[[2.3682698,48.8533661],[2.3683713,48.8533677],[2.3683767,48.8533787]]},"properties":{"highway":"footway","surface":"asphalt","id":"way/1245316345"}},{"type":"Feature","id":"way/1245316347","geometry":{"type":"LineString","coordinates":[[2.3682581,48.8574145],[2.3682684,48.857371]]},"properties":{"highway":"steps","surface":"asphalt","id":"way/1245316347"}},{"type":"Feature","id":"way/1245316348","geometry":{"type":"LineString","coordinates":[[2.3682684,48.857371],[2.3682709,48.8573618],[2.3683128,48.857366]]},"properties":{"highway":"footway","surface":"asphalt","id":"way/1245316348"}},{"type":"Feature","id":"way/1245316349","geometry":{"type":"LineString","coordinates":[[2.3678823,48.8574838],[2.3679375,48.8574903],[2.3679391,48.8574847]]},"properties":{"highway":"footway","surface":"asphalt","id":"way/1245316349"}},{"type":"Feature","id":"way/1273950111","geometry":{"type":"LineString","coordinates":[[2.3680679,48.8575873],[2.3680506,48.8576598],[2.3680332,48.8577232]]},"properties":{"highway":"primary","lanes":"4","name":"Boulevard Beaumarchais","surface":"asphalt","id":"way/1273950111"}},{"type":"Feature","id":"way/1273950117","geometry":{"type":"LineString","coordinates":[[2.3682166,48.8577383],[2.3681468,48.8577325]]},"properties":{"highway":"footway","surface":"asphalt","id":"way/1273950117"}},{"type":"Feature","id":"way/1286263233","geometry":{"type":"LineString","coordinates":[[2.3616767,48.855095],[2.3615537,48.8551111]]},"properties":{"highway":"cycleway","lanes":"2","name":"Rue de Rivoli","surface":"asphalt","id":"way/1286263233"}},{"type":"Feature","id":"way/1290521922","geometry":{"type":"LineString","coordinates":[[2.3682555,48.8538042],[2.3685501,48.853742]]},"properties":{"highway":"footway","name":"Rue de la Bastille","surface":"asphalt","id":"way/1290521922"}},{"type":"Feature","id":"way/1293139985","geometry":{"type":"LineString","coordinates":[[2.3615179,48.8567522],[2.3616079,48.8567279]]},"properties":{"highway":"service","id":"way/1293139985"}},{"type":"Feature","id":"way/1293139987","geometry":{"type":"LineString","coordinates":[[2.3616079,48.8567279],[2.3617528,48.856662],[2.3617391,48.8565723]]},"properties":{"highway":"service","id":"way/1293139987"}},{"type":"Feature","id":"way/1315215203","geometry":{"type":"LineString","coordinates":[[2.3637301,48.8580912],[2.3637202,48.8580937]]},"properties":{"highway":"footway","id":"way/1315215203"}},{"type":"Feature","id":"way/1318222411","geometry":{"type":"LineString","coordinates":[[2.3626538,48.858005],[2.3626485,48.8580166],[2.3626485,48.8580286],[2.3626539,48.8580402],[2.3626639,48.8580501],[2.3626778,48.8580577],[2.3626944,48.8580625],[2.3627124,48.8580638],[2.3627302,48.8580618],[2.3627484,48.8580555],[2.3627626,48.8580457],[2.3627712,48.8580335],[2.3627733,48.85802],[2.3627687,48.8580068],[2.3627572,48.8579948],[2.3627402,48.8579861],[2.3627197,48.8579817],[2.3626981,48.8579821],[2.362678,48.8579873],[2.3626639,48.857995],[2.3626538,48.858005]]},"properties":{"highway":"footway","id":"way/1318222411"}},{"type":"Feature","id":"way/1318222412","geometry":{"type":"LineString","coordinates":[[2.3624546,48.8580936],[2.3625667,48.858067]]},"properties":{"highway":"footway","id":"way/1318222412"}},{"type":"Feature","id":"way/1318222413","geometry":{"type":"LineString","coordinates":[[2.3628483,48.8579814],[2.362827,48.8579575],[2.3627968,48.8579382],[2.3627599,48.857925],[2.3627189,48.8579188],[2.3626768,48.8579201],[2.3626368,48.8579287],[2.3625966,48.8579473],[2.3625673,48.8579733],[2.3625517,48.8580039],[2.3625515,48.8580363],[2.3625667,48.858067]]},"properties":{"highway":"footway","id":"way/1318222413"}},{"type":"Feature","id":"way/1318222415","geometry":{"type":"LineString","coordinates":[[2.3627302,48.8580618],[2.3627707,48.858113]]},"properties":{"highway":"steps","id":"way/1318222415"}},{"type":"Feature","id":"way/1318222416","geometry":{"type":"LineString","coordinates":[[2.3627687,48.8580068],[2.3628483,48.8579814]]},"properties":{"highway":"steps","id":"way/1318222416"}},{"type":"Feature","id":"way/1318222417","geometry":{"type":"LineString","coordinates":[[2.362678,48.8579873],[2.3626368,48.8579287]]},"properties":{"highway":"steps","id":"way/1318222417"}},{"type":"Feature","id":"way/1318222418","geometry":{"type":"LineString","coordinates":[[2.3625667,48.858067],[2.3625946,48.8580923],[2.3626327,48.8581109],[2.3626777,48.858121],[2.3627251,48.8581217],[2.3627707,48.858113],[2.3628099,48.8580957],[2.3628394,48.8580715],[2.3628564,48.8580425],[2.3628595,48.8580115],[2.3628483,48.8579814]]},"properties":{"highway":"footway","id":"way/1318222418"}},{"type":"Feature","id":"way/1318222419","geometry":{"type":"LineString","coordinates":[[2.3625667,48.858067],[2.3626539,48.8580402]]},"properties":{"highway":"steps","id":"way/1318222419"}},{"type":"Feature","id":"way/1318222420","geometry":{"type":"LineString","coordinates":[[2.3626148,48.8553023],[2.362763,48.8555226],[2.3628823,48.8554906],[2.3630194,48.8554537],[2.362874,48.855229]]},"properties":{"highway":"pedestrian","name":"Place du Marché Sainte-Catherine","surface":"sett","id":"way/1318222420"}},{"type":"Feature","id":"way/1318222422","geometry":{"type":"LineString","coordinates":[[2.3629084,48.8555317],[2.3628823,48.8554906],[2.3627444,48.8552658]]},"properties":{"highway":"pedestrian","name":"Place du Marché Sainte-Catherine","surface":"sett","id":"way/1318222422"}},{"type":"Feature","id":"way/1318222423","geometry":{"type":"LineString","coordinates":[[2.3624458,48.8580959],[2.3624546,48.8580936]]},"properties":{"highway":"footway","id":"way/1318222423"}},{"type":"Feature","id":"way/1327965462","geometry":{"type":"LineString","coordinates":[[2.3627163,48.8546125],[2.3626692,48.8546326]]},"properties":{"highway":"cycleway","name":"Rue Saint-Antoine","surface":"asphalt","id":"way/1327965462"}},{"type":"Feature","id":"way/1327965463","geometry":{"type":"LineString","coordinates":[[2.3627691,48.8545918],[2.3627163,48.8546125]]},"properties":{"highway":"cycleway","name":"Rue Saint-Antoine","surface":"asphalt","id":"way/1327965463"}},{"type":"Feature","id":"way/1366517468","geometry":{"type":"LineString","coordinates":[[2.3648175,48.8563834],[2.3648187,48.8563906]]},"properties":{"highway":"footway","surface":"asphalt","id":"way/1366517468"}},{"type":"Feature","id":"way/1366517975","geometry":{"type":"LineString","coordinates":[[2.3636847,48.8543827],[2.3636954,48.8544026]]},"properties":{"highway":"footway","surface":"paving_stones","id":"way/1366517975"}},{"type":"Feature","id":"way/1366517976","geometry":{"type":"LineString","coordinates":[[2.3636357,48.8543982],[2.3636847,48.8543827]]},"properties":{"highway":"footway","surface":"paving_stones","id":"way/1366517976"}},{"type":"Feature","id":"way/1366518668","geometry":{"type":"LineString","coordinates":[[2.3615884,48.8548462],[2.3615785,48.8548246],[2.3616935,48.8547884],[2.3615503,48.854585],[2.3615985,48.854569]]},"properties":{"highway":"footway","surface":"paving_stones","id":"way/1366518668"}},{"type":"Feature","id":"way/1366518669","geometry":{"type":"LineString","coordinates":[[2.3617007,48.8547969],[2.3616935,48.8547884]]},"properties":{"highway":"footway","id":"way/1366518669"}},{"type":"Feature","id":"way/1366519234","geometry":{"type":"LineString","coordinates":[[2.3612654,48.8538847],[2.3612177,48.8538106],[2.3615945,48.8536848],[2.3616587,48.8536634]]},"properties":{"highway":"footway","id":"way/1366519234"}},{"type":"Feature","id":"way/1394917729","geometry":{"type":"LineString","coordinates":[[2.368386,48.8530816],[2.368341,48.8529877],[2.3683174,48.8529717],[2.3681884,48.8529368],[2.3680728,48.8529025],[2.3673929,48.852701],[2.367019,48.8525774],[2.3668091,48.8525191],[2.3662442,48.852346],[2.3659678,48.8522572],[2.3655371,48.8521297],[2.3655049,48.8521202],[2.3653997,48.8520892]]},"properties":{"highway":"cycleway","name":"Boulevard Henri IV","surface":"asphalt","id":"way/1394917729"}},{"type":"Feature","id":"way/1425020058","geometry":{"type":"LineString","coordinates":[[2.3684323,48.8531784],[2.3684113,48.8531345],[2.368386,48.8530816]]},"properties":{"highway":"cycleway","name":"Boulevard Henri IV","surface":"asphalt","id":"way/1425020058"}},{"type":"Feature","id":"way/1425020059","geometry":{"type":"LineString","coordinates":[[2.3685084,48.8530545],[2.368386,48.8530816]]},"properties":{"highway":"cycleway","name":"Place de la Bastille","surface":"asphalt","id":"way/1425020059"}},{"type":"Feature","id":"way/1429532164","geometry":{"type":"LineString","coordinates":[[2.36495,48.853799],[2.3647112,48.8538599],[2.3646589,48.8538262]]},"properties":{"highway":"footway","surface":"asphalt","id":"way/1429532164"}},{"type":"Feature","id":"way/1447829068","geometry":{"type":"LineString","coordinates":[[2.3679498,48.85744],[2.367954,48.8574115],[2.3681217,48.857428],[2.3682516,48.8574408],[2.3682581,48.8574145]]},"properties":{"highway":"footway","id":"way/1447829068"}},{"type":"Feature","id":"way/1447829069","geometry":{"type":"LineString","coordinates":[[2.3681217,48.857428],[2.3681431,48.857339]]},"properties":{"highway":"footway","id":"way/1447829069"}},{"type":"Feature","id":"way/1447967554","geometry":{"type":"LineString","coordinates":[[2.3683992,48.8534262],[2.3685053,48.8536124],[2.3688036,48.8535628],[2.3689271,48.8538595],[2.369041,48.8541619],[2.3690312,48.8542111]]},"properties":{"highway":"footway","id":"way/1447967554"}},{"type":"Feature","id":"way/1460541327","geometry":{"type":"LineString","coordinates":[[2.3683392,48.8564544],[2.3683024,48.8566086],[2.368236,48.8568863],[2.3682239,48.8569397]]},"properties":{"highway":"primary","lanes":"4","name":"Boulevard Beaumarchais","surface":"asphalt","id":"way/1460541327"}},{"type":"Feature","id":"way/1460541328","geometry":{"type":"LineString","coordinates":[[2.3680332,48.8577232],[2.3680016,48.8578373],[2.3679812,48.857916]]},"properties":{"highway":"primary","lanes":"4","name":"Boulevard Beaumarchais","surface":"asphalt","id":"way/1460541328"}},{"type":"Feature","id":"way/1463069984","geometry":{"type":"LineString","coordinates":[[2.3616767,48.855095],[2.3615728,48.8551375],[2.3611453,48.8552391]]},"properties":{"highway":"residential","name":"Rue de Rivoli","surface":"asphalt","id":"way/1463069984"}},{"type":"Feature","id":"way/1496601652","geometry":{"type":"LineString","coordinates":[[2.3682239,48.8569397],[2.3684061,48.8569488],[2.3687828,48.8570697],[2.3688565,48.8571169]]},"properties":{"highway":"cycleway","name":"Rue du Chemin Vert","surface":"asphalt","id":"way/1496601652"}},{"type":"Feature","id":"way/1522639274","geometry":{"type":"LineString","coordinates":[[2.3652155,48.853736],[2.3652465,48.8537808]]},"properties":{"highway":"footway","surface":"paving_stones","id":"way/1522639274"}},{"type":"Feature","id":"node/703870928","geometry":{"type":"Point","coordinates":[2.3636954,48.8544026]},"properties":{"id":"node/703870928"}},{"type":"Feature","id":"node/2358380286","geometry":{"type":"Point","coordinates":[2.3653081,48.8560681]},"properties":{"leaf_type":"broadleaved","natural":"tree","id":"node/2358380286"}},{"type":"Feature","id":"node/2358380287","geometry":{"type":"Point","coordinates":[2.3650464,48.855928]},"properties":{"leaf_type":"broadleaved","natural":"tree","id":"node/2358380287"}},{"type":"Feature","id":"node/2358380288","geometry":{"type":"Point","coordinates":[2.3649942,48.8561623]},"properties":{"leaf_type":"broadleaved","natural":"tree","id":"node/2358380288"}},{"type":"Feature","id":"node/2358380289","geometry":{"type":"Point","coordinates":[2.365392,48.8561032]},"properties":{"leaf_type":"broadleaved","natural":"tree","id":"node/2358380289"}},{"type":"Feature","id":"node/2358380290","geometry":{"type":"Point","coordinates":[2.3652618,48.8561226]},"properties":{"leaf_type":"broadleaved","natural":"tree","id":"node/2358380290"}},{"type":"Feature","id":"node/2358380291","geometry":{"type":"Point","coordinates":[2.3651271,48.8561426]},"properties":{"leaf_type":"broadleaved","natural":"tree","id":"node/2358380291"}},{"type":"Feature","id":"node/2358380292","geometry":{"type":"Point","coordinates":[2.3650294,48.8560679]},"properties":{"leaf_type":"broadleaved","natural":"tree","id":"node/2358380292"}},{"type":"Feature","id":"node/2358380293","geometry":{"type":"Point","coordinates":[2.3649104,48.855943]},"properties":{"leaf_type":"broadleaved","natural":"tree","id":"node/2358380293"}},{"type":"Feature","id":"node/2358380294","geometry":{"type":"Point","coordinates":[2.3648929,48.8558971]},"properties":{"leaf_type":"broadleaved","natural":"tree","id":"node/2358380294"}},{"type":"Feature","id":"node/2358380295","geometry":{"type":"Point","coordinates":[2.3656704,48.8556854]},"properties":{"leaf_type":"broadleaved","natural":"tree","id":"node/2358380295"}},{"type":"Feature","id":"node/2358380296","geometry":{"type":"Point","coordinates":[2.3649267,48.855802]},"properties":{"leaf_type":"broadleaved","natural":"tree","id":"node/2358380296"}},{"type":"Feature","id":"node/2358380297","geometry":{"type":"Point","coordinates":[2.3650954,48.8560585]},"properties":{"leaf_type":"broadleaved","natural":"tree","id":"node/2358380297"}},{"type":"Feature","id":"node/2358380298","geometry":{"type":"Point","coordinates":[2.3650116,48.8558356]},"properties":{"leaf_type":"broadleaved","natural":"tree","id":"node/2358380298"}},{"type":"Feature","id":"node/2358380299","geometry":{"type":"Point","coordinates":[2.36486,48.855811]},"properties":{"leaf_type":"broadleaved","natural":"tree","id":"node/2358380299"}},{"type":"Feature","id":"node/2358380300","geometry":{"type":"Point","coordinates":[2.3651431,48.8561855]},"properties":{"leaf_type":"broadleaved","natural":"tree","id":"node/2358380300"}},{"type":"Feature","id":"node/2358380301","geometry":{"type":"Point","coordinates":[2.36551,48.8560358]},"properties":{"leaf_type":"broadleaved","natural":"tree","id":"node/2358380301"}},{"type":"Feature","id":"node/2358380302","geometry":{"type":"Point","coordinates":[2.3653671,48.8555236]},"properties":{"leaf_type":"broadleaved","natural":"tree","id":"node/2358380302"}},{"type":"Feature","id":"node/2358380303","geometry":{"type":"Point","coordinates":[2.3655367,48.8561213]},"properties":{"leaf_type":"broadleaved","natural":"tree","id":"node/2358380303"}},{"type":"Feature","id":"node/2358380304","geometry":{"type":"Point","coordinates":[2.3653264,48.856113]},"properties":{"leaf_type":"broadleaved","natural":"tree","id":"node/2358380304"}},{"type":"Feature","id":"node/2358380305","geometry":{"type":"Point","coordinates":[2.3651765,48.8560892]},"properties":{"leaf_type":"broadleaved","natural":"tree","id":"node/2358380305"}},{"type":"Feature","id":"node/2358380306","geometry":{"type":"Point","coordinates":[2.3650799,48.8560173]},"properties":{"leaf_type":"broadleaved","natural":"tree","id":"node/2358380306"}},{"type":"Feature","id":"node/2358380307","geometry":{"type":"Point","coordinates":[2.3649956,48.8557928]},"properties":{"leaf_type":"broadleaved","natural":"tree","id":"node/2358380307"}},{"type":"Feature","id":"node/2358380308","geometry":{"type":"Point","coordinates":[2.364943,48.8558442]},"properties":{"leaf_type":"broadleaved","natural":"tree","id":"node/2358380308"}},{"type":"Feature","id":"node/2358380309","geometry":{"type":"Point","coordinates":[2.3650458,48.8561101]},"properties":{"leaf_type":"broadleaved","natural":"tree","id":"node/2358380309"}},{"type":"Feature","id":"node/2358380310","geometry":{"type":"Point","coordinates":[2.3651953,48.8561324]},"properties":{"leaf_type":"broadleaved","natural":"tree","id":"node/2358380310"}},{"type":"Feature","id":"node/2358380311","geometry":{"type":"Point","coordinates":[2.3648759,48.8558527]},"properties":{"leaf_type":"broadleaved","natural":"tree","id":"node/2358380311"}},{"type":"Feature","id":"node/2358380312","geometry":{"type":"Point","coordinates":[2.3649949,48.8559785]},"properties":{"leaf_type":"broadleaved","natural":"tree","id":"node/2358380312"}},{"type":"Feature","id":"node/2358380313","geometry":{"type":"Point","coordinates":[2.36496,48.8558883]},"properties":{"leaf_type":"broadleaved","natural":"tree","id":"node/2358380313"}},{"type":"Feature","id":"node/2358380314","geometry":{"type":"Point","coordinates":[2.3650128,48.8560249]},"properties":{"leaf_type":"broadleaved","natural":"tree","id":"node/2358380314"}},{"type":"Feature","id":"node/2358380315","geometry":{"type":"Point","coordinates":[2.3653426,48.856153]},"properties":{"leaf_type":"broadleaved","natural":"tree","id":"node/2358380315"}},{"type":"Feature","id":"node/2358380316","geometry":{"type":"Point","coordinates":[2.3654728,48.8561317]},"properties":{"leaf_type":"broadleaved","natural":"tree","id":"node/2358380316"}},{"type":"Feature","id":"node/2358380317","geometry":{"type":"Point","coordinates":[2.3653751,48.8560574]},"properties":{"leaf_type":"broadleaved","natural":"tree","id":"node/2358380317"}},{"type":"Feature","id":"node/2358380318","geometry":{"type":"Point","coordinates":[2.3652441,48.8560784]},"properties":{"leaf_type":"broadleaved","natural":"tree","id":"node/2358380318"}},{"type":"Feature","id":"node/2358380319","geometry":{"type":"Point","coordinates":[2.3653895,48.8556143]},"properties":{"leaf_type":"broadleaved","natural":"tree","id":"node/2358380319"}},{"type":"Feature","id":"node/2358380320","geometry":{"type":"Point","coordinates":[2.365539,48.8555188]},"properties":{"leaf_type":"broadleaved","natural":"tree","id":"node/2358380320"}},{"type":"Feature","id":"node/2358380321","geometry":{"type":"Point","coordinates":[2.3649784,48.8561209]},"properties":{"leaf_type":"broadleaved","natural":"tree","id":"node/2358380321"}},{"type":"Feature","id":"node/2358380322","geometry":{"type":"Point","coordinates":[2.3656517,48.8555575]},"properties":{"leaf_type":"broadleaved","natural":"tree","id":"node/2358380322"}},{"type":"Feature","id":"node/2358380323","geometry":{"type":"Point","coordinates":[2.3652773,48.8561636]},"properties":{"leaf_type":"broadleaved","natural":"tree","id":"node/2358380323"}},{"type":"Feature","id":"node/2358380324","geometry":{"type":"Point","coordinates":[2.3654063,48.8561426]},"properties":{"leaf_type":"broadleaved","natural":"tree","id":"node/2358380324"}},{"type":"Feature","id":"node/2358380325","geometry":{"type":"Point","coordinates":[2.3650789,48.8561959]},"properties":{"leaf_type":"broadleaved","natural":"tree","id":"node/2358380325"}},{"type":"Feature","id":"node/2358380326","geometry":{"type":"Point","coordinates":[2.3650625,48.8559708]},"properties":{"leaf_type":"broadleaved","natural":"tree","id":"node/2358380326"}},{"type":"Feature","id":"node/2358380327","geometry":{"type":"Point","coordinates":[2.3649618,48.8560775]},"properties":{"leaf_type":"broadleaved","natural":"tree","id":"node/2358380327"}},{"type":"Feature","id":"node/2358380328","geometry":{"type":"Point","coordinates":[2.3651109,48.8560997]},"properties":{"leaf_type":"broadleaved","natural":"tree","id":"node/2358380328"}},{"type":"Feature","id":"node/2358380329","geometry":{"type":"Point","coordinates":[2.364927,48.8559863]},"properties":{"leaf_type":"broadleaved","natural":"tree","id":"node/2358380329"}},{"type":"Feature","id":"node/2358380330","geometry":{"type":"Point","coordinates":[2.3653358,48.8556902]},"properties":{"leaf_type":"broadleaved","natural":"tree","id":"node/2358380330"}},{"type":"Feature","id":"node/2358380331","geometry":{"type":"Point","coordinates":[2.3650281,48.8558793]},"properties":{"leaf_type":"broadleaved","natural":"tree","id":"node/2358380331"}},{"type":"Feature","id":"node/2358380332","geometry":{"type":"Point","coordinates":[2.3655246,48.8560835]},"properties":{"leaf_type":"broadleaved","natural":"tree","id":"node/2358380332"}},{"type":"Feature","id":"node/2358380333","geometry":{"type":"Point","coordinates":[2.3650622,48.8561522]},"properties":{"leaf_type":"broadleaved","natural":"tree","id":"node/2358380333"}},{"type":"Feature","id":"node/2358380334","geometry":{"type":"Point","coordinates":[2.3654418,48.8560467]},"properties":{"leaf_type":"broadleaved","natural":"tree","id":"node/2358380334"}},{"type":"Feature","id":"node/2358380335","geometry":{"type":"Point","coordinates":[2.3649447,48.8560326]},"properties":{"leaf_type":"broadleaved","natural":"tree","id":"node/2358380335"}},{"type":"Feature","id":"node/2358380336","geometry":{"type":"Point","coordinates":[2.3655551,48.855718]},"properties":{"leaf_type":"broadleaved","natural":"tree","id":"node/2358380336"}},{"type":"Feature","id":"node/2358380337","geometry":{"type":"Point","coordinates":[2.3652103,48.8561745]},"properties":{"leaf_type":"broadleaved","natural":"tree","id":"node/2358380337"}},{"type":"Feature","id":"node/2358380338","geometry":{"type":"Point","coordinates":[2.3649783,48.8559355]},"properties":{"leaf_type":"broadleaved","natural":"tree","id":"node/2358380338"}},{"type":"Feature","id":"node/2358798694","geometry":{"type":"Point","coordinates":[2.3623133,48.8568088]},"properties":{"leaf_type":"broadleaved","natural":"tree","id":"node/2358798694"}},{"type":"Feature","id":"node/2358798702","geometry":{"type":"Point","coordinates":[2.3623572,48.8568716]},"properties":{"leaf_type":"broadleaved","natural":"tree","id":"node/2358798702"}},{"type":"Feature","id":"node/2358798703","geometry":{"type":"Point","coordinates":[2.3620695,48.8567578]},"properties":{"leaf_type":"broadleaved","natural":"tree","id":"node/2358798703"}},{"type":"Feature","id":"node/2358798708","geometry":{"type":"Point","coordinates":[2.3622389,48.8567031]},"properties":{"leaf_type":"broadleaved","natural":"tree","id":"node/2358798708"}},{"type":"Feature","id":"node/2358798712","geometry":{"type":"Point","coordinates":[2.3623335,48.8568376]},"properties":{"leaf_type":"broadleaved","natural":"tree","id":"node/2358798712"}},{"type":"Feature","id":"node/2358955085","geometry":{"type":"Point","coordinates":[2.366128,48.85516]},"properties":{"leaf_type":"broadleaved","natural":"tree","id":"node/2358955085"}},{"type":"Feature","id":"node/2358955090","geometry":{"type":"Point","coordinates":[2.3659935,48.8551801]},"properties":{"leaf_type":"broadleaved","natural":"tree","id":"node/2358955090"}},{"type":"Feature","id":"node/2358955096","geometry":{"type":"Point","coordinates":[2.3647128,48.85544]},"properties":{"leaf_type":"broadleaved","natural":"tree","id":"node/2358955096"}},{"type":"Feature","id":"node/2358955100","geometry":{"type":"Point","coordinates":[2.3648173,48.85552]},"properties":{"leaf_type":"broadleaved","natural":"tree","id":"node/2358955100"}},{"type":"Feature","id":"node/2358955106","geometry":{"type":"Point","coordinates":[2.3660626,48.8551698]},"properties":{"leaf_type":"broadleaved","natural":"tree","id":"node/2358955106"}},{"type":"Feature","id":"node/2358955112","geometry":{"type":"Point","coordinates":[2.3656356,48.8554745]},"properties":{"leaf_type":"broadleaved","natural":"tree","id":"node/2358955112"}},{"type":"Feature","id":"node/2358955116","geometry":{"type":"Point","coordinates":[2.3648847,48.8555107]},"properties":{"leaf_type":"broadleaved","natural":"tree","id":"node/2358955116"}},{"type":"Feature","id":"node/2358955122","geometry":{"type":"Point","coordinates":[2.3661112,48.8551174]},"properties":{"leaf_type":"broadleaved","natural":"tree","id":"node/2358955122"}},{"type":"Feature","id":"node/2358955127","geometry":{"type":"Point","coordinates":[2.3660598,48.8553542]},"properties":{"leaf_type":"broadleaved","natural":"tree","id":"node/2358955127"}},{"type":"Feature","id":"node/2358955132","geometry":{"type":"Point","coordinates":[2.3660923,48.8554392]},"properties":{"leaf_type":"broadleaved","natural":"tree","id":"node/2358955132"}},{"type":"Feature","id":"node/2358955136","geometry":{"type":"Point","coordinates":[2.3660754,48.8553949]},"properties":{"leaf_type":"broadleaved","natural":"tree","id":"node/2358955136"}},{"type":"Feature","id":"node/2358955139","geometry":{"type":"Point","coordinates":[2.3650129,48.8553015]},"properties":{"leaf_type":"broadleaved","natural":"tree","id":"node/2358955139"}},{"type":"Feature","id":"node/2358955143","geometry":{"type":"Point","coordinates":[2.3660935,48.8550722]},"properties":{"leaf_type":"broadleaved","natural":"tree","id":"node/2358955143"}},{"type":"Feature","id":"node/2358955148","geometry":{"type":"Point","coordinates":[2.3648016,48.8552936]},"properties":{"leaf_type":"broadleaved","natural":"tree","id":"node/2358955148"}},{"type":"Feature","id":"node/2358955151","geometry":{"type":"Point","coordinates":[2.3661598,48.8554294]},"properties":{"leaf_type":"broadleaved","natural":"tree","id":"node/2358955151"}},{"type":"Feature","id":"node/2358955155","geometry":{"type":"Point","coordinates":[2.3649934,48.8552588]},"properties":{"leaf_type":"broadleaved","natural":"tree","id":"node/2358955155"}},{"type":"Feature","id":"node/2358955159","geometry":{"type":"Point","coordinates":[2.3661967,48.8553353]},"properties":{"leaf_type":"broadleaved","natural":"tree","id":"node/2358955159"}},{"type":"Feature","id":"node/2358955163","geometry":{"type":"Point","coordinates":[2.3655669,48.8551606]},"properties":{"leaf_type":"broadleaved","natural":"tree","id":"node/2358955163"}},{"type":"Feature","id":"node/2358955166","geometry":{"type":"Point","coordinates":[2.3661792,48.8552906]},"properties":{"leaf_type":"broadleaved","natural":"tree","id":"node/2358955166"}},{"type":"Feature","id":"node/2358955168","geometry":{"type":"Point","coordinates":[2.3648029,48.8554804]},"properties":{"leaf_type":"broadleaved","natural":"tree","id":"node/2358955168"}},{"type":"Feature","id":"node/2358955170","geometry":{"type":"Point","coordinates":[2.3660468,48.8551277]},"properties":{"leaf_type":"broadleaved","natural":"tree","id":"node/2358955170"}},{"type":"Feature","id":"node/2358955172","geometry":{"type":"Point","coordinates":[2.3657941,48.8555952]},"properties":{"leaf_type":"broadleaved","natural":"tree","id":"node/2358955172"}},{"type":"Feature","id":"node/2358955175","geometry":{"type":"Point","coordinates":[2.3648678,48.8552816]},"properties":{"leaf_type":"broadleaved","natural":"tree","id":"node/2358955175"}},{"type":"Feature","id":"node/2358955177","geometry":{"type":"Point","coordinates":[2.3648843,48.8553229]},"properties":{"leaf_type":"broadleaved","natural":"tree","id":"node/2358955177"}},{"type":"Feature","id":"node/2358955179","geometry":{"type":"Point","coordinates":[2.3659777,48.8551387]},"properties":{"leaf_type":"broadleaved","natural":"tree","id":"node/2358955179"}},{"type":"Feature","id":"node/2358955181","geometry":{"type":"Point","coordinates":[2.3654408,48.8554861]},"properties":{"leaf_type":"broadleaved","natural":"tree","id":"node/2358955181"}},{"type":"Feature","id":"node/2358955183","geometry":{"type":"Point","coordinates":[2.3656985,48.8551385]},"properties":{"leaf_type":"broadleaved","natural":"tree","id":"node/2358955183"}},{"type":"Feature","id":"node/2358955186","geometry":{"type":"Point","coordinates":[2.3661428,48.855198]},"properties":{"leaf_type":"broadleaved","natural":"tree","id":"node/2358955186"}},{"type":"Feature","id":"node/2358955190","geometry":{"type":"Point","coordinates":[2.3655505,48.8551154]},"properties":{"leaf_type":"broadleaved","natural":"tree","id":"node/2358955190"}},{"type":"Feature","id":"node/2358955193","geometry":{"type":"Point","coordinates":[2.3646977,48.8554002]},"properties":{"leaf_type":"broadleaved","natural":"tree","id":"node/2358955193"}},{"type":"Feature","id":"node/2358955197","geometry":{"type":"Point","coordinates":[2.3650417,48.855203]},"properties":{"leaf_type":"broadleaved","natural":"tree","id":"node/2358955197"}},{"type":"Feature","id":"node/2358955200","geometry":{"type":"Point","coordinates":[2.3655819,48.8552019]},"properties":{"leaf_type":"broadleaved","natural":"tree","id":"node/2358955200"}},{"type":"Feature","id":"node/2358955204","geometry":{"type":"Point","coordinates":[2.3661112,48.8552996]},"properties":{"leaf_type":"broadleaved","natural":"tree","id":"node/2358955204"}},{"type":"Feature","id":"node/2358955209","geometry":{"type":"Point","coordinates":[2.3661627,48.8552484]},"properties":{"leaf_type":"broadleaved","natural":"tree","id":"node/2358955209"}},{"type":"Feature","id":"node/2358955212","geometry":{"type":"Point","coordinates":[2.364833,48.8553759]},"properties":{"leaf_type":"broadleaved","natural":"tree","id":"node/2358955212"}},{"type":"Feature","id":"node/2358955215","geometry":{"type":"Point","coordinates":[2.3648635,48.8556474]},"properties":{"leaf_type":"broadleaved","natural":"tree","id":"node/2358955215"}},{"type":"Feature","id":"node/2358955219","geometry":{"type":"Point","coordinates":[2.3660425,48.8553088]},"properties":{"leaf_type":"broadleaved","natural":"tree","id":"node/2358955219"}},{"type":"Feature","id":"node/2358955222","geometry":{"type":"Point","coordinates":[2.3660775,48.8552096]},"properties":{"leaf_type":"broadleaved","natural":"tree","id":"node/2358955222"}},{"type":"Feature","id":"node/2358955226","geometry":{"type":"Point","coordinates":[2.3649492,48.8553121]},"properties":{"leaf_type":"broadleaved","natural":"tree","id":"node/2358955226"}},{"type":"Feature","id":"node/2358955229","geometry":{"type":"Point","coordinates":[2.3660093,48.8552216]},"properties":{"leaf_type":"broadleaved","natural":"tree","id":"node/2358955229"}},{"type":"Feature","id":"node/2358955233","geometry":{"type":"Point","coordinates":[2.3648315,48.8555591]},"properties":{"leaf_type":"broadleaved","natural":"tree","id":"node/2358955233"}},{"type":"Feature","id":"node/2358955236","geometry":{"type":"Point","coordinates":[2.3658099,48.8550701]},"properties":{"leaf_type":"broadleaved","natural":"tree","id":"node/2358955236"}},{"type":"Feature","id":"node/2358955240","geometry":{"type":"Point","coordinates":[2.3648997,48.8555498]},"properties":{"leaf_type":"broadleaved","natural":"tree","id":"node/2358955240"}},{"type":"Feature","id":"node/2358955243","geometry":{"type":"Point","coordinates":[2.3651284,48.8552343]},"properties":{"leaf_type":"broadleaved","natural":"tree","id":"node/2358955243"}},{"type":"Feature","id":"node/2358955246","geometry":{"type":"Point","coordinates":[2.3657653,48.8551273]},"properties":{"leaf_type":"broadleaved","natural":"tree","id":"node/2358955246"}},{"type":"Feature","id":"node/2358955251","geometry":{"type":"Point","coordinates":[2.3648493,48.855236]},"properties":{"leaf_type":"broadleaved","natural":"tree","id":"node/2358955251"}},{"type":"Feature","id":"node/2358955255","geometry":{"type":"Point","coordinates":[2.3647951,48.8556575]},"properties":{"leaf_type":"broadleaved","natural":"tree","id":"node/2358955255"}},{"type":"Feature","id":"node/2358955258","geometry":{"type":"Point","coordinates":[2.3657476,48.855081]},"properties":{"leaf_type":"broadleaved","natural":"tree","id":"node/2358955258"}},{"type":"Feature","id":"node/2358955262","geometry":{"type":"Point","coordinates":[2.366012,48.8550347]},"properties":{"leaf_type":"broadleaved","natural":"tree","id":"node/2358955262"}},{"type":"Feature","id":"node/2358955265","geometry":{"type":"Point","coordinates":[2.3648698,48.8554717]},"properties":{"leaf_type":"broadleaved","natural":"tree","id":"node/2358955265"}},{"type":"Feature","id":"node/2358955269","geometry":{"type":"Point","coordinates":[2.3657816,48.85517]},"properties":{"leaf_type":"broadleaved","natural":"tree","id":"node/2358955269"}},{"type":"Feature","id":"node/2358955273","geometry":{"type":"Point","coordinates":[2.3647615,48.8555686]},"properties":{"leaf_type":"broadleaved","natural":"tree","id":"node/2358955273"}},{"type":"Feature","id":"node/2358955278","geometry":{"type":"Point","coordinates":[2.3659427,48.8550468]},"properties":{"leaf_type":"broadleaved","natural":"tree","id":"node/2358955278"}},{"type":"Feature","id":"node/2358955281","geometry":{"type":"Point","coordinates":[2.3647779,48.8556119]},"properties":{"leaf_type":"broadleaved","natural":"tree","id":"node/2358955281"}},{"type":"Feature","id":"node/2358955285","geometry":{"type":"Point","coordinates":[2.3656495,48.8551911]},"properties":{"leaf_type":"broadleaved","natural":"tree","id":"node/2358955285"}},{"type":"Feature","id":"node/2358955289","geometry":{"type":"Point","coordinates":[2.3658493,48.8551592]},"properties":{"leaf_type":"broadleaved","natural":"tree","id":"node/2358955289"}},{"type":"Feature","id":"node/2358955293","geometry":{"type":"Point","coordinates":[2.365681,48.8550926]},"properties":{"leaf_type":"broadleaved","natural":"tree","id":"node/2358955293"}},{"type":"Feature","id":"node/2358955297","geometry":{"type":"Point","coordinates":[2.3661281,48.8553447]},"properties":{"leaf_type":"broadleaved","natural":"tree","id":"node/2358955297"}},{"type":"Feature","id":"node/2358955300","geometry":{"type":"Point","coordinates":[2.3658303,48.8551164]},"properties":{"leaf_type":"broadleaved","natural":"tree","id":"node/2358955300"}},{"type":"Feature","id":"node/2358955304","geometry":{"type":"Point","coordinates":[2.3647537,48.8553445]},"properties":{"leaf_type":"broadleaved","natural":"tree","id":"node/2358955304"}},{"type":"Feature","id":"node/2358955307","geometry":{"type":"Point","coordinates":[2.3649302,48.8552703]},"properties":{"leaf_type":"broadleaved","natural":"tree","id":"node/2358955307"}},{"type":"Feature","id":"node/2358955312","geometry":{"type":"Point","coordinates":[2.3657145,48.8551807]},"properties":{"leaf_type":"broadleaved","natural":"tree","id":"node/2358955312"}},{"type":"Feature","id":"node/2358955314","geometry":{"type":"Point","coordinates":[2.3647467,48.8555297]},"properties":{"leaf_type":"broadleaved","natural":"tree","id":"node/2358955314"}},{"type":"Feature","id":"node/2358955318","geometry":{"type":"Point","coordinates":[2.3647394,48.8553049]},"properties":{"leaf_type":"broadleaved","natural":"tree","id":"node/2358955318"}},{"type":"Feature","id":"node/2358955321","geometry":{"type":"Point","coordinates":[2.365213,48.8552683]},"properties":{"leaf_type":"broadleaved","natural":"tree","id":"node/2358955321"}},{"type":"Feature","id":"node/2358955325","geometry":{"type":"Point","coordinates":[2.3646666,48.8553181]},"properties":{"leaf_type":"broadleaved","natural":"tree","id":"node/2358955325"}},{"type":"Feature","id":"node/2358955329","geometry":{"type":"Point","coordinates":[2.3651085,48.8551916]},"properties":{"leaf_type":"broadleaved","natural":"tree","id":"node/2358955329"}},{"type":"Feature","id":"node/2358955333","geometry":{"type":"Point","coordinates":[2.3659609,48.8550945]},"properties":{"leaf_type":"broadleaved","natural":"tree","id":"node/2358955333"}},{"type":"Feature","id":"node/2358955337","geometry":{"type":"Point","coordinates":[2.364785,48.8554309]},"properties":{"leaf_type":"broadleaved","natural":"tree","id":"node/2358955337"}},{"type":"Feature","id":"node/2358955340","geometry":{"type":"Point","coordinates":[2.3657006,48.8556317]},"properties":{"leaf_type":"broadleaved","natural":"tree","id":"node/2358955340"}},{"type":"Feature","id":"node/2358955344","geometry":{"type":"Point","coordinates":[2.3647316,48.8554897]},"properties":{"leaf_type":"broadleaved","natural":"tree","id":"node/2358955344"}},{"type":"Feature","id":"node/2358955346","geometry":{"type":"Point","coordinates":[2.3647692,48.8553874]},"properties":{"leaf_type":"broadleaved","natural":"tree","id":"node/2358955346"}},{"type":"Feature","id":"node/2358955349","geometry":{"type":"Point","coordinates":[2.3648509,48.8554225]},"properties":{"leaf_type":"broadleaved","natural":"tree","id":"node/2358955349"}},{"type":"Feature","id":"node/2358955353","geometry":{"type":"Point","coordinates":[2.3651491,48.8552789]},"properties":{"leaf_type":"broadleaved","natural":"tree","id":"node/2358955353"}},{"type":"Feature","id":"node/2358955356","geometry":{"type":"Point","coordinates":[2.364817,48.855334]},"properties":{"leaf_type":"broadleaved","natural":"tree","id":"node/2358955356"}},{"type":"Feature","id":"node/2358955360","geometry":{"type":"Point","coordinates":[2.3646812,48.8553566]},"properties":{"leaf_type":"broadleaved","natural":"tree","id":"node/2358955360"}},{"type":"Feature","id":"node/2358955363","geometry":{"type":"Point","coordinates":[2.3650811,48.8552902]},"properties":{"leaf_type":"broadleaved","natural":"tree","id":"node/2358955363"}},{"type":"Feature","id":"node/2358955365","geometry":{"type":"Point","coordinates":[2.3649733,48.8552147]},"properties":{"leaf_type":"broadleaved","natural":"tree","id":"node/2358955365"}},{"type":"Feature","id":"node/2358955368","geometry":{"type":"Point","coordinates":[2.3657452,48.855661]},"properties":{"leaf_type":"broadleaved","natural":"tree","id":"node/2358955368"}},{"type":"Feature","id":"node/2358955372","geometry":{"type":"Point","coordinates":[2.364847,48.8556019]},"properties":{"leaf_type":"broadleaved","natural":"tree","id":"node/2358955372"}},{"type":"Feature","id":"node/2358955375","geometry":{"type":"Point","coordinates":[2.3656341,48.8551493]},"properties":{"leaf_type":"broadleaved","natural":"tree","id":"node/2358955375"}},{"type":"Feature","id":"node/2358955379","geometry":{"type":"Point","coordinates":[2.366027,48.8552681]},"properties":{"leaf_type":"broadleaved","natural":"tree","id":"node/2358955379"}},{"type":"Feature","id":"node/2358955382","geometry":{"type":"Point","coordinates":[2.3650613,48.8552465]},"properties":{"leaf_type":"broadleaved","natural":"tree","id":"node/2358955382"}},{"type":"Feature","id":"node/2358955386","geometry":{"type":"Point","coordinates":[2.3657073,48.8555046]},"properties":{"leaf_type":"broadleaved","natural":"tree","id":"node/2358955386"}},{"type":"Feature","id":"node/2358955389","geometry":{"type":"Point","coordinates":[2.3656174,48.8551037]},"properties":{"leaf_type":"broadleaved","natural":"tree","id":"node/2358955389"}},{"type":"Feature","id":"node/2358955394","geometry":{"type":"Point","coordinates":[2.3660957,48.8552581]},"properties":{"leaf_type":"broadleaved","natural":"tree","id":"node/2358955394"}},{"type":"Feature","id":"node/2358955397","geometry":{"type":"Point","coordinates":[2.365534,48.8554668]},"properties":{"leaf_type":"broadleaved","natural":"tree","id":"node/2358955397"}},{"type":"Feature","id":"node/2358955401","geometry":{"type":"Point","coordinates":[2.3662116,48.8553733]},"properties":{"leaf_type":"broadleaved","natural":"tree","id":"node/2358955401"}},{"type":"Feature","id":"node/2358955404","geometry":{"type":"Point","coordinates":[2.3649099,48.8552256]},"properties":{"leaf_type":"broadleaved","natural":"tree","id":"node/2358955404"}},{"type":"Feature","id":"node/2358955408","geometry":{"type":"Point","coordinates":[2.3661429,48.8553842]},"properties":{"leaf_type":"broadleaved","natural":"tree","id":"node/2358955408"}},{"type":"Feature","id":"node/2358955411","geometry":{"type":"Point","coordinates":[2.3662296,48.8554192]},"properties":{"leaf_type":"broadleaved","natural":"tree","id":"node/2358955411"}},{"type":"Feature","id":"node/2358955415","geometry":{"type":"Point","coordinates":[2.3659134,48.855149]},"properties":{"leaf_type":"broadleaved","natural":"tree","id":"node/2358955415"}},{"type":"Feature","id":"node/2358955418","geometry":{"type":"Point","coordinates":[2.3647222,48.8552577]},"properties":{"leaf_type":"broadleaved","natural":"tree","id":"node/2358955418"}},{"type":"Feature","id":"node/2358955421","geometry":{"type":"Point","coordinates":[2.3658757,48.8550586]},"properties":{"leaf_type":"broadleaved","natural":"tree","id":"node/2358955421"}},{"type":"Feature","id":"node/2358955424","geometry":{"type":"Point","coordinates":[2.3651939,48.8552225]},"properties":{"leaf_type":"broadleaved","natural":"tree","id":"node/2358955424"}},{"type":"Feature","id":"node/2358955428","geometry":{"type":"Point","coordinates":[2.3649158,48.8555919]},"properties":{"leaf_type":"broadleaved","natural":"tree","id":"node/2358955428"}},{"type":"Feature","id":"node/2358955431","geometry":{"type":"Point","coordinates":[2.3647837,48.8552472]},"properties":{"leaf_type":"broadleaved","natural":"tree","id":"node/2358955431"}},{"type":"Feature","id":"node/2358955434","geometry":{"type":"Point","coordinates":[2.3649332,48.8556371]},"properties":{"leaf_type":"broadleaved","natural":"tree","id":"node/2358955434"}},{"type":"Feature","id":"node/2358955438","geometry":{"type":"Point","coordinates":[2.3651762,48.85518]},"properties":{"leaf_type":"broadleaved","natural":"tree","id":"node/2358955438"}},{"type":"Feature","id":"node/2358955441","geometry":{"type":"Point","coordinates":[2.3658953,48.8551055]},"properties":{"leaf_type":"broadleaved","natural":"tree","id":"node/2358955441"}},{"type":"Feature","id":"node/2358959661","geometry":{"type":"Point","coordinates":[2.3662424,48.8556442]},"properties":{"leaf_type":"broadleaved","natural":"tree","id":"node/2358959661"}},{"type":"Feature","id":"node/2358959662","geometry":{"type":"Point","coordinates":[2.3660895,48.8559877]},"properties":{"leaf_type":"broadleaved","natural":"tree","id":"node/2358959662"}},{"type":"Feature","id":"node/2358959664","geometry":{"type":"Point","coordinates":[2.3663519,48.8557588]},"properties":{"leaf_type":"broadleaved","natural":"tree","id":"node/2358959664"}},{"type":"Feature","id":"node/2358959666","geometry":{"type":"Point","coordinates":[2.3659752,48.8560536]},"properties":{"leaf_type":"broadleaved","natural":"tree","id":"node/2358959666"}},{"type":"Feature","id":"node/2358959668","geometry":{"type":"Point","coordinates":[2.3663688,48.8558057]},"properties":{"leaf_type":"broadleaved","natural":"tree","id":"node/2358959668"}},{"type":"Feature","id":"node/2358959675","geometry":{"type":"Point","coordinates":[2.3664155,48.8559348]},"properties":{"leaf_type":"broadleaved","natural":"tree","id":"node/2358959675"}},{"type":"Feature","id":"node/2358959677","geometry":{"type":"Point","coordinates":[2.3663568,48.8559452]},"properties":{"leaf_type":"broadleaved","natural":"tree","id":"node/2358959677"}},{"type":"Feature","id":"node/2358959678","geometry":{"type":"Point","coordinates":[2.3663071,48.8559968]},"properties":{"leaf_type":"broadleaved","natural":"tree","id":"node/2358959678"}},{"type":"Feature","id":"node/2358959680","geometry":{"type":"Point","coordinates":[2.3663852,48.8558509]},"properties":{"leaf_type":"broadleaved","natural":"tree","id":"node/2358959680"}},{"type":"Feature","id":"node/2358959684","geometry":{"type":"Point","coordinates":[2.3663241,48.8558593]},"properties":{"leaf_type":"broadleaved","natural":"tree","id":"node/2358959684"}},{"type":"Feature","id":"node/2358959687","geometry":{"type":"Point","coordinates":[2.3661548,48.8559788]},"properties":{"leaf_type":"broadleaved","natural":"tree","id":"node/2358959687"}},{"type":"Feature","id":"node/2358959689","geometry":{"type":"Point","coordinates":[2.3662189,48.8559653]},"properties":{"leaf_type":"broadleaved","natural":"tree","id":"node/2358959689"}},{"type":"Feature","id":"node/2358959692","geometry":{"type":"Point","coordinates":[2.3662237,48.8557807]},"properties":{"leaf_type":"broadleaved","natural":"tree","id":"node/2358959692"}},{"type":"Feature","id":"node/2358959694","geometry":{"type":"Point","coordinates":[2.3663074,48.8558153]},"properties":{"leaf_type":"broadleaved","natural":"tree","id":"node/2358959694"}},{"type":"Feature","id":"node/2358959696","geometry":{"type":"Point","coordinates":[2.3662741,48.8559112]},"properties":{"leaf_type":"broadleaved","natural":"tree","id":"node/2358959696"}},{"type":"Feature","id":"node/2358959698","geometry":{"type":"Point","coordinates":[2.366274,48.8557276]},"properties":{"leaf_type":"broadleaved","natural":"tree","id":"node/2358959698"}},{"type":"Feature","id":"node/2358959700","geometry":{"type":"Point","coordinates":[2.3663067,48.855634]},"properties":{"leaf_type":"broadleaved","natural":"tree","id":"node/2358959700"}},{"type":"Feature","id":"node/2358959702","geometry":{"type":"Point","coordinates":[2.3660742,48.855943]},"properties":{"leaf_type":"broadleaved","natural":"tree","id":"node/2358959702"}},{"type":"Feature","id":"node/2358959704","geometry":{"type":"Point","coordinates":[2.3662578,48.8556848]},"properties":{"leaf_type":"broadleaved","natural":"tree","id":"node/2358959704"}},{"type":"Feature","id":"node/2358959706","geometry":{"type":"Point","coordinates":[2.3662068,48.855737]},"properties":{"leaf_type":"broadleaved","natural":"tree","id":"node/2358959706"}},{"type":"Feature","id":"node/2358959708","geometry":{"type":"Point","coordinates":[2.3662907,48.8555897]},"properties":{"leaf_type":"broadleaved","natural":"tree","id":"node/2358959708"}},{"type":"Feature","id":"node/2358959710","geometry":{"type":"Point","coordinates":[2.3661385,48.8559341]},"properties":{"leaf_type":"broadleaved","natural":"tree","id":"node/2358959710"}},{"type":"Feature","id":"node/2358959711","geometry":{"type":"Point","coordinates":[2.3664008,48.8558942]},"properties":{"leaf_type":"broadleaved","natural":"tree","id":"node/2358959711"}},{"type":"Feature","id":"node/2358959713","geometry":{"type":"Point","coordinates":[2.3663719,48.8559851]},"properties":{"leaf_type":"broadleaved","natural":"tree","id":"node/2358959713"}},{"type":"Feature","id":"node/2358959715","geometry":{"type":"Point","coordinates":[2.3663404,48.8559022]},"properties":{"leaf_type":"broadleaved","natural":"tree","id":"node/2358959715"}},{"type":"Feature","id":"node/2358959717","geometry":{"type":"Point","coordinates":[2.3662257,48.8555992]},"properties":{"leaf_type":"broadleaved","natural":"tree","id":"node/2358959717"}},{"type":"Feature","id":"node/2358959719","geometry":{"type":"Point","coordinates":[2.3661097,48.8560314]},"properties":{"leaf_type":"broadleaved","natural":"tree","id":"node/2358959719"}},{"type":"Feature","id":"node/2358959721","geometry":{"type":"Point","coordinates":[2.366175,48.8560208]},"properties":{"leaf_type":"broadleaved","natural":"tree","id":"node/2358959721"}},{"type":"Feature","id":"node/2358959723","geometry":{"type":"Point","coordinates":[2.3658958,48.8560178]},"properties":{"leaf_type":"broadleaved","natural":"tree","id":"node/2358959723"}},{"type":"Feature","id":"node/2358959725","geometry":{"type":"Point","coordinates":[2.3661576,48.8556091]},"properties":{"leaf_type":"broadleaved","natural":"tree","id":"node/2358959725"}},{"type":"Feature","id":"node/2358959728","geometry":{"type":"Point","coordinates":[2.365875,48.8559757]},"properties":{"leaf_type":"broadleaved","natural":"tree","id":"node/2358959728"}},{"type":"Feature","id":"node/2358959730","geometry":{"type":"Point","coordinates":[2.3660047,48.855955]},"properties":{"leaf_type":"broadleaved","natural":"tree","id":"node/2358959730"}},{"type":"Feature","id":"node/2358959732","geometry":{"type":"Point","coordinates":[2.3659096,48.8560618]},"properties":{"leaf_type":"broadleaved","natural":"tree","id":"node/2358959732"}},{"type":"Feature","id":"node/2358959734","geometry":{"type":"Point","coordinates":[2.3663373,48.8557187]},"properties":{"leaf_type":"broadleaved","natural":"tree","id":"node/2358959734"}},{"type":"Feature","id":"node/2358959737","geometry":{"type":"Point","coordinates":[2.3659425,48.8559628]},"properties":{"leaf_type":"broadleaved","natural":"tree","id":"node/2358959737"}},{"type":"Feature","id":"node/2358959739","geometry":{"type":"Point","coordinates":[2.3663218,48.8556756]},"properties":{"leaf_type":"broadleaved","natural":"tree","id":"node/2358959739"}},{"type":"Feature","id":"node/2358959741","geometry":{"type":"Point","coordinates":[2.3662059,48.8559235]},"properties":{"leaf_type":"broadleaved","natural":"tree","id":"node/2358959741"}},{"type":"Feature","id":"node/2358959743","geometry":{"type":"Point","coordinates":[2.3662899,48.8557694]},"properties":{"leaf_type":"broadleaved","natural":"tree","id":"node/2358959743"}},{"type":"Feature","id":"node/2358959745","geometry":{"type":"Point","coordinates":[2.3662576,48.8558686]},"properties":{"leaf_type":"broadleaved","natural":"tree","id":"node/2358959745"}},{"type":"Feature","id":"node/2358959747","geometry":{"type":"Point","coordinates":[2.3660254,48.8559978]},"properties":{"leaf_type":"broadleaved","natural":"tree","id":"node/2358959747"}},{"type":"Feature","id":"node/2358959749","geometry":{"type":"Point","coordinates":[2.366241,48.8558257]},"properties":{"leaf_type":"broadleaved","natural":"tree","id":"node/2358959749"}},{"type":"Feature","id":"node/2358959751","geometry":{"type":"Point","coordinates":[2.3661905,48.8556946]},"properties":{"leaf_type":"broadleaved","natural":"tree","id":"node/2358959751"}},{"type":"Feature","id":"node/2358959753","geometry":{"type":"Point","coordinates":[2.3660406,48.8560415]},"properties":{"leaf_type":"broadleaved","natural":"tree","id":"node/2358959753"}},{"type":"Feature","id":"node/2358959755","geometry":{"type":"Point","coordinates":[2.3661752,48.8556549]},"properties":{"leaf_type":"broadleaved","natural":"tree","id":"node/2358959755"}},{"type":"Feature","id":"node/2364620953","geometry":{"type":"Point","coordinates":[2.3640018,48.8575817]},"properties":{"natural":"tree","id":"node/2364620953"}},{"type":"Feature","id":"node/2364620956","geometry":{"type":"Point","coordinates":[2.364152,48.8575358]},"properties":{"natural":"tree","id":"node/2364620956"}},{"type":"Feature","id":"node/2364620957","geometry":{"type":"Point","coordinates":[2.3639857,48.8576487]},"properties":{"natural":"tree","id":"node/2364620957"}},{"type":"Feature","id":"node/2364620958","geometry":{"type":"Point","coordinates":[2.3638597,48.8576453]},"properties":{"natural":"tree","id":"node/2364620958"}},{"type":"Feature","id":"node/2364620959","geometry":{"type":"Point","coordinates":[2.3638857,48.8576088]},"properties":{"natural":"tree","id":"node/2364620959"}},{"type":"Feature","id":"node/2364620960","geometry":{"type":"Point","coordinates":[2.3640715,48.8575676]},"properties":{"natural":"tree","id":"node/2364620960"}},{"type":"Feature","id":"node/2364620961","geometry":{"type":"Point","coordinates":[2.3639133,48.8576912]},"properties":{"natural":"tree","id":"node/2364620961"}},{"type":"Feature","id":"node/6873910751","geometry":{"type":"Point","coordinates":[2.3624635,48.8542506]},"properties":{"leaf_type":"broadleaved","natural":"tree","id":"node/6873910751"}},{"type":"Feature","id":"node/8267483914","geometry":{"type":"Point","coordinates":[2.3671568,48.8533598]},"properties":{"leaf_type":"broadleaved","natural":"tree","species":"Platanus × hispanica","id":"node/8267483914"}},{"type":"Feature","id":"node/8267483915","geometry":{"type":"Point","coordinates":[2.3675076,48.853315]},"properties":{"leaf_type":"broadleaved","natural":"tree","id":"node/8267483915"}},{"type":"Feature","id":"node/8267483916","geometry":{"type":"Point","coordinates":[2.3672899,48.8533479]},"properties":{"leaf_type":"broadleaved","natural":"tree","species":"Platanus × hispanica","id":"node/8267483916"}},{"type":"Feature","id":"node/8267492617","geometry":{"type":"Point","coordinates":[2.3673994,48.8533322]},"properties":{"leaf_type":"broadleaved","natural":"tree","species":"Platanus × hispanica","id":"node/8267492617"}},{"type":"Feature","id":"node/8281395213","geometry":{"type":"Point","coordinates":[2.3634278,48.8538365]},"properties":{"natural":"tree","id":"node/8281395213"}},{"type":"Feature","id":"node/8281395214","geometry":{"type":"Point","coordinates":[2.3634498,48.8539154]},"properties":{"natural":"tree","id":"node/8281395214"}},{"type":"Feature","id":"node/8281395215","geometry":{"type":"Point","coordinates":[2.3635136,48.8539828]},"properties":{"natural":"tree","id":"node/8281395215"}},{"type":"Feature","id":"node/8281395216","geometry":{"type":"Point","coordinates":[2.3635653,48.8540343]},"properties":{"natural":"tree","id":"node/8281395216"}},{"type":"Feature","id":"node/8281409217","geometry":{"type":"Point","coordinates":[2.3636129,48.8540884]},"properties":{"natural":"tree","id":"node/8281409217"}},{"type":"Feature","id":"node/8281409218","geometry":{"type":"Point","coordinates":[2.3636782,48.8541495]},"properties":{"natural":"tree","id":"node/8281409218"}},{"type":"Feature","id":"node/8281409219","geometry":{"type":"Point","coordinates":[2.3635879,48.8541852]},"properties":{"natural":"tree","id":"node/8281409219"}},{"type":"Feature","id":"node/8281409220","geometry":{"type":"Point","coordinates":[2.3635271,48.8541251]},"properties":{"natural":"tree","id":"node/8281409220"}},{"type":"Feature","id":"node/8281409221","geometry":{"type":"Point","coordinates":[2.3634739,48.8540729]},"properties":{"natural":"tree","id":"node/8281409221"}},{"type":"Feature","id":"node/8281409222","geometry":{"type":"Point","coordinates":[2.3634237,48.8540158]},"properties":{"natural":"tree","id":"node/8281409222"}},{"type":"Feature","id":"node/8281409223","geometry":{"type":"Point","coordinates":[2.363365,48.8539517]},"properties":{"natural":"tree","id":"node/8281409223"}},{"type":"Feature","id":"node/8281409224","geometry":{"type":"Point","coordinates":[2.3633088,48.8538966]},"properties":{"natural":"tree","id":"node/8281409224"}},{"type":"Feature","id":"node/8281409225","geometry":{"type":"Point","coordinates":[2.3640892,48.8534627]},"properties":{"natural":"tree","id":"node/8281409225"}},{"type":"Feature","id":"node/8281409226","geometry":{"type":"Point","coordinates":[2.3640119,48.8534967]},"properties":{"natural":"tree","id":"node/8281409226"}},{"type":"Feature","id":"node/8281409227","geometry":{"type":"Point","coordinates":[2.3639251,48.853534]},"properties":{"natural":"tree","id":"node/8281409227"}},{"type":"Feature","id":"node/8281409228","geometry":{"type":"Point","coordinates":[2.3638433,48.853571]},"properties":{"natural":"tree","id":"node/8281409228"}},{"type":"Feature","id":"node/8281409229","geometry":{"type":"Point","coordinates":[2.3637645,48.8536017]},"properties":{"natural":"tree","id":"node/8281409229"}},{"type":"Feature","id":"node/8281409230","geometry":{"type":"Point","coordinates":[2.3636717,48.8536539]},"properties":{"natural":"tree","id":"node/8281409230"}},{"type":"Feature","id":"node/8281409231","geometry":{"type":"Point","coordinates":[2.3635683,48.8536968]},"properties":{"natural":"tree","id":"node/8281409231"}},{"type":"Feature","id":"node/8281409232","geometry":{"type":"Point","coordinates":[2.3634679,48.8537384]},"properties":{"natural":"tree","id":"node/8281409232"}},{"type":"Feature","id":"node/8281409233","geometry":{"type":"Point","coordinates":[2.3633726,48.8537665]},"properties":{"natural":"tree","id":"node/8281409233"}},{"type":"Feature","id":"node/8281409234","geometry":{"type":"Point","coordinates":[2.3632777,48.8537965]},"properties":{"natural":"tree","id":"node/8281409234"}},{"type":"Feature","id":"node/8281409235","geometry":{"type":"Point","coordinates":[2.3631803,48.8538229]},"properties":{"natural":"tree","id":"node/8281409235"}},{"type":"Feature","id":"node/8780866159","geometry":{"type":"Point","coordinates":[2.3661187,48.8547355]},"properties":{"natural":"tree","id":"node/8780866159"}},{"type":"Feature","id":"node/8780866160","geometry":{"type":"Point","coordinates":[2.3661084,48.8546892]},"properties":{"natural":"tree","id":"node/8780866160"}},{"type":"Feature","id":"node/8780866161","geometry":{"type":"Point","coordinates":[2.3660999,48.8546515]},"properties":{"natural":"tree","id":"node/8780866161"}},{"type":"Feature","id":"node/8780866162","geometry":{"type":"Point","coordinates":[2.3660802,48.8546194]},"properties":{"natural":"tree","id":"node/8780866162"}},{"type":"Feature","id":"node/8780866163","geometry":{"type":"Point","coordinates":[2.3660652,48.8545626]},"properties":{"natural":"tree","id":"node/8780866163"}},{"type":"Feature","id":"node/8780866164","geometry":{"type":"Point","coordinates":[2.366145,48.8545428]},"properties":{"natural":"tree","id":"node/8780866164"}},{"type":"Feature","id":"node/8780866165","geometry":{"type":"Point","coordinates":[2.3661703,48.8546157]},"properties":{"natural":"tree","id":"node/8780866165"}},{"type":"Feature","id":"node/8780866166","geometry":{"type":"Point","coordinates":[2.3662032,48.8546694]},"properties":{"natural":"tree","id":"node/8780866166"}},{"type":"Feature","id":"node/8780866167","geometry":{"type":"Point","coordinates":[2.3662257,48.8547108]},"properties":{"natural":"tree","id":"node/8780866167"}},{"type":"Feature","id":"node/8780866168","geometry":{"type":"Point","coordinates":[2.3661844,48.8547318]},"properties":{"natural":"tree","id":"node/8780866168"}},{"type":"Feature","id":"node/8780866169","geometry":{"type":"Point","coordinates":[2.3664576,48.8547386]},"properties":{"natural":"tree","id":"node/8780866169"}},{"type":"Feature","id":"node/8780866170","geometry":{"type":"Point","coordinates":[2.3664314,48.8547071]},"properties":{"natural":"tree","id":"node/8780866170"}},{"type":"Feature","id":"node/8780866171","geometry":{"type":"Point","coordinates":[2.3664098,48.8546466]},"properties":{"natural":"tree","id":"node/8780866171"}},{"type":"Feature","id":"node/8780866172","geometry":{"type":"Point","coordinates":[2.3663694,48.8545768]},"properties":{"natural":"tree","id":"node/8780866172"}},{"type":"Feature","id":"node/8780866173","geometry":{"type":"Point","coordinates":[2.36636,48.8545317]},"properties":{"natural":"tree","id":"node/8780866173"}},{"type":"Feature","id":"node/8780866174","geometry":{"type":"Point","coordinates":[2.3663525,48.8544983]},"properties":{"natural":"tree","id":"node/8780866174"}},{"type":"Feature","id":"node/8780866175","geometry":{"type":"Point","coordinates":[2.3665703,48.8544588]},"properties":{"natural":"tree","id":"node/8780866175"}},{"type":"Feature","id":"node/8780866176","geometry":{"type":"Point","coordinates":[2.3666219,48.8545533]},"properties":{"natural":"tree","id":"node/8780866176"}},{"type":"Feature","id":"node/8780866177","geometry":{"type":"Point","coordinates":[2.3666426,48.8546126]},"properties":{"natural":"tree","id":"node/8780866177"}},{"type":"Feature","id":"node/8780866178","geometry":{"type":"Point","coordinates":[2.3666557,48.8546571]},"properties":{"natural":"tree","id":"node/8780866178"}},{"type":"Feature","id":"node/8780866179","geometry":{"type":"Point","coordinates":[2.3666661,48.8547028]},"properties":{"natural":"tree","id":"node/8780866179"}},{"type":"Feature","id":"node/8780866180","geometry":{"type":"Point","coordinates":[2.3665957,48.8547213]},"properties":{"natural":"tree","id":"node/8780866180"}},{"type":"Feature","id":"node/8780866181","geometry":{"type":"Point","coordinates":[2.3665177,48.85473]},"properties":{"natural":"tree","id":"node/8780866181"}},{"type":"Feature","id":"node/8780866182","geometry":{"type":"Point","coordinates":[2.3667374,48.8547961]},"properties":{"natural":"tree","id":"node/8780866182"}},{"type":"Feature","id":"node/8780866183","geometry":{"type":"Point","coordinates":[2.3670923,48.8547213]},"properties":{"natural":"tree","id":"node/8780866183"}},{"type":"Feature","id":"node/8780866184","geometry":{"type":"Point","coordinates":[2.3671317,48.8546738]},"properties":{"natural":"tree","id":"node/8780866184"}},{"type":"Feature","id":"node/8780866185","geometry":{"type":"Point","coordinates":[2.3671524,48.8547244]},"properties":{"natural":"tree","id":"node/8780866185"}},{"type":"Feature","id":"node/8780866186","geometry":{"type":"Point","coordinates":[2.3665769,48.8552013]},"properties":{"natural":"tree","id":"node/8780866186"}},{"type":"Feature","id":"node/8780866187","geometry":{"type":"Point","coordinates":[2.3666539,48.8551877]},"properties":{"natural":"tree","id":"node/8780866187"}},{"type":"Feature","id":"node/8780866188","geometry":{"type":"Point","coordinates":[2.366897,48.8551711]},"properties":{"natural":"tree","id":"node/8780866188"}},{"type":"Feature","id":"node/8780866189","geometry":{"type":"Point","coordinates":[2.3669881,48.8551389]},"properties":{"natural":"tree","id":"node/8780866189"}},{"type":"Feature","id":"node/8780866190","geometry":{"type":"Point","coordinates":[2.3670604,48.8550846]},"properties":{"natural":"tree","id":"node/8780866190"}},{"type":"Feature","id":"node/9146874018","geometry":{"type":"Point","coordinates":[2.3678642,48.853277]},"properties":{"natural":"tree","id":"node/9146874018"}},{"type":"Feature","id":"node/9146874117","geometry":{"type":"Point","coordinates":[2.3677348,48.8532941]},"properties":{"leaf_type":"broadleaved","natural":"tree","id":"node/9146874117"}},{"type":"Feature","id":"node/9146874217","geometry":{"type":"Point","coordinates":[2.3679737,48.853262]},"properties":{"leaf_type":"broadleaved","natural":"tree","id":"node/9146874217"}},{"type":"Feature","id":"node/9536557828","geometry":{"type":"Point","coordinates":[2.3627214,48.8553761]},"properties":{"natural":"tree","id":"node/9536557828"}},{"type":"Feature","id":"node/9536557839","geometry":{"type":"Point","coordinates":[2.3626795,48.8553125]},"properties":{"natural":"tree","id":"node/9536557839"}},{"type":"Feature","id":"node/10314657322","geometry":{"type":"Point","coordinates":[2.3617637,48.8558589]},"properties":{"leaf_type":"broadleaved","natural":"tree","id":"node/10314657322"}},{"type":"Feature","id":"node/10314657323","geometry":{"type":"Point","coordinates":[2.3618501,48.85583]},"properties":{"leaf_type":"broadleaved","natural":"tree","id":"node/10314657323"}},{"type":"Feature","id":"node/10314657324","geometry":{"type":"Point","coordinates":[2.3628554,48.8553234]},"properties":{"natural":"tree","id":"node/10314657324"}},{"type":"Feature","id":"node/10314657325","geometry":{"type":"Point","coordinates":[2.3627906,48.8554783]},"properties":{"natural":"tree","id":"node/10314657325"}},{"type":"Feature","id":"node/10314657326","geometry":{"type":"Point","coordinates":[2.3628747,48.8553522]},"properties":{"natural":"tree","id":"node/10314657326"}},{"type":"Feature","id":"node/10314657327","geometry":{"type":"Point","coordinates":[2.3629365,48.8554537]},"properties":{"natural":"tree","id":"node/10314657327"}},{"type":"Feature","id":"node/10314657331","geometry":{"type":"Point","coordinates":[2.3627578,48.8554186]},"properties":{"natural":"tree","id":"node/10314657331"}},{"type":"Feature","id":"node/10314657332","geometry":{"type":"Point","coordinates":[2.3627709,48.8554419]},"properties":{"natural":"tree","id":"node/10314657332"}},{"type":"Feature","id":"node/10314657333","geometry":{"type":"Point","coordinates":[2.3629176,48.8554126]},"properties":{"natural":"tree","id":"node/10314657333"}},{"type":"Feature","id":"node/10970594842","geometry":{"type":"Point","coordinates":[2.3670795,48.8566781]},"properties":{"natural":"tree","id":"node/10970594842"}},{"type":"Feature","id":"node/10970594843","geometry":{"type":"Point","coordinates":[2.3669758,48.856701]},"properties":{"natural":"tree","id":"node/10970594843"}},{"type":"Feature","id":"node/10970594844","geometry":{"type":"Point","coordinates":[2.3668712,48.8567266]},"properties":{"natural":"tree","id":"node/10970594844"}},{"type":"Feature","id":"node/10970594845","geometry":{"type":"Point","coordinates":[2.3667854,48.8567397]},"properties":{"natural":"tree","id":"node/10970594845"}},{"type":"Feature","id":"node/10970594846","geometry":{"type":"Point","coordinates":[2.3668423,48.8567836]},"properties":{"natural":"tree","id":"node/10970594846"}},{"type":"Feature","id":"node/10970594847","geometry":{"type":"Point","coordinates":[2.3670386,48.8566046]},"properties":{"natural":"tree","id":"node/10970594847"}},{"type":"Feature","id":"node/10970594848","geometry":{"type":"Point","coordinates":[2.367231,48.8564983]},"properties":{"natural":"tree","id":"node/10970594848"}},{"type":"Feature","id":"node/10970594849","geometry":{"type":"Point","coordinates":[2.3671423,48.8565318]},"properties":{"natural":"tree","id":"node/10970594849"}},{"type":"Feature","id":"node/10970594850","geometry":{"type":"Point","coordinates":[2.367228,48.8565607]},"properties":{"natural":"tree","id":"node/10970594850"}},{"type":"Feature","id":"node/10970594851","geometry":{"type":"Point","coordinates":[2.3671224,48.8565862]},"properties":{"natural":"tree","id":"node/10970594851"}},{"type":"Feature","id":"node/10970594852","geometry":{"type":"Point","coordinates":[2.3669469,48.8566203]},"properties":{"natural":"tree","id":"node/10970594852"}},{"type":"Feature","id":"node/10970820499","geometry":{"type":"Point","coordinates":[2.367124,48.8576743]},"properties":{"natural":"tree","id":"node/10970820499"}},{"type":"Feature","id":"node/10970820500","geometry":{"type":"Point","coordinates":[2.3670232,48.8576909]},"properties":{"natural":"tree","id":"node/10970820500"}},{"type":"Feature","id":"node/10970820501","geometry":{"type":"Point","coordinates":[2.3669301,48.8577064]},"properties":{"natural":"tree","id":"node/10970820501"}},{"type":"Feature","id":"node/10970820502","geometry":{"type":"Point","coordinates":[2.3668098,48.8577264]},"properties":{"natural":"tree","id":"node/10970820502"}},{"type":"Feature","id":"node/10970820503","geometry":{"type":"Point","coordinates":[2.3666791,48.8577472]},"properties":{"natural":"tree","id":"node/10970820503"}},{"type":"Feature","id":"node/10970846916","geometry":{"type":"Point","coordinates":[2.3666323,48.8575217]},"properties":{"leaf_type":"broadleaved","natural":"tree","species":"Alnus cordata","id":"node/10970846916"}},{"type":"Feature","id":"node/10970846917","geometry":{"type":"Point","coordinates":[2.3667212,48.8575004]},"properties":{"leaf_type":"broadleaved","natural":"tree","species":"Alnus cordata","id":"node/10970846917"}},{"type":"Feature","id":"node/10970846918","geometry":{"type":"Point","coordinates":[2.3668061,48.8574898]},"properties":{"leaf_type":"broadleaved","natural":"tree","species":"Alnus cordata","id":"node/10970846918"}},{"type":"Feature","id":"node/10970846919","geometry":{"type":"Point","coordinates":[2.3668789,48.8574738]},"properties":{"leaf_type":"broadleaved","natural":"tree","species":"Alnus cordata","id":"node/10970846919"}},{"type":"Feature","id":"node/10970846920","geometry":{"type":"Point","coordinates":[2.3668587,48.857418]},"properties":{"leaf_type":"broadleaved","natural":"tree","species":"Alnus cordata","id":"node/10970846920"}},{"type":"Feature","id":"node/10970846921","geometry":{"type":"Point","coordinates":[2.3667778,48.8574339]},"properties":{"leaf_type":"broadleaved","natural":"tree","species":"Alnus cordata","id":"node/10970846921"}},{"type":"Feature","id":"node/10970846922","geometry":{"type":"Point","coordinates":[2.3666969,48.8574512]},"properties":{"leaf_type":"broadleaved","natural":"tree","species":"Alnus cordata","id":"node/10970846922"}},{"type":"Feature","id":"node/10970846923","geometry":{"type":"Point","coordinates":[2.3666161,48.8574619]},"properties":{"leaf_type":"broadleaved","natural":"tree","species":"Alnus cordata","id":"node/10970846923"}},{"type":"Feature","id":"node/10970846924","geometry":{"type":"Point","coordinates":[2.3665979,48.8574127]},"properties":{"leaf_type":"broadleaved","natural":"tree","species":"Alnus cordata","id":"node/10970846924"}},{"type":"Feature","id":"node/10970846925","geometry":{"type":"Point","coordinates":[2.3665756,48.8573621]},"properties":{"leaf_type":"broadleaved","natural":"tree","species":"Alnus cordata","id":"node/10970846925"}},{"type":"Feature","id":"node/10970846926","geometry":{"type":"Point","coordinates":[2.3666646,48.8573475]},"properties":{"leaf_type":"broadleaved","natural":"tree","species":"Alnus cordata","id":"node/10970846926"}},{"type":"Feature","id":"node/10970846927","geometry":{"type":"Point","coordinates":[2.3666828,48.8574007]},"properties":{"leaf_type":"broadleaved","natural":"tree","species":"Alnus cordata","id":"node/10970846927"}},{"type":"Feature","id":"node/10970846928","geometry":{"type":"Point","coordinates":[2.3667535,48.8573861]},"properties":{"leaf_type":"broadleaved","natural":"tree","species":"Alnus cordata","id":"node/10970846928"}},{"type":"Feature","id":"node/10970846929","geometry":{"type":"Point","coordinates":[2.3668384,48.8573701]},"properties":{"leaf_type":"broadleaved","natural":"tree","species":"Alnus cordata","id":"node/10970846929"}},{"type":"Feature","id":"node/10970846930","geometry":{"type":"Point","coordinates":[2.3667434,48.8573329]},"properties":{"leaf_type":"broadleaved","natural":"tree","species":"Alnus cordata","id":"node/10970846930"}},{"type":"Feature","id":"node/10970846931","geometry":{"type":"Point","coordinates":[2.3668202,48.8573249]},"properties":{"leaf_type":"broadleaved","natural":"tree","species":"Alnus cordata","id":"node/10970846931"}},{"type":"Feature","id":"node/10970846932","geometry":{"type":"Point","coordinates":[2.3667029,48.8571829]},"properties":{"natural":"tree","id":"node/10970846932"}},{"type":"Feature","id":"node/11040097519","geometry":{"type":"Point","coordinates":[2.3680193,48.8529117]},"properties":{"leaf_type":"broadleaved","natural":"tree","species":"Platanus × hispanica","id":"node/11040097519"}},{"type":"Feature","id":"node/11112968980","geometry":{"type":"Point","coordinates":[2.3638523,48.8550232]},"properties":{"leaf_type":"broadleaved","natural":"tree","id":"node/11112968980"}},{"type":"Feature","id":"node/11200318058","geometry":{"type":"Point","coordinates":[2.3682691,48.8561915]},"properties":{"leaf_type":"broadleaved","natural":"tree","species":"Platanus × hispanica","id":"node/11200318058"}},{"type":"Feature","id":"node/11200318059","geometry":{"type":"Point","coordinates":[2.3682764,48.8561561]},"properties":{"leaf_type":"broadleaved","natural":"tree","species":"Platanus × hispanica","id":"node/11200318059"}},{"type":"Feature","id":"node/11200318060","geometry":{"type":"Point","coordinates":[2.3682899,48.8561033]},"properties":{"leaf_type":"broadleaved","natural":"tree","species":"Platanus × hispanica","id":"node/11200318060"}},{"type":"Feature","id":"node/11200318061","geometry":{"type":"Point","coordinates":[2.3682987,48.856073]},"properties":{"leaf_type":"broadleaved","natural":"tree","species":"Platanus × hispanica","id":"node/11200318061"}},{"type":"Feature","id":"node/11200318062","geometry":{"type":"Point","coordinates":[2.3683262,48.8559245]},"properties":{"leaf_type":"broadleaved","natural":"tree","species":"Platanus × hispanica","id":"node/11200318062"}},{"type":"Feature","id":"node/11200318063","geometry":{"type":"Point","coordinates":[2.3683094,48.8560132]},"properties":{"leaf_type":"broadleaved","natural":"tree","species":"Platanus × hispanica","id":"node/11200318063"}},{"type":"Feature","id":"node/11200318282","geometry":{"type":"Point","coordinates":[2.3665439,48.8565857]},"properties":{"leaf_type":"broadleaved","natural":"tree","id":"node/11200318282"}},{"type":"Feature","id":"node/11200318283","geometry":{"type":"Point","coordinates":[2.3667102,48.8564846]},"properties":{"leaf_type":"broadleaved","natural":"tree","id":"node/11200318283"}},{"type":"Feature","id":"node/11200318284","geometry":{"type":"Point","coordinates":[2.3667356,48.8562336]},"properties":{"leaf_type":"broadleaved","natural":"tree","id":"node/11200318284"}},{"type":"Feature","id":"node/11200318306","geometry":{"type":"Point","coordinates":[2.3662374,48.8560115]},"properties":{"leaf_type":"broadleaved","natural":"tree","id":"node/11200318306"}},{"type":"Feature","id":"node/11200318330","geometry":{"type":"Point","coordinates":[2.36603,48.8550828]},"properties":{"leaf_type":"broadleaved","natural":"tree","id":"node/11200318330"}},{"type":"Feature","id":"node/11200318331","geometry":{"type":"Point","coordinates":[2.3662916,48.8559567]},"properties":{"leaf_type":"broadleaved","natural":"tree","id":"node/11200318331"}},{"type":"Feature","id":"node/11200318332","geometry":{"type":"Point","coordinates":[2.3654871,48.855713]},"properties":{"leaf_type":"broadleaved","natural":"tree","id":"node/11200318332"}},{"type":"Feature","id":"node/11200318439","geometry":{"type":"Point","coordinates":[2.3632541,48.8558308]},"properties":{"leaf_type":"broadleaved","natural":"tree","id":"node/11200318439"}},{"type":"Feature","id":"node/11200318440","geometry":{"type":"Point","coordinates":[2.3629836,48.8558965]},"properties":{"leaf_type":"broadleaved","natural":"tree","id":"node/11200318440"}},{"type":"Feature","id":"node/11200318461","geometry":{"type":"Point","coordinates":[2.3621162,48.8567427]},"properties":{"leaf_type":"broadleaved","natural":"tree","id":"node/11200318461"}},{"type":"Feature","id":"node/11200318462","geometry":{"type":"Point","coordinates":[2.3621603,48.8567284]},"properties":{"leaf_type":"broadleaved","natural":"tree","id":"node/11200318462"}},{"type":"Feature","id":"node/11200318463","geometry":{"type":"Point","coordinates":[2.3621988,48.856716]},"properties":{"leaf_type":"broadleaved","natural":"tree","id":"node/11200318463"}},{"type":"Feature","id":"node/11200318464","geometry":{"type":"Point","coordinates":[2.3622597,48.8567321]},"properties":{"leaf_type":"broadleaved","natural":"tree","id":"node/11200318464"}},{"type":"Feature","id":"node/11200318465","geometry":{"type":"Point","coordinates":[2.3622768,48.8567566]},"properties":{"leaf_type":"broadleaved","natural":"tree","id":"node/11200318465"}},{"type":"Feature","id":"node/11200318466","geometry":{"type":"Point","coordinates":[2.362297,48.8567854]},"properties":{"leaf_type":"broadleaved","natural":"tree","id":"node/11200318466"}},{"type":"Feature","id":"node/11824595729","geometry":{"type":"Point","coordinates":[2.367086,48.8536175]},"properties":{"natural":"tree","id":"node/11824595729"}},{"type":"Feature","id":"node/11824595730","geometry":{"type":"Point","coordinates":[2.3672153,48.8536551]},"properties":{"natural":"tree","id":"node/11824595730"}},{"type":"Feature","id":"node/11824595731","geometry":{"type":"Point","coordinates":[2.3668884,48.8535597]},"properties":{"natural":"tree","id":"node/11824595731"}},{"type":"Feature","id":"node/11824595732","geometry":{"type":"Point","coordinates":[2.3669554,48.8535759]},"properties":{"natural":"tree","id":"node/11824595732"}},{"type":"Feature","id":"node/11824595733","geometry":{"type":"Point","coordinates":[2.3670237,48.8535967]},"properties":{"natural":"tree","id":"node/11824595733"}},{"type":"Feature","id":"node/11824595734","geometry":{"type":"Point","coordinates":[2.3671559,48.8536372]},"properties":{"natural":"tree","id":"node/11824595734"}},{"type":"Feature","id":"node/11827942719","geometry":{"type":"Point","coordinates":[2.368268,48.8530594]},"properties":{"leaf_type":"broadleaved","natural":"tree","species":"Platanus × hispanica","id":"node/11827942719"}},{"type":"Feature","id":"node/11827942721","geometry":{"type":"Point","coordinates":[2.3682874,48.8531314]},"properties":{"leaf_type":"broadleaved","natural":"tree","species":"Platanus × hispanica","id":"node/11827942721"}},{"type":"Feature","id":"node/11827942722","geometry":{"type":"Point","coordinates":[2.3681671,48.8533661]},"properties":{"leaf_type":"broadleaved","natural":"tree","id":"node/11827942722"}},{"type":"Feature","id":"node/11827942724","geometry":{"type":"Point","coordinates":[2.3679466,48.853391]},"properties":{"leaf_type":"broadleaved","natural":"tree","id":"node/11827942724"}},{"type":"Feature","id":"node/11827942725","geometry":{"type":"Point","coordinates":[2.3680223,48.8533833]},"properties":{"leaf_type":"broadleaved","natural":"tree","id":"node/11827942725"}},{"type":"Feature","id":"node/11827942726","geometry":{"type":"Point","coordinates":[2.3680992,48.8533742]},"properties":{"leaf_type":"broadleaved","natural":"tree","id":"node/11827942726"}},{"type":"Feature","id":"node/11828178202","geometry":{"type":"Point","coordinates":[2.3677947,48.853409]},"properties":{"leaf_type":"broadleaved","natural":"tree","id":"node/11828178202"}},{"type":"Feature","id":"node/11828178203","geometry":{"type":"Point","coordinates":[2.3678858,48.8533989]},"properties":{"leaf_type":"broadleaved","natural":"tree","id":"node/11828178203"}},{"type":"Feature","id":"node/11828178204","geometry":{"type":"Point","coordinates":[2.367729,48.8534175]},"properties":{"leaf_type":"broadleaved","natural":"tree","id":"node/11828178204"}},{"type":"Feature","id":"node/11828178205","geometry":{"type":"Point","coordinates":[2.3676516,48.8534291]},"properties":{"leaf_type":"broadleaved","natural":"tree","id":"node/11828178205"}},{"type":"Feature","id":"node/11828178206","geometry":{"type":"Point","coordinates":[2.3673472,48.8534783]},"properties":{"leaf_type":"broadleaved","natural":"tree","id":"node/11828178206"}},{"type":"Feature","id":"node/11828178207","geometry":{"type":"Point","coordinates":[2.3675148,48.8534514]},"properties":{"leaf_type":"broadleaved","natural":"tree","id":"node/11828178207"}},{"type":"Feature","id":"node/11828178208","geometry":{"type":"Point","coordinates":[2.3675855,48.8534425]},"properties":{"leaf_type":"broadleaved","natural":"tree","id":"node/11828178208"}},{"type":"Feature","id":"node/13202075390","geometry":{"type":"Point","coordinates":[2.3644502,48.8564824]},"properties":{"natural":"tree","id":"node/13202075390"}},{"type":"Feature","id":"node/13202075391","geometry":{"type":"Point","coordinates":[2.3643908,48.8564834]},"properties":{"natural":"tree","id":"node/13202075391"}},{"type":"Feature","id":"node/13202075392","geometry":{"type":"Point","coordinates":[2.3644359,48.856561]},"properties":{"natural":"tree","id":"node/13202075392"}},{"type":"Feature","id":"node/13593342446","geometry":{"type":"Point","coordinates":[2.3682171,48.8575338]},"properties":{"leaf_type":"broadleaved","natural":"tree","species":"Platanus × hispanica","id":"node/13593342446"}},{"type":"Feature","id":"node/13593342447","geometry":{"type":"Point","coordinates":[2.3682014,48.8576007]},"properties":{"leaf_type":"broadleaved","natural":"tree","species":"Platanus × hispanica","id":"node/13593342447"}},{"type":"Feature","id":"node/13593342450","geometry":{"type":"Point","coordinates":[2.3681777,48.857702]},"properties":{"leaf_type":"broadleaved","natural":"tree","species":"Platanus × hispanica","id":"node/13593342450"}},{"type":"Feature","id":"node/13593342452","geometry":{"type":"Point","coordinates":[2.3681521,48.8577722]},"properties":{"leaf_type":"broadleaved","natural":"tree","species":"Platanus × hispanica","id":"node/13593342452"}},{"type":"Feature","id":"node/13593342454","geometry":{"type":"Point","coordinates":[2.3681311,48.8578908]},"properties":{"leaf_type":"broadleaved","natural":"tree","id":"node/13593342454"}},{"type":"Feature","id":"node/13593342455","geometry":{"type":"Point","coordinates":[2.3681116,48.8579753]},"properties":{"leaf_type":"broadleaved","natural":"tree","species":"Zelkova serrata","id":"node/13593342455"}},{"type":"Feature","id":"node/13593360014","geometry":{"type":"Point","coordinates":[2.3683114,48.8570992]},"properties":{"leaf_type":"broadleaved","natural":"tree","species":"Platanus × hispanica","id":"node/13593360014"}},{"type":"Feature","id":"node/13593360015","geometry":{"type":"Point","coordinates":[2.368291,48.85718]},"properties":{"leaf_type":"broadleaved","natural":"tree","species":"Platanus × hispanica","id":"node/13593360015"}},{"type":"Feature","id":"node/13593360017","geometry":{"type":"Point","coordinates":[2.3682702,48.857295]},"properties":{"leaf_type":"broadleaved","natural":"tree","species":"Platanus × hispanica","id":"node/13593360017"}},{"type":"Feature","id":"node/13593360018","geometry":{"type":"Point","coordinates":[2.3682771,48.8572535]},"properties":{"leaf_type":"broadleaved","natural":"tree","species":"Platanus × hispanica","id":"node/13593360018"}},{"type":"Feature","id":"node/13596071505","geometry":{"type":"Point","coordinates":[2.3680884,48.8580747]},"properties":{"leaf_type":"broadleaved","natural":"tree","species":"Platanus × hispanica","id":"node/13596071505"}},{"type":"Feature","id":"node/13598045096","geometry":{"type":"Point","coordinates":[2.3683922,48.8556238]},"properties":{"leaf_type":"broadleaved","natural":"tree","species":"Zelkova serrata","id":"node/13598045096"}},{"type":"Feature","id":"node/13598094699","geometry":{"type":"Point","coordinates":[2.3682561,48.8562659]},"properties":{"leaf_type":"broadleaved","natural":"tree","species":"Platanus × hispanica","id":"node/13598094699"}},{"type":"Feature","id":"node/13598094700","geometry":{"type":"Point","coordinates":[2.3682453,48.8563188]},"properties":{"leaf_type":"broadleaved","natural":"tree","species":"Platanus × hispanica","id":"node/13598094700"}},{"type":"Feature","id":"node/13598095901","geometry":{"type":"Point","coordinates":[2.3681896,48.8565455]},"properties":{"leaf_type":"broadleaved","natural":"tree","species":"Platanus × hispanica","id":"node/13598095901"}},{"type":"Feature","id":"node/13598095902","geometry":{"type":"Point","coordinates":[2.3682073,48.856467]},"properties":{"leaf_type":"broadleaved","natural":"tree","species":"Platanus × hispanica","id":"node/13598095902"}},{"type":"Feature","id":"node/13598095903","geometry":{"type":"Point","coordinates":[2.3682344,48.8563602]},"properties":{"leaf_type":"broadleaved","natural":"tree","species":"Platanus × hispanica","id":"node/13598095903"}},{"type":"Feature","id":"node/13598095904","geometry":{"type":"Point","coordinates":[2.3680977,48.8568998]},"properties":{"leaf_type":"broadleaved","natural":"tree","species":"Platanus × hispanica","id":"node/13598095904"}},{"type":"Feature","id":"node/13598095905","geometry":{"type":"Point","coordinates":[2.3681174,48.8568131]},"properties":{"leaf_type":"broadleaved","natural":"tree","species":"Platanus × hispanica","id":"node/13598095905"}},{"type":"Feature","id":"node/13598095906","geometry":{"type":"Point","coordinates":[2.3681405,48.8567212]},"properties":{"leaf_type":"broadleaved","natural":"tree","species":"Zelkova serrata","id":"node/13598095906"}},{"type":"Feature","id":"node/13598095907","geometry":{"type":"Point","coordinates":[2.3681704,48.8565978]},"properties":{"leaf_type":"broadleaved","natural":"tree","species":"Platanus × hispanica","id":"node/13598095907"}},{"type":"Feature","id":"node/13598095909","geometry":{"type":"Point","coordinates":[2.3681524,48.8566844]},"properties":{"leaf_type":"broadleaved","natural":"tree","species":"Zelkova serrata","id":"node/13598095909"}},{"type":"Feature","id":"node/13598095911","geometry":{"type":"Point","coordinates":[2.3681602,48.8566428]},"properties":{"leaf_type":"broadleaved","natural":"tree","species":"Zelkova serrata","id":"node/13598095911"}},{"type":"Feature","id":"node/13598095913","geometry":{"type":"Point","coordinates":[2.3682209,48.856408]},"properties":{"leaf_type":"broadleaved","natural":"tree","species":"Platanus × hispanica","id":"node/13598095913"}},{"type":"Feature","id":"node/13598106725","geometry":{"type":"Point","coordinates":[2.367993,48.8573298]},"properties":{"leaf_type":"broadleaved","natural":"tree","species":"Platanus × hispanica","id":"node/13598106725"}},{"type":"Feature","id":"node/13598106726","geometry":{"type":"Point","coordinates":[2.3680177,48.8572316]},"properties":{"leaf_type":"broadleaved","natural":"tree","species":"Platanus × hispanica","id":"node/13598106726"}},{"type":"Feature","id":"node/13598106727","geometry":{"type":"Point","coordinates":[2.3680027,48.8572826]},"properties":{"leaf_type":"broadleaved","natural":"tree","species":"Platanus × hispanica","id":"node/13598106727"}},{"type":"Feature","id":"node/13598106729","geometry":{"type":"Point","coordinates":[2.3680446,48.8571298]},"properties":{"leaf_type":"broadleaved","natural":"tree","species":"Platanus × hispanica","id":"node/13598106729"}},{"type":"Feature","id":"node/13598106730","geometry":{"type":"Point","coordinates":[2.3680292,48.8571764]},"properties":{"leaf_type":"broadleaved","natural":"tree","species":"Platanus × hispanica","id":"node/13598106730"}},{"type":"Feature","id":"node/13598106732","geometry":{"type":"Point","coordinates":[2.368062,48.8570353]},"properties":{"leaf_type":"broadleaved","natural":"tree","species":"Platanus × hispanica","id":"node/13598106732"}},{"type":"Feature","id":"node/13598106733","geometry":{"type":"Point","coordinates":[2.3680506,48.8570806]},"properties":{"leaf_type":"broadleaved","natural":"tree","species":"Platanus × hispanica","id":"node/13598106733"}},{"type":"Feature","id":"node/13598106734","geometry":{"type":"Point","coordinates":[2.3680725,48.8569898]},"properties":{"leaf_type":"broadleaved","natural":"tree","species":"Zelkova serrata","id":"node/13598106734"}},{"type":"Feature","id":"node/13598459004","geometry":{"type":"Point","coordinates":[2.3679046,48.8577327]},"properties":{"leaf_type":"broadleaved","natural":"tree","species":"Platanus × hispanica","id":"node/13598459004"}},{"type":"Feature","id":"node/13598459005","geometry":{"type":"Point","coordinates":[2.3678803,48.8578193]},"properties":{"leaf_type":"broadleaved","natural":"tree","species":"Platanus × hispanica","id":"node/13598459005"}},{"type":"Feature","id":"node/13598459007","geometry":{"type":"Point","coordinates":[2.3678604,48.8579001]},"properties":{"leaf_type":"broadleaved","natural":"tree","species":"Zelkova serrata","id":"node/13598459007"}},{"type":"Feature","id":"node/13598459008","geometry":{"type":"Point","coordinates":[2.367847,48.8579577]},"properties":{"leaf_type":"broadleaved","natural":"tree","species":"Platanus × hispanica","id":"node/13598459008"}},{"type":"Feature","id":"node/13598459010","geometry":{"type":"Point","coordinates":[2.3678213,48.8580603]},"properties":{"leaf_type":"broadleaved","natural":"tree","species":"Platanus × hispanica","id":"node/13598459010"}},{"type":"Feature","id":"node/13598459011","geometry":{"type":"Point","coordinates":[2.3678337,48.8580084]},"properties":{"leaf_type":"broadleaved","natural":"tree","species":"Platanus × hispanica","id":"node/13598459011"}}]}